order_id,customer_id,order_status,order_purchase_timestamp,order_approved_at,order_delivered_carrier_date,order_delivered_customer_date,order_estimated_delivery_date,completeness,consistency,validity,accuracy,final_label, notes 
2e7a8482f6fb09756ca50c10d7bfc047,08c5351a6aca1c1589a38f244edeee9d,shipped,4/9/2016 21:15,7/10/2016 13:18,18/10/2016 13:14,,20/10/2016 0:00,1 ,0 ,0,1 ,0 , Too long approval time 
6eace5a496456d346454761a9fc00dd2,ba5642b730704dc0f74b7cf715b41ed5,delivered,13/8/2018 15:17,20/8/2018 9:21,14/8/2018 14:47,23/8/2018 11:03,10/9/2018 0:00, 1 ,0 ,0, 1 ,0 , Too long approval time 
920a775204d54696910a3056ff090942,81bebc06bc7bb674fa6353451be2a23b,delivered,30/5/2018 21:13,5/6/2018 3:50,5/6/2018 14:06,10/7/2018 16:51,23/7/2018 0:00, 1 ,1 ,0,0 ,0 , Too long approval time 
920a775204d54696910a3056ff090942,81bebc06bc7bb674fa6353451be2a23b,delivered,30/5/2018 21:13,5/6/2018 3:50,5/6/2018 14:06,10/7/2018 16:51,23/7/2018 0:00, 1 ,1 ,0,0 ,0 , Too long approval time 
60e973e2a18fd001d175e5bdd83a2e2f,b58fbf23126951dc9923dac0a51e0dbe,delivered,20/4/2018 17:07,24/4/2018 18:13,24/4/2018 18:18,27/4/2018 18:58,17/5/2018 0:00, 1 ,1 ,0, 1 ,1 ,
9a2b443dc8e6673e4fc330b3ea033569,20c93357daf05d1c3a092be59aea2c2b,delivered,13/4/2018 10:09,17/4/2018 5:50,17/4/2018 16:54,23/4/2018 23:22,8/5/2018 0:00, 1 ,1 ,0, 1 ,1 ,
bc14a141bbb47b18a33d0a1747cab119,80cd6471cc015cdc037bb17791e1ccc6,delivered,17/8/2018 9:51,21/8/2018 4:55,21/8/2018 15:54,24/8/2018 17:33,28/8/2018 0:00, 1 ,1 ,0,0 ,0 , Too long approval time 
bc14a141bbb47b18a33d0a1747cab119,80cd6471cc015cdc037bb17791e1ccc6,delivered,17/8/2018 9:51,21/8/2018 4:55,21/8/2018 15:54,24/8/2018 17:33,28/8/2018 0:00, 1 ,1 ,0,0 ,0 , Too long approval time 
bc14a141bbb47b18a33d0a1747cab119,80cd6471cc015cdc037bb17791e1ccc6,delivered,17/8/2018 9:51,21/8/2018 4:55,21/8/2018 15:54,24/8/2018 17:33,28/8/2018 0:00, 1 ,1 ,0,0 ,0 , Too long approval time 
bc14a141bbb47b18a33d0a1747cab119,80cd6471cc015cdc037bb17791e1ccc6,delivered,17/8/2018 9:51,21/8/2018 4:55,21/8/2018 15:54,24/8/2018 17:33,28/8/2018 0:00, 1 ,1 ,0,0 ,0 , Too long approval time 
bc14a141bbb47b18a33d0a1747cab119,80cd6471cc015cdc037bb17791e1ccc6,delivered,17/8/2018 9:51,21/8/2018 4:55,21/8/2018 15:54,24/8/2018 17:33,28/8/2018 0:00, 1 ,1 ,0,0 ,0 , Too long approval time 
bc14a141bbb47b18a33d0a1747cab119,80cd6471cc015cdc037bb17791e1ccc6,delivered,17/8/2018 9:51,21/8/2018 4:55,21/8/2018 15:54,24/8/2018 17:33,28/8/2018 0:00, 1 ,1 ,0,0 ,0 , Too long approval time 
1329f69c4d3811f5a7bc6be850089a0d,840b47362264dfde96bdc04f1d702d0c,delivered,27/7/2018 11:30,31/7/2018 4:31,31/7/2018 15:17,6/8/2018 16:32,29/8/2018 0:00, 1 ,1 ,0, 1 ,1 ,
430227c0d7f4c842813ccd5e0801e17d,2d5d432f3d019335618910f2def0fbb8,delivered,11/5/2018 13:30,15/5/2018 4:52,16/5/2018 14:29,23/5/2018 21:33,12/6/2018 0:00, 1 ,1 ,0, 1 ,1 ,
4d8f7c7261c4de9e113b8d390125fdcb,e5fbe24aa488ae15c28edef16efd1a4c,delivered,26/2/2017 14:14,2/3/2017 3:42,3/3/2017 17:00,9/3/2017 4:57,20/3/2017 0:00, 1 ,1 ,0, 1 ,1 ,
adf1d1f9f725c103056bae5f78d77513,e7aa8f71ce6a66684f90103ab313cfd1,delivered,13/10/2017 15:32,17/10/2017 3:56,19/10/2017 15:48,25/10/2017 21:04,31/10/2017 0:00, 1 ,1 ,0,0 ,0 , Too long approval time 
adf1d1f9f725c103056bae5f78d77513,e7aa8f71ce6a66684f90103ab313cfd1,delivered,13/10/2017 15:32,17/10/2017 3:56,19/10/2017 15:48,25/10/2017 21:04,31/10/2017 0:00, 1 ,1 ,0,0 ,0 , Too long approval time 
b0cefae8126a97c2348f53ba5aebd506,e1028380a416953a189b17d94ff1896e,delivered,24/11/2017 6:13,27/11/2017 11:35,27/11/2017 20:40,2/12/2017 12:03,19/12/2017 0:00, 1 ,1 ,0,0 ,0 , Too long approval time 
b0cefae8126a97c2348f53ba5aebd506,e1028380a416953a189b17d94ff1896e,delivered,24/11/2017 6:13,27/11/2017 11:35,27/11/2017 20:40,2/12/2017 12:03,19/12/2017 0:00, 1 ,1 ,0,0 ,0 , Too long approval time 
865e82f5110c9e32b37dc8909994c6da,6d3c3278aac44c028da7a4cade667b41,delivered,11/2/2018 12:01,14/2/2018 17:08,16/2/2018 21:13,26/2/2018 10:29,7/3/2018 0:00, 1 ,1 ,0, 1 ,1 ,
15565710182cd35455ee0abf4b701ea9,5e7bb90d4342e8086e9a9acc1360a1e0,delivered,17/2/2018 8:27,20/2/2018 7:27,23/2/2018 23:14,2/3/2018 23:29,16/3/2018 0:00, 1 ,1 ,0, 1 ,1 ,
e2ae0065226927a2f9a53f2f05b12c72,17e8bd2e948117e1412cada1efec067a,delivered,2/7/2018 20:31,5/7/2018 16:14,17/7/2018 10:28,24/7/2018 0:21,27/7/2018 0:00, 1 ,1 ,0,0 ,0 , Too long approval time 
e2ae0065226927a2f9a53f2f05b12c72,17e8bd2e948117e1412cada1efec067a,delivered,2/7/2018 20:31,5/7/2018 16:14,17/7/2018 10:28,24/7/2018 0:21,27/7/2018 0:00, 1 ,1 ,0,0 ,0 , Too long approval time 
e2ae0065226927a2f9a53f2f05b12c72,17e8bd2e948117e1412cada1efec067a,delivered,2/7/2018 20:31,5/7/2018 16:14,17/7/2018 10:28,24/7/2018 0:21,27/7/2018 0:00, 1 ,1 ,0,0 ,0 , Too long approval time 
e2ae0065226927a2f9a53f2f05b12c72,17e8bd2e948117e1412cada1efec067a,delivered,2/7/2018 20:31,5/7/2018 16:14,17/7/2018 10:28,24/7/2018 0:21,27/7/2018 0:00, 1 ,1 ,0,0 ,0 , Too long approval time 
e2ae0065226927a2f9a53f2f05b12c72,17e8bd2e948117e1412cada1efec067a,delivered,2/7/2018 20:31,5/7/2018 16:14,17/7/2018 10:28,24/7/2018 0:21,27/7/2018 0:00, 1 ,1 ,0,0 ,0 , Too long approval time 
91de6d82a66a52cbc3286556438b4705,f1a09318e72e9fb52681f649ff77926c,delivered,16/3/2018 21:56,19/3/2018 17:15,20/3/2018 20:03,20/4/2018 18:58,12/4/2018 0:00, 1 ,0 ,0,0 ,0 , Too long approval time 
91de6d82a66a52cbc3286556438b4705,f1a09318e72e9fb52681f649ff77926c,delivered,16/3/2018 21:56,19/3/2018 17:15,20/3/2018 20:03,20/4/2018 18:58,12/4/2018 0:00, 1 ,0 ,0,0 ,0 , Too long approval time 
6bf198e21fd4b87c035d4e94da5d1f85,42e89706e18b5cd161f33ded3e9b379e,delivered,15/7/2017 10:40,18/7/2017 5:50,20/7/2017 19:13,2/8/2017 17:32,14/8/2017 0:00, 1 ,1 ,0, 1 ,1 ,
b8b632a58abdbcc69a744281a630ecd8,87109c0a75a724d931893a7a0ec90d06,delivered,5/5/2018 9:51,8/5/2018 3:52,8/5/2018 16:11,11/5/2018 20:44,23/5/2018 0:00, 1 ,1 ,0,0 ,0 , Too long approval time 
b8b632a58abdbcc69a744281a630ecd8,87109c0a75a724d931893a7a0ec90d06,delivered,5/5/2018 9:51,8/5/2018 3:52,8/5/2018 16:11,11/5/2018 20:44,23/5/2018 0:00, 1 ,1 ,0,0 ,0 , Too long approval time 
482e206fff82661add35d3aeab19fd93,22751df9d8e0530108d0997313791666,delivered,14/7/2018 15:26,17/7/2018 7:31,18/7/2018 15:16,23/7/2018 14:26,1/8/2018 0:00, 1 ,1 ,0,0 ,0 , Too long approval time 
482e206fff82661add35d3aeab19fd93,22751df9d8e0530108d0997313791666,delivered,14/7/2018 15:26,17/7/2018 7:31,18/7/2018 15:16,23/7/2018 14:26,1/8/2018 0:00, 1 ,1 ,0,0 ,0 , Too long approval time 
e3667abef962f425cb19e50231a2456f,b89b378dc7f617c4024bd5479571e099,delivered,17/2/2018 15:04,20/2/2018 7:06,20/2/2018 18:57,22/3/2018 23:51,15/3/2018 0:00, 1 ,0 ,0, 1 ,0 , Too long approval time 
bbb0e248cd5ad3480165a7ed356a9d1b,438fcfe9666d1e6d343db1a978811313,delivered,30/4/2018 12:06,3/5/2018 3:53,4/5/2018 11:24,5/5/2018 18:03,16/5/2018 0:00, 1 ,1 ,0, 1 ,1 ,
68fac48a2dd22ab289df2ce0a499dcab,2cd4fd79fa21cdab9cc8a7de105555ac,delivered,9/9/2017 19:36,12/9/2017 5:32,15/9/2017 18:35,26/9/2017 19:07,4/10/2017 0:00, 1 ,1 ,0,0 ,0 , Too long approval time 
68fac48a2dd22ab289df2ce0a499dcab,2cd4fd79fa21cdab9cc8a7de105555ac,delivered,9/9/2017 19:36,12/9/2017 5:32,15/9/2017 18:35,26/9/2017 19:07,4/10/2017 0:00, 1 ,1 ,0,0 ,0 , Too long approval time 
cab08f0417a702d0f4782ec02356a4ac,f4b4417d306cbf8c55ea65c89d0261f7,delivered,30/9/2017 18:54,3/10/2017 4:28,3/10/2017 18:54,30/10/2017 12:37,1/11/2017 0:00, 1 ,1 ,0, 1 ,1 ,
d43ec367e36ab5844465e6127f159862,aca5529c3c611cc45b4907b4046e4bd1,delivered,1/7/2017 20:25,4/7/2017 4:44,6/7/2017 6:23,14/7/2017 18:53,2/8/2017 0:00, 1 ,1 ,0, 1 ,1 ,
e548f19535ce3b22126e497bcc5d6e16,d564beb5fac0483631d916413f96e666,delivered,15/7/2017 22:45,18/7/2017 5:55,18/7/2017 20:46,21/7/2017 16:57,28/7/2017 0:00, 1 ,1 ,0, 1 ,1 ,
5fbb36c2e55d34d7799cb74e65d73a62,cba7df91cfb5b29a0e92be5fb93b5e55,delivered,3/7/2018 9:09,5/7/2018 16:04,4/7/2018 10:54,9/7/2018 17:12,20/7/2018 0:00, 1 ,0 ,0, 1 ,0 , Too long approval time 
05f24644b8019e68652b4216a5a5e956,f54d85c1e85a1f5d17c500a699b2ccc2,delivered,22/4/2018 12:44,24/4/2018 18:40,24/4/2018 23:04,30/4/2018 19:52,18/5/2018 0:00, 1 ,1 ,0, 1 ,1 ,
96ed1598c0605903e3a112a907f54700,25a3a47970e525f12550605082758b98,delivered,18/11/2017 22:11,21/11/2017 4:06,22/11/2017 16:57,30/11/2017 23:58,7/12/2017 0:00, 1 ,1 ,0,0 ,0 , Too long approval time 
96ed1598c0605903e3a112a907f54700,25a3a47970e525f12550605082758b98,delivered,18/11/2017 22:11,21/11/2017 4:06,22/11/2017 16:57,30/11/2017 23:58,7/12/2017 0:00, 1 ,1 ,0,0 ,0 , Too long approval time 
4bd03dd6a8e45ca2f88013cf71bd22f8,28010f664ab68f8a7a67b4d249f46291,delivered,13/1/2018 21:44,16/1/2018 3:34,16/1/2018 23:42,25/1/2018 16:12,15/2/2018 0:00, 1 ,1 ,0,0 ,0 , Too long approval time 
4bd03dd6a8e45ca2f88013cf71bd22f8,28010f664ab68f8a7a67b4d249f46291,delivered,13/1/2018 21:44,16/1/2018 3:34,16/1/2018 23:42,25/1/2018 16:12,15/2/2018 0:00, 1 ,1 ,0,0 ,0 , Too long approval time 
fd52bb09b1cce1fa4ecbb721e934727f,0c70d21dbd94ee2062ab588e53a9cfd9,delivered,3/7/2018 12:42,5/7/2018 16:32,5/7/2018 14:18,7/7/2018 17:32,23/7/2018 0:00, 1 ,0 ,0, 1 ,0 , Too long approval time 
0094bd07f49fed90209ffa62d1ef26d6,de0c1a4d8c367c58d66e61dfa379f4cf,delivered,1/5/2018 2:04,3/5/2018 4:12,10/5/2018 19:19,16/5/2018 21:12,14/5/2018 0:00, 1 ,0 ,0, 1 ,0 , Too long approval time 
f4501c0e013275ff49c4a0c3d16c50ee,377f47be1e40177751881844802d210e,delivered,23/3/2017 0:48,25/3/2017 2:11,8/4/2017 3:26,5/5/2017 17:05,27/4/2017 0:00, 1 ,0 ,0,0 ,0 , Too long approval time 
f4501c0e013275ff49c4a0c3d16c50ee,377f47be1e40177751881844802d210e,delivered,23/3/2017 0:48,25/3/2017 2:11,8/4/2017 3:26,5/5/2017 17:05,27/4/2017 0:00, 1 ,0 ,0,0 ,0 , Too long approval time 
f4501c0e013275ff49c4a0c3d16c50ee,377f47be1e40177751881844802d210e,delivered,23/3/2017 0:48,25/3/2017 2:11,8/4/2017 3:26,5/5/2017 17:05,27/4/2017 0:00, 1 ,0 ,0,0 ,0 , Too long approval time 
0651c427722f910d3a2238dca1975fcc,ba441b699aeb3bb9afd7ec9c732ec617,delivered,4/12/2017 22:28,6/12/2017 22:33,7/12/2017 18:39,14/12/2017 11:14,29/12/2017 0:00, 1 ,1 ,0, 1 ,1 ,
7fd8bee2cb90a93904966af3fa39ff3a,ef514bcda50ae5f53d2cf47b150a2b52,delivered,23/11/2017 19:17,25/11/2017 19:14,28/11/2017 14:29,1/12/2017 19:48,13/12/2017 0:00, 1 ,1 ,1, 1 ,1 ,
d2292ff2201e74c5db154d1b7ae68cbb,53a400fdb22676639e4cbf33197e2a6e,delivered,4/10/2016 16:05,6/10/2016 15:59,21/10/2016 14:23,3/11/2016 10:08,24/11/2016 0:00, 1 ,1 ,1,0 ,1 ,
d2292ff2201e74c5db154d1b7ae68cbb,53a400fdb22676639e4cbf33197e2a6e,delivered,4/10/2016 16:05,6/10/2016 15:59,21/10/2016 14:23,3/11/2016 10:08,24/11/2016 0:00, 1 ,1 ,1,0 ,1 ,
d2292ff2201e74c5db154d1b7ae68cbb,53a400fdb22676639e4cbf33197e2a6e,delivered,4/10/2016 16:05,6/10/2016 15:59,21/10/2016 14:23,3/11/2016 10:08,24/11/2016 0:00, 1 ,1 ,1,0 ,1 ,
108d1dab6908b5fcb9c922549a9c2265,e8fbd74f42c4e548ab08885971cceaff,delivered,4/12/2017 0:00,5/12/2017 21:58,13/12/2017 22:32,10/1/2018 18:10,4/1/2018 0:00, 1 ,0 ,1, 1 ,1 ,
13e22fa9743822ef30f7e3bdcfff69ee,5771758fad047028c6b772fe0adffced,delivered,22/7/2018 14:04,24/7/2018 11:31,25/7/2018 12:57,28/7/2018 16:39,31/7/2018 0:00, 1 ,1 ,1,0 ,1 ,
13e22fa9743822ef30f7e3bdcfff69ee,5771758fad047028c6b772fe0adffced,delivered,22/7/2018 14:04,24/7/2018 11:31,25/7/2018 12:57,28/7/2018 16:39,31/7/2018 0:00, 1 ,1 ,1,0 ,1 ,
986dfd5411cb5a65f3fe024bdb0d0745,0d0d6e3ef1bb0fc138cc892552ece941,shipped,3/7/2018 19:59,5/7/2018 16:05,4/7/2018 14:15,,20/8/2018 0:00,1 ,0 ,1,1 ,1 ,
abb76549f54fa02e04e1d3da5e8f3cce,84f8e654b54b0c3a65c2ff7f08ac14e1,delivered,7/11/2017 11:34,9/11/2017 4:31,9/11/2017 16:22,14/11/2017 23:03,6/12/2017 0:00, 1 ,1 ,1, 1 ,1 ,
9a7fc3b0802afc9b2b46c1e2f323a738,c3860745545e4c4f20c349a4dac765a5,delivered,19/7/2018 11:12,21/7/2018 3:30,24/7/2018 13:58,31/7/2018 18:22,16/8/2018 0:00, 1 ,1 ,1,0 ,1 ,
9a7fc3b0802afc9b2b46c1e2f323a738,c3860745545e4c4f20c349a4dac765a5,delivered,19/7/2018 11:12,21/7/2018 3:30,24/7/2018 13:58,31/7/2018 18:22,16/8/2018 0:00, 1 ,1 ,1,0 ,1 ,
e105d0f5799042c758b417e6dce2c3a5,c329c0883d4e70ebb322ddf77e68fecb,delivered,9/8/2017 12:30,11/8/2017 4:26,14/8/2017 21:12,25/8/2017 18:05,31/8/2017 0:00, 1 ,1 ,1,0 ,1 ,
e105d0f5799042c758b417e6dce2c3a5,c329c0883d4e70ebb322ddf77e68fecb,delivered,9/8/2017 12:30,11/8/2017 4:26,14/8/2017 21:12,25/8/2017 18:05,31/8/2017 0:00, 1 ,1 ,1,0 ,1 ,
1f1eea532cdd1978a4a9438a5373ebca,e192295a80bc140473d53f22afc589f4,delivered,17/6/2018 12:33,19/6/2018 4:16,20/6/2018 13:56,22/6/2018 16:18,3/7/2018 0:00, 1 ,1 ,1,0 ,1 ,
1f1eea532cdd1978a4a9438a5373ebca,e192295a80bc140473d53f22afc589f4,delivered,17/6/2018 12:33,19/6/2018 4:16,20/6/2018 13:56,22/6/2018 16:18,3/7/2018 0:00, 1 ,1 ,1,0 ,1 ,
589538510b70bdc85d8879920b71bcd0,15d87bc44fdf6834f3ce6ed170fbe473,delivered,23/4/2017 17:13,25/4/2017 8:15,27/4/2017 11:08,8/5/2017 9:23,18/5/2017 0:00, 1 ,1 ,1,0 ,1 ,
589538510b70bdc85d8879920b71bcd0,15d87bc44fdf6834f3ce6ed170fbe473,delivered,23/4/2017 17:13,25/4/2017 8:15,27/4/2017 11:08,8/5/2017 9:23,18/5/2017 0:00, 1 ,1 ,1,0 ,1 ,
8cbffbe81b61eeb7a472f618013b69f6,f35cbd980d07fb0425ade64df5ac1cff,delivered,5/11/2017 16:29,7/11/2017 7:30,9/11/2017 20:51,22/11/2017 13:16,1/12/2017 0:00, 1 ,1 ,1, 1 ,1 ,
1fc147ecded099d8acf876cfaf66f731,ec7234ad72696a39eb528dc1720a962f,delivered,18/6/2018 11:55,20/6/2018 2:37,4/7/2018 11:37,24/7/2018 21:48,7/8/2018 0:00, 1 ,1 ,1,0 ,1 ,
1fc147ecded099d8acf876cfaf66f731,ec7234ad72696a39eb528dc1720a962f,delivered,18/6/2018 11:55,20/6/2018 2:37,4/7/2018 11:37,24/7/2018 21:48,7/8/2018 0:00, 1 ,1 ,1,0 ,1 ,
2ff04f721a0ccf086506b4ba443d924a,4e2c2516338a95c5199f59106b5c79c3,delivered,12/8/2018 13:52,14/8/2018 4:24,14/8/2018 15:34,17/8/2018 22:20,24/8/2018 0:00, 1 ,1 ,1,0 ,1 ,
2ff04f721a0ccf086506b4ba443d924a,4e2c2516338a95c5199f59106b5c79c3,delivered,12/8/2018 13:52,14/8/2018 4:24,14/8/2018 15:34,17/8/2018 22:20,24/8/2018 0:00, 1 ,1 ,1,0 ,1 ,
80128feb8f15a7ebaa8371aa0a718604,35026c49c3db4516456765fc5df0bcff,delivered,14/2/2018 17:52,16/2/2018 7:55,16/2/2018 20:59,26/2/2018 18:22,7/3/2018 0:00, 1 ,1 ,1,0 ,1 ,
80128feb8f15a7ebaa8371aa0a718604,35026c49c3db4516456765fc5df0bcff,delivered,14/2/2018 17:52,16/2/2018 7:55,16/2/2018 20:59,26/2/2018 18:22,7/3/2018 0:00, 1 ,1 ,1,0 ,1 ,
32fdcc586467aa637465758e27c36f6c,f9db12713a1ee58b8ecbfef4943a95d6,delivered,13/8/2017 14:22,15/8/2017 3:50,16/8/2017 17:04,29/8/2017 18:05,11/9/2017 0:00, 1 ,1 ,1, 1 ,1 ,
0e0b2c3867ebecdb54f64e443e7f1921,8cb3cf719a82ef35da063198b29ae4a3,delivered,6/11/2017 14:37,8/11/2017 3:50,10/11/2017 20:28,23/11/2017 15:04,30/11/2017 0:00, 1 ,1 ,1,0 ,1 ,
0e0b2c3867ebecdb54f64e443e7f1921,8cb3cf719a82ef35da063198b29ae4a3,delivered,6/11/2017 14:37,8/11/2017 3:50,10/11/2017 20:28,23/11/2017 15:04,30/11/2017 0:00, 1 ,1 ,1,0 ,1 ,
06c9d7fdab61bfa60de3edd9ec99a28b,8445054b3aa0f68751e0f1ce5af349e8,delivered,3/4/2018 14:13,5/4/2018 2:27,6/4/2018 23:44,14/4/2018 0:26,27/4/2018 0:00, 1 ,1 ,1, 1 ,1 ,
fb35078c4e6b1e02054bbc697aea411f,1ad3986272341934a66dc1ba2f26c752,delivered,25/2/2018 17:01,27/2/2018 4:31,27/2/2018 21:13,16/3/2018 13:36,28/3/2018 0:00, 1 ,1 ,1,0 ,1 ,
fb35078c4e6b1e02054bbc697aea411f,1ad3986272341934a66dc1ba2f26c752,delivered,25/2/2018 17:01,27/2/2018 4:31,27/2/2018 21:13,16/3/2018 13:36,28/3/2018 0:00, 1 ,1 ,1,0 ,1 ,
b76e1e63723d846f3382683973908122,39d556e9b4d5082c7dce489e24aa7163,delivered,18/7/2018 18:25,20/7/2018 5:05,20/7/2018 15:02,25/7/2018 16:52,3/8/2018 0:00, 1 ,1 ,1,0 ,1 ,
b76e1e63723d846f3382683973908122,39d556e9b4d5082c7dce489e24aa7163,delivered,18/7/2018 18:25,20/7/2018 5:05,20/7/2018 15:02,25/7/2018 16:52,3/8/2018 0:00, 1 ,1 ,1,0 ,1 ,
029de66f2ffa0e793ca2aad5e304a748,af36102025fd8041e660558de504dade,delivered,4/3/2018 17:04,6/3/2018 3:35,8/3/2018 21:16,20/3/2018 11:56,27/3/2018 0:00, 1 ,1 ,1, 1 ,1 ,
24b438f705e768756df250d282036292,d1c425b2df58e8d9c491e705299eb8f6,delivered,23/4/2018 8:41,24/4/2018 19:08,30/4/2018 13:52,14/5/2018 21:34,21/5/2018 0:00, 1 ,1 ,1,0 ,1 ,
24b438f705e768756df250d282036292,d1c425b2df58e8d9c491e705299eb8f6,delivered,23/4/2018 8:41,24/4/2018 19:08,30/4/2018 13:52,14/5/2018 21:34,21/5/2018 0:00, 1 ,1 ,1,0 ,1 ,
2b9fcc0b86e42aaa05818596c7d9299a,95ac0014a9d1cd441615173651fa0a1d,delivered,16/11/2017 17:00,18/11/2017 2:49,21/11/2017 22:35,1/12/2017 21:29,18/12/2017 0:00, 1 ,1 ,1,0 ,1 ,
2b9fcc0b86e42aaa05818596c7d9299a,95ac0014a9d1cd441615173651fa0a1d,delivered,16/11/2017 17:00,18/11/2017 2:49,21/11/2017 22:35,1/12/2017 21:29,18/12/2017 0:00, 1 ,1 ,1,0 ,1 ,
2b9fcc0b86e42aaa05818596c7d9299a,95ac0014a9d1cd441615173651fa0a1d,delivered,16/11/2017 17:00,18/11/2017 2:49,21/11/2017 22:35,1/12/2017 21:29,18/12/2017 0:00, 1 ,1 ,1,0 ,1 ,
23c9d37f66d443b16767321d11d70821,c0c87406b399231a6da7f06fa1a14c8d,delivered,16/1/2018 16:45,18/1/2018 2:12,20/1/2018 0:14,29/1/2018 21:08,6/2/2018 0:00, 1 ,1 ,1,0 ,1 ,
23c9d37f66d443b16767321d11d70821,c0c87406b399231a6da7f06fa1a14c8d,delivered,16/1/2018 16:45,18/1/2018 2:12,20/1/2018 0:14,29/1/2018 21:08,6/2/2018 0:00, 1 ,1 ,1,0 ,1 ,
24dbd92c00bc26dd90a7bbd90f070517,16c196b91e10e2022aadf70716c6049b,delivered,14/9/2017 17:36,16/9/2017 2:50,19/9/2017 20:20,13/10/2017 21:17,11/10/2017 0:00, 1 ,0 ,1,0 ,0 , Duplicate order id 
24dbd92c00bc26dd90a7bbd90f070517,16c196b91e10e2022aadf70716c6049b,delivered,14/9/2017 17:36,16/9/2017 2:50,19/9/2017 20:20,13/10/2017 21:17,11/10/2017 0:00, 1 ,0 ,1,0 ,0 , Duplicate order id 
4e5a9a16a51f946e82d4922064b9bd96,2e552907be728e91fb7033c374a4facc,delivered,29/3/2018 14:03,30/3/2018 23:07,2/4/2018 22:38,11/4/2018 19:42,18/4/2018 0:00, 1 ,1 ,1, 1 ,1 ,
e7d942c97ee9fd9ff765a96b3f34c48a,444a1621608ff176511eeb4776a7fb9d,delivered,2/7/2017 19:40,4/7/2017 4:45,5/7/2017 15:16,18/7/2017 12:18,21/7/2017 0:00, 1 ,1 ,1, 1 ,1 ,
95a7461400781a93765157b8f5fa2b6a,3887ca56ecb04770a526eeb6898db6b9,delivered,22/2/2017 17:50,24/2/2017 2:42,24/2/2017 15:27,9/3/2017 5:26,27/3/2017 0:00, 1 ,1 ,1, 1 ,1 ,
709e7bb6791d4380ca6db3451e9e6a68,dc1de95ecee234f733b2ea358c00cc01,delivered,27/8/2017 19:48,29/8/2017 4:25,29/8/2017 20:17,31/8/2017 22:37,15/9/2017 0:00, 1 ,1 ,1,0 ,1 ,
709e7bb6791d4380ca6db3451e9e6a68,dc1de95ecee234f733b2ea358c00cc01,delivered,27/8/2017 19:48,29/8/2017 4:25,29/8/2017 20:17,31/8/2017 22:37,15/9/2017 0:00, 1 ,1 ,1,0 ,1 ,
709e7bb6791d4380ca6db3451e9e6a68,dc1de95ecee234f733b2ea358c00cc01,delivered,27/8/2017 19:48,29/8/2017 4:25,29/8/2017 20:17,31/8/2017 22:37,15/9/2017 0:00, 1 ,1 ,1,0 ,1 ,
d82ef777bb562af6d9a927bd6f3e7357,a0ed1a42e302ac466ddda7c0496b928a,delivered,10/9/2017 20:14,12/9/2017 4:45,15/9/2017 19:02,21/9/2017 22:12,28/9/2017 0:00, 1 ,1 ,1,0 ,1 ,
d82ef777bb562af6d9a927bd6f3e7357,a0ed1a42e302ac466ddda7c0496b928a,delivered,10/9/2017 20:14,12/9/2017 4:45,15/9/2017 19:02,21/9/2017 22:12,28/9/2017 0:00, 1 ,1 ,1,0 ,1 ,
d864a779606f422a7afe050dd25d7209,9b2cf59573a725de29e6527c1e123a4b,delivered,27/6/2017 18:19,29/6/2017 2:50,30/6/2017 12:32,6/7/2017 13:42,21/7/2017 0:00, 1 ,1 ,1, 1 ,1 ,
6ee77fd090a49ec9c4e15bd1a94e100e,d24a0f00aa18133811d0aa666da75ff6,delivered,23/3/2017 17:44,25/3/2017 2:15,7/4/2017 15:15,12/4/2017 12:39,26/4/2017 0:00, 1 ,1 ,1,0 ,1 ,
6ee77fd090a49ec9c4e15bd1a94e100e,d24a0f00aa18133811d0aa666da75ff6,delivered,23/3/2017 17:44,25/3/2017 2:15,7/4/2017 15:15,12/4/2017 12:39,26/4/2017 0:00, 1 ,1 ,1,0 ,1 ,
838263e3f79563bccd736531aec2a915,933ef27e887c4f3e10f90ff8b4f187f6,delivered,28/11/2017 18:18,30/11/2017 2:25,30/11/2017 20:03,11/12/2017 20:14,21/12/2017 0:00, 1 ,1 ,1,0 ,1 ,
838263e3f79563bccd736531aec2a915,933ef27e887c4f3e10f90ff8b4f187f6,delivered,28/11/2017 18:18,30/11/2017 2:25,30/11/2017 20:03,11/12/2017 20:14,21/12/2017 0:00, 1 ,1 ,1,0 ,1 ,
e3e5126cb05e7c16dd2ef864271fa8e6,f28ff42f4a3d29ba87737305a4d73212,delivered,2/8/2017 18:32,4/8/2017 2:30,7/8/2017 20:11,14/8/2017 20:45,25/8/2017 0:00, 1 ,1 ,1, 1 ,1 ,
d70b7dce9b527096fbd9e4d0e54ab451,e3a899173e31bdf2f8f721a58cfbc0bf,delivered,9/5/2017 20:21,11/5/2017 3:56,11/5/2017 10:39,5/6/2017 15:32,9/6/2017 0:00, 1 ,1 ,1,0 ,1 ,
d70b7dce9b527096fbd9e4d0e54ab451,e3a899173e31bdf2f8f721a58cfbc0bf,delivered,9/5/2017 20:21,11/5/2017 3:56,11/5/2017 10:39,5/6/2017 15:32,9/6/2017 0:00, 1 ,1 ,1,0 ,1 ,
6709606f3773c59d8bed53c0d9bb614d,0be4ccac4dad0eece92dc788cd5e9260,delivered,21/5/2018 0:26,22/5/2018 7:54,24/5/2018 14:54,8/6/2018 9:51,11/6/2018 0:00, 1 ,1 ,1,0 ,1 ,
6709606f3773c59d8bed53c0d9bb614d,0be4ccac4dad0eece92dc788cd5e9260,delivered,21/5/2018 0:26,22/5/2018 7:54,24/5/2018 14:54,8/6/2018 9:51,11/6/2018 0:00, 1 ,1 ,1,0 ,1 ,
6709606f3773c59d8bed53c0d9bb614d,0be4ccac4dad0eece92dc788cd5e9260,delivered,21/5/2018 0:26,22/5/2018 7:54,24/5/2018 14:54,8/6/2018 9:51,11/6/2018 0:00, 1 ,1 ,1,0 ,1 ,
ece456981916b0a15389f632ca95e4c4,83f3342b0ee6f0c116666610ec70e082,delivered,5/2/2018 19:25,7/2/2018 2:52,8/2/2018 14:58,19/2/2018 20:38,2/3/2018 0:00, 1 ,1 ,1, 1 ,1 ,
31d29a8c43bc533845fe7bfae74fa0cb,5f4f9dd0d0c9ab9a7ff1fdfb0eed78fe,delivered,5/6/2018 19:47,7/6/2018 3:12,11/6/2018 10:40,18/6/2018 16:38,16/7/2018 0:00, 1 ,1 ,1,0 ,1 ,
31d29a8c43bc533845fe7bfae74fa0cb,5f4f9dd0d0c9ab9a7ff1fdfb0eed78fe,delivered,5/6/2018 19:47,7/6/2018 3:12,11/6/2018 10:40,18/6/2018 16:38,16/7/2018 0:00, 1 ,1 ,1,0 ,1 ,
d3e737e1eef1aa87ad5c92bcbf7396dc,10d2a255228fa0b30be3453dc1feb36b,delivered,23/4/2018 11:41,24/4/2018 19:05,23/4/2018 21:48,25/4/2018 23:25,10/5/2018 0:00, 1 ,0 ,1, 1 ,1 ,
89213fd88487a78eb20c786df6abc9fa,46a4ac4dcaf4f17c44f5d7c5a5afaf86,delivered,16/1/2018 18:56,18/1/2018 2:11,19/1/2018 21:08,22/1/2018 18:56,9/2/2018 0:00, 1 ,1 ,1, 1 ,1 ,
4f851e6056e99764b563bff8fa90cd99,971c855da055149bf4a129ed983de936,delivered,10/4/2018 7:36,11/4/2018 14:31,12/4/2018 18:19,13/4/2018 19:01,26/4/2018 0:00, 1 ,1 ,1, 1 ,1 ,
808a117545d27f5c0ea7cad158f70600,6899257ef9335343fd6eaa0daa8c52a8,delivered,29/7/2018 12:54,30/7/2018 19:32,31/7/2018 14:07,6/8/2018 21:38,16/8/2018 0:00, 1 ,1 ,1,0 ,1 ,
808a117545d27f5c0ea7cad158f70600,6899257ef9335343fd6eaa0daa8c52a8,delivered,29/7/2018 12:54,30/7/2018 19:32,31/7/2018 14:07,6/8/2018 21:38,16/8/2018 0:00, 1 ,1 ,1,0 ,1 ,
98de0bad1834d3a90eb4180333a4fd2d,ced61c5cb8db0e02a11af8e5a2f3deea,delivered,12/11/2017 21:29,14/11/2017 3:50,14/11/2017 22:52,17/11/2017 18:31,1/12/2017 0:00, 1 ,1 ,1,0 ,1 ,
98de0bad1834d3a90eb4180333a4fd2d,ced61c5cb8db0e02a11af8e5a2f3deea,delivered,12/11/2017 21:29,14/11/2017 3:50,14/11/2017 22:52,17/11/2017 18:31,1/12/2017 0:00, 1 ,1 ,1,0 ,1 ,
4c5d80480b7c923ec02b8dee8c00a846,d8e4093b1a0d9885110b24a74feb6ab7,delivered,21/11/2017 20:37,23/11/2017 2:56,23/11/2017 21:03,11/12/2017 22:03,15/12/2017 0:00, 1 ,1 ,1, 1 ,1 ,
4415361bddc6491e81dff0a462283bb7,878fdb568a2cc05dce77c30f729f439a,delivered,28/3/2018 20:52,30/3/2018 3:10,4/4/2018 0:34,5/4/2018 18:32,10/4/2018 0:00, 1 ,1 ,1, 1 ,1 ,
b084a8f61aa45461c76604d752a993f8,3f9b89f44fa0f0a8a673166eb3854789,delivered,10/5/2017 20:32,12/5/2017 2:50,12/5/2017 11:21,25/5/2017 9:00,30/5/2017 0:00, 1 ,1 ,1,0 ,1 ,
b084a8f61aa45461c76604d752a993f8,3f9b89f44fa0f0a8a673166eb3854789,delivered,10/5/2017 20:32,12/5/2017 2:50,12/5/2017 11:21,25/5/2017 9:00,30/5/2017 0:00, 1 ,1 ,1,0 ,1 ,
d436f5387d49c35277311bac09fd7d03,10de1d2f812b134f7659b081e1f72c52,delivered,5/3/2018 20:21,7/3/2018 2:15,7/3/2018 18:11,9/3/2018 3:28,15/3/2018 0:00, 1 ,1 ,1, 1 ,1 ,
c1e31d7c0b816af8539eaeee20379889,bf4786deca0a046ee35f4ce5c1514c89,shipped,24/5/2018 13:19,25/5/2018 18:58,29/5/2018 12:09,,26/6/2018 0:00,1 ,0 ,1,0 ,0 , Duplicate order id 
c1e31d7c0b816af8539eaeee20379889,bf4786deca0a046ee35f4ce5c1514c89,shipped,24/5/2018 13:19,25/5/2018 18:58,29/5/2018 12:09,,26/6/2018 0:00,1 ,0 ,1,0 ,0 , Duplicate order id 
bd1d2815016a0d22c926101c1c99d140,d520089f0783d83ef336bd06aa8923f9,delivered,24/8/2017 20:39,26/8/2017 2:16,28/8/2017 16:56,6/9/2017 14:39,26/9/2017 0:00, 1 ,1 ,1, 1 ,1 ,
30cc18e46e6a888afe8a75262a6f021d,29d38f9bf6cf71f4db95a87da5ad5086,delivered,12/4/2018 20:57,14/4/2018 2:30,16/4/2018 23:19,23/4/2018 22:54,10/5/2018 0:00, 1 ,1 ,1, 1 ,1 ,
5c097b2906957e90e5958008194041ba,9198fff3ca81d8af075a62a0ff689040,delivered,8/8/2018 22:03,10/8/2018 3:25,13/8/2018 13:21,17/8/2018 14:04,20/8/2018 0:00, 1 ,1 ,1, 1 ,1 ,
c9d576bba5cffe5797794e2a5ff5d70b,a170300e0506e2e9660c4bbd3f4149a7,delivered,30/1/2018 21:30,1/2/2018 2:35,2/2/2018 21:32,14/2/2018 20:59,6/3/2018 0:00, 1 ,1 ,1,0 ,1 ,
c9d576bba5cffe5797794e2a5ff5d70b,a170300e0506e2e9660c4bbd3f4149a7,delivered,30/1/2018 21:30,1/2/2018 2:35,2/2/2018 21:32,14/2/2018 20:59,6/3/2018 0:00, 1 ,1 ,1,0 ,1 ,
6deb36cf66e9099e0a5896a34db6c7c2,06de5c754510bc13915d1bb9617fdadc,delivered,21/2/2018 21:34,23/2/2018 2:08,2/3/2018 23:22,23/3/2018 18:37,16/3/2018 0:00, 1 ,0 ,1, 1 ,1 ,
38303e0a3dce8b2bce37ca13b1c3f9ac,27e329ac3afac4f3dffd7d119e679c8b,delivered,13/5/2018 23:54,15/5/2018 3:56,21/5/2018 16:27,22/5/2018 18:52,25/5/2018 0:00, 1 ,1 ,1, 1 ,1 ,
6b0eaae462243e328c81413a0b1968ed,d76e9fe365aae1bb4307f9676894d9c3,delivered,19/2/2018 10:53,20/2/2018 14:35,21/2/2018 20:37,24/2/2018 14:48,5/3/2018 0:00, 1 ,1 ,1, 1 ,1 ,
fe98cb0615a7611265d8955be5ca9497,3b11d54278a86bfa191ef947e654c9cb,delivered,1/8/2018 17:13,2/8/2018 20:35,3/8/2018 15:12,10/8/2018 20:47,23/8/2018 0:00, 1 ,1 ,1,0 ,1 ,
fe98cb0615a7611265d8955be5ca9497,3b11d54278a86bfa191ef947e654c9cb,delivered,1/8/2018 17:13,2/8/2018 20:35,3/8/2018 15:12,10/8/2018 20:47,23/8/2018 0:00, 1 ,1 ,1,0 ,1 ,
19f0b0e6659d4be20f4325ad739ffac6,b580a709dda9827ce092d89b3f8c01b6,delivered,31/7/2018 0:16,1/8/2018 3:31,3/8/2018 12:26,16/8/2018 16:18,22/8/2018 0:00, 1 ,1 ,1,0 ,1 ,
19f0b0e6659d4be20f4325ad739ffac6,b580a709dda9827ce092d89b3f8c01b6,delivered,31/7/2018 0:16,1/8/2018 3:31,3/8/2018 12:26,16/8/2018 16:18,22/8/2018 0:00, 1 ,1 ,1,0 ,1 ,
bb6f77e22d300a3c74436c9ea8925945,76696c96f4cfa5fbaa17fdcced323c9b,delivered,19/12/2017 23:00,21/12/2017 2:11,21/12/2017 22:13,4/1/2018 22:56,24/1/2018 0:00, 1 ,1 ,1, 1 ,1 ,
6dfff5dc8b9368cf190410e804128695,eab5e0e258310f3454b56e95368ad183,delivered,16/2/2018 1:01,17/2/2018 3:47,19/2/2018 15:52,13/3/2018 0:29,19/3/2018 0:00, 1 ,1 ,1, 1 ,1 ,
b7daca2d24a93ab9351485e0bdcbb7e6,002d597546b2cf44428232c9f237f873,delivered,22/7/2018 9:29,23/7/2018 11:32,23/7/2018 7:19,30/7/2018 16:38,16/8/2018 0:00, 1 ,0 ,1,0 ,0 , Duplicate order id 
b7daca2d24a93ab9351485e0bdcbb7e6,002d597546b2cf44428232c9f237f873,delivered,22/7/2018 9:29,23/7/2018 11:32,23/7/2018 7:19,30/7/2018 16:38,16/8/2018 0:00, 1 ,0 ,1,0 ,0 , Duplicate order id 
649fbfef8ead059794ca4dff975904d0,4a4a9d30308a7275440ff5514f22d367,delivered,23/4/2018 16:20,24/4/2018 17:43,24/4/2018 2:17,3/5/2018 19:51,11/5/2018 0:00, 1 ,0 ,1,0 ,0 , Duplicate order id 
649fbfef8ead059794ca4dff975904d0,4a4a9d30308a7275440ff5514f22d367,delivered,23/4/2018 16:20,24/4/2018 17:43,24/4/2018 2:17,3/5/2018 19:51,11/5/2018 0:00, 1 ,0 ,1,0 ,0 , Duplicate order id 
649fbfef8ead059794ca4dff975904d0,4a4a9d30308a7275440ff5514f22d367,delivered,23/4/2018 16:20,24/4/2018 17:43,24/4/2018 2:17,3/5/2018 19:51,11/5/2018 0:00, 1 ,0 ,1,0 ,0 , Duplicate order id 
f240664fa94d4650c67cbdc818bc8135,08795c52e7b0525cd0b5bf92a66da58d,delivered,1/4/2017 12:40,2/4/2017 13:42,3/4/2017 9:38,4/4/2017 15:40,24/4/2017 0:00, 1 ,1 ,1,0 ,1 ,
f240664fa94d4650c67cbdc818bc8135,08795c52e7b0525cd0b5bf92a66da58d,delivered,1/4/2017 12:40,2/4/2017 13:42,3/4/2017 9:38,4/4/2017 15:40,24/4/2017 0:00, 1 ,1 ,1,0 ,1 ,
665a012cd7368e5609ab518539d91adf,8d2502669799c13d5a67d873981ac627,delivered,9/5/2018 1:46,10/5/2018 2:35,11/5/2018 15:23,15/5/2018 18:07,21/5/2018 0:00, 1 ,1 ,1,0 ,1 ,
665a012cd7368e5609ab518539d91adf,8d2502669799c13d5a67d873981ac627,delivered,9/5/2018 1:46,10/5/2018 2:35,11/5/2018 15:23,15/5/2018 18:07,21/5/2018 0:00, 1 ,1 ,1,0 ,1 ,
228fe28497863cfa489cfd0177809d45,d218b51d7923b68503ae5ccc23c77bb5,delivered,12/2/2018 11:28,13/2/2018 12:15,15/2/2018 16:28,17/2/2018 0:28,26/2/2018 0:00, 1 ,1 ,1, 1 ,1 ,
db4982d0129b4b2ac1eb511ab4743799,048c38095a2e1fc000871b6142e6a8b9,delivered,11/5/2018 13:27,12/5/2018 14:12,16/5/2018 14:58,17/5/2018 20:28,23/5/2018 0:00, 1 ,1 ,1, 1 ,1 ,
4bb0dade496fdb8b82cd2fe250996451,472b42bf049d640a9187977e0836c697,delivered,19/8/2018 11:10,20/8/2018 11:32,20/8/2018 14:46,21/8/2018 16:41,29/8/2018 0:00, 1 ,1 ,1, 1 ,1 ,
a380e6e7800d5e6d6fb008fe587e4202,0adafec56047601ede5352ba02a5c5bf,delivered,22/2/2017 16:30,23/2/2017 16:42,21/3/2017 11:08,23/3/2017 12:51,21/3/2017 0:00, 1 ,0 ,1, 1 ,1 ,
1a4dc88681af860f27b5e7af0cf35ecd,cdefa555b31181f8be693ab16ce1a8d6,delivered,24/4/2017 10:53,25/4/2017 11:05,26/4/2017 12:16,3/5/2017 12:20,15/5/2017 0:00, 1 ,1 ,1, 1 ,1 ,
dad7fd1c4434137c836f09ae15ec86a4,14555edc3920d5f094b0f2278bfbd438,delivered,18/7/2017 8:54,19/7/2017 9:03,19/7/2017 18:22,23/8/2017 17:20,11/8/2017 0:00, 1 ,0 ,1, 1 ,1 ,
903b027d6b01452fda4780d82f286bcd,d6dd616ed774326df2147bfbc0e75490,delivered,8/8/2017 15:37,9/8/2017 15:45,10/8/2017 20:51,16/8/2017 21:51,30/8/2017 0:00, 1 ,1 ,1, 1 ,1 ,
b8cbd785d723a9bb46690512ee7b5440,3f107d24eaa727aacad371b02a0efdea,delivered,25/4/2018 15:25,26/4/2018 15:32,30/4/2018 10:42,7/5/2018 11:38,11/5/2018 0:00, 1 ,1 ,1,0 ,1 ,
b8cbd785d723a9bb46690512ee7b5440,3f107d24eaa727aacad371b02a0efdea,delivered,25/4/2018 15:25,26/4/2018 15:32,30/4/2018 10:42,7/5/2018 11:38,11/5/2018 0:00, 1 ,1 ,1,0 ,1 ,
b52297c2962cf13981238d8a35c0f62c,3ee60392c784c837894f3391360004a8,delivered,30/5/2017 19:27,31/5/2017 19:35,9/6/2017 13:34,12/7/2017 21:56,6/7/2017 0:00, 1 ,0 ,1, 1 ,1 ,
7ea3b6e314e533719b7dbc3ad951aef3,f51abbc1aedad3c2043a901fcb09f93e,delivered,1/6/2018 14:45,2/6/2018 14:51,4/6/2018 15:03,12/6/2018 19:58,11/7/2018 0:00, 1 ,1 ,1, 1 ,1 ,
58abb67bdae1bb19e02f0900170da374,a2e7428415373109ec4643182ba16c69,delivered,25/4/2017 14:58,26/4/2017 15:05,27/4/2017 10:15,2/5/2017 15:05,26/5/2017 0:00, 1 ,1 ,1, 1 ,1 ,
3e555879d29880ec5bc189b44a6d77fa,26d94b1d9a07de33fdb22b7f172d2269,delivered,5/3/2017 4:18,6/3/2017 4:25,6/3/2017 14:23,13/3/2017 13:27,23/3/2017 0:00, 1 ,1 ,1, 1 ,1 ,
3ac0423d1e7e335f83c8fa3600ae47d7,90b628e6e1e90b38b06cde74092a0ced,delivered,14/2/2017 17:04,15/2/2017 17:10,10/3/2017 5:02,29/3/2017 18:53,15/3/2017 0:00, 1 ,0 ,1,0 ,0 , Duplicate order id 
3ac0423d1e7e335f83c8fa3600ae47d7,90b628e6e1e90b38b06cde74092a0ced,delivered,14/2/2017 17:04,15/2/2017 17:10,10/3/2017 5:02,29/3/2017 18:53,15/3/2017 0:00, 1 ,0 ,1,0 ,0 , Duplicate order id 
ea2885f040ff7729e3d94488802e2917,667851f75c78e125a443fece275f310b,delivered,12/5/2018 17:27,13/5/2018 17:33,14/5/2018 13:57,17/5/2018 17:18,19/6/2018 0:00, 1 ,1 ,1,0 ,1 ,
ea2885f040ff7729e3d94488802e2917,667851f75c78e125a443fece275f310b,delivered,12/5/2018 17:27,13/5/2018 17:33,14/5/2018 13:57,17/5/2018 17:18,19/6/2018 0:00, 1 ,1 ,1,0 ,1 ,
978ffd045ad7d5a208393ca5bae978a6,7d612ccc0b2f698ac19966fff0b767db,delivered,23/3/2018 17:04,24/3/2018 17:07,26/3/2018 23:03,4/4/2018 22:16,11/4/2018 0:00, 1 ,1 ,1,0 ,1 ,
978ffd045ad7d5a208393ca5bae978a6,7d612ccc0b2f698ac19966fff0b767db,delivered,23/3/2018 17:04,24/3/2018 17:07,26/3/2018 23:03,4/4/2018 22:16,11/4/2018 0:00, 1 ,1 ,1,0 ,1 ,
4d6dca1dbb561c5c5af9a4c8fbc38375,8129c1c506d7d2a41ca7caf3c38fa85f,delivered,30/10/2017 10:47,31/10/2017 10:50,7/11/2017 17:51,11/11/2017 17:07,21/11/2017 0:00, 1 ,1 ,1, 1 ,1 ,
754328c1ffda8a8ba227f2851a3772cb,d1d67e6e2d57800a09b5fa607ea74f89,delivered,12/6/2018 11:52,13/6/2018 11:55,13/6/2018 14:48,18/6/2018 15:22,5/7/2018 0:00, 1 ,1 ,1, 1 ,1 ,
62f85456fc470d391e292c649d8f0124,8578b195ef00d35534b548af9e9a152d,delivered,28/12/2017 8:28,29/12/2017 8:27,29/12/2017 16:38,9/1/2018 15:18,30/1/2018 0:00, 1 ,1 ,1, 1 ,1 ,
735458a5d288ba55c03a10cb1b2dd481,5a2e937ebdd78eaa8cac5dc67b8b3a42,unavailable,3/5/2018 14:15,4/5/2018 14:13,,,1/6/2018 0:00,0 ,0 ,1, 1 ,0 ,
6cb134bb285a64b0425d1fdaa00d4214,d854800a320bbb07b484f76894e4638f,delivered,1/7/2018 20:54,2/7/2018 20:50,3/7/2018 10:48,10/7/2018 22:12,26/7/2018 0:00, 1 ,1 ,1,0 ,1 ,
6cb134bb285a64b0425d1fdaa00d4214,d854800a320bbb07b484f76894e4638f,delivered,1/7/2018 20:54,2/7/2018 20:50,3/7/2018 10:48,10/7/2018 22:12,26/7/2018 0:00, 1 ,1 ,1,0 ,1 ,
8b50d4c9560cac1625c6fd9f536fc780,7372fb39ddd5b2bcfb9466a66fa69dd3,delivered,24/4/2018 21:34,25/4/2018 21:30,26/4/2018 7:17,3/5/2018 17:12,22/5/2018 0:00, 1 ,1 ,1, 1 ,1 ,
63be17dc5497f1941b4d15f7be530387,884a2e9a1b0c6fd2d9011ee7b4cbf21a,delivered,17/2/2018 16:39,18/2/2018 16:35,19/2/2018 19:57,10/4/2018 21:51,21/3/2018 0:00, 1 ,0 ,1,0 ,0 , Duplicate order id 
63be17dc5497f1941b4d15f7be530387,884a2e9a1b0c6fd2d9011ee7b4cbf21a,delivered,17/2/2018 16:39,18/2/2018 16:35,19/2/2018 19:57,10/4/2018 21:51,21/3/2018 0:00, 1 ,0 ,1,0 ,0 , Duplicate order id 
63be17dc5497f1941b4d15f7be530387,884a2e9a1b0c6fd2d9011ee7b4cbf21a,delivered,17/2/2018 16:39,18/2/2018 16:35,19/2/2018 19:57,10/4/2018 21:51,21/3/2018 0:00, 1 ,0 ,1,0 ,0 , Duplicate order id 
63be17dc5497f1941b4d15f7be530387,884a2e9a1b0c6fd2d9011ee7b4cbf21a,delivered,17/2/2018 16:39,18/2/2018 16:35,19/2/2018 19:57,10/4/2018 21:51,21/3/2018 0:00, 1 ,0 ,1,0 ,0 , Duplicate order id 
824d7ceed6163ed2e8693f90f0400db8,887d3d832d661c9cec2fbdaedb821f6d,delivered,14/3/2018 20:01,15/3/2018 19:55,24/3/2018 2:03,18/4/2018 19:02,19/4/2018 0:00, 1 ,1 ,1, 1 ,1 ,
be5b64307f608c4be032a92527e44f66,3af442112f104fadd55d6861a864b21f,delivered,15/3/2018 15:43,16/3/2018 15:35,20/3/2018 0:32,2/4/2018 19:48,9/4/2018 0:00, 1 ,1 ,1,0 ,1 ,
be5b64307f608c4be032a92527e44f66,3af442112f104fadd55d6861a864b21f,delivered,15/3/2018 15:43,16/3/2018 15:35,20/3/2018 0:32,2/4/2018 19:48,9/4/2018 0:00, 1 ,1 ,1,0 ,1 ,
be5b64307f608c4be032a92527e44f66,3af442112f104fadd55d6861a864b21f,delivered,15/3/2018 15:43,16/3/2018 15:35,20/3/2018 0:32,2/4/2018 19:48,9/4/2018 0:00, 1 ,1 ,1,0 ,1 ,
a46e7e8e02915adecb392ad065121a51,0ef4273145d74465c180b6a9fbb9799b,delivered,17/8/2018 10:59,18/8/2018 10:50,24/8/2018 14:21,29/8/2018 20:03,27/9/2018 0:00, 1 ,1 ,1, 1 ,1 ,
3aea5a83ca5bc41e6ecd21afd19bbd81,aff521ae3a328c4c9601f45f907cc7a5,delivered,15/1/2018 15:47,16/1/2018 15:36,17/1/2018 21:04,6/2/2018 22:28,16/2/2018 0:00, 1 ,1 ,1,0 ,1 ,
3aea5a83ca5bc41e6ecd21afd19bbd81,aff521ae3a328c4c9601f45f907cc7a5,delivered,15/1/2018 15:47,16/1/2018 15:36,17/1/2018 21:04,6/2/2018 22:28,16/2/2018 0:00, 1 ,1 ,1,0 ,1 ,
3aea5a83ca5bc41e6ecd21afd19bbd81,aff521ae3a328c4c9601f45f907cc7a5,delivered,15/1/2018 15:47,16/1/2018 15:36,17/1/2018 21:04,6/2/2018 22:28,16/2/2018 0:00, 1 ,1 ,1,0 ,1 ,
6bf022e11f38687e2771eba0a762b911,1ffd4255012e38481e8561a5d327e1f9,delivered,9/4/2018 16:16,10/4/2018 15:35,13/4/2018 0:21,21/4/2018 0:04,3/5/2018 0:00, 1 ,1 ,1, 1 ,1 ,
9fde8604e48e3fb51e7768a2c218b76c,9a03a5c2cf2c847c51d56eba03e00031,delivered,4/7/2017 18:25,5/7/2017 17:41,7/7/2017 18:25,17/7/2017 17:36,26/7/2017 0:00, 1 ,1 ,1, 1 ,1 ,
6296cd93e0540917385ff96f03f3ad92,e3b7e1d95c0fc141ba579fe399e81e58,delivered,30/1/2018 14:33,31/1/2018 13:31,1/2/2018 14:41,14/2/2018 14:07,5/3/2018 0:00, 1 ,1 ,1, 1 ,1 ,
7b20199069d3b0d759ee39520cf5aed2,2dfa899c2cef91ca57781435d68471dc,delivered,26/12/2017 17:50,27/12/2017 15:59,3/1/2018 20:28,9/1/2018 23:28,22/1/2018 0:00, 1 ,1 ,1,0 ,1 ,
7b20199069d3b0d759ee39520cf5aed2,2dfa899c2cef91ca57781435d68471dc,delivered,26/12/2017 17:50,27/12/2017 15:59,3/1/2018 20:28,9/1/2018 23:28,22/1/2018 0:00, 1 ,1 ,1,0 ,1 ,
ef43d5664bd1ab24fd6b38b5a8ca3cf6,8d61ec6452053b7b174af0627f83d6ca,delivered,21/11/2017 23:07,22/11/2017 21:13,28/11/2017 13:21,11/12/2017 20:58,8/12/2017 0:00, 1 ,0 ,1, 1 ,1 ,
dbe195a43ea7995d3af77d9cce165f89,8cf5e488e3ca60e1a6637dc74a2e772f,delivered,22/1/2018 15:44,23/1/2018 13:12,26/1/2018 21:26,6/2/2018 19:41,20/2/2018 0:00, 1 ,1 ,1, 1 ,1 ,
0509b3b20635c8d54544dc048d95318b,60d8ab975103138567fe656cf30575f4,delivered,22/6/2018 19:08,23/6/2018 16:35,26/6/2018 14:50,4/7/2018 21:48,17/7/2018 0:00, 1 ,1 ,1, 1 ,1 ,
d9a40c62c40151c4710705c2b92b4a50,deb19dc4202f498d4189969a9cc38a27,delivered,7/7/2017 10:00,8/7/2017 7:05,18/7/2017 15:23,5/8/2017 1:12,10/8/2017 0:00, 1 ,1 ,1, 1 ,1 ,
0f6896ec061c74612b3a5ab4f2146d0e,ee185cc1e2f628edb1634c85c6a8cd20,delivered,12/3/2018 13:07,13/3/2018 9:51,14/3/2018 18:03,24/4/2018 22:11,12/4/2018 0:00, 1 ,0 ,1,0 ,0 , Duplicate order id 
0f6896ec061c74612b3a5ab4f2146d0e,ee185cc1e2f628edb1634c85c6a8cd20,delivered,12/3/2018 13:07,13/3/2018 9:51,14/3/2018 18:03,24/4/2018 22:11,12/4/2018 0:00, 1 ,0 ,1,0 ,0 , Duplicate order id 
0f6896ec061c74612b3a5ab4f2146d0e,ee185cc1e2f628edb1634c85c6a8cd20,delivered,12/3/2018 13:07,13/3/2018 9:51,14/3/2018 18:03,24/4/2018 22:11,12/4/2018 0:00, 1 ,0 ,1,0 ,0 , Duplicate order id 
0f6896ec061c74612b3a5ab4f2146d0e,ee185cc1e2f628edb1634c85c6a8cd20,delivered,12/3/2018 13:07,13/3/2018 9:51,14/3/2018 18:03,24/4/2018 22:11,12/4/2018 0:00, 1 ,0 ,1,0 ,0 , Duplicate order id 
5eeb092ebe54bc6f635f566588d2e908,b67e09339b0e590a3e6dd7c502badc8f,delivered,21/1/2018 17:44,22/1/2018 13:55,25/1/2018 2:35,30/1/2018 16:35,16/2/2018 0:00, 1 ,1 ,1,0 ,1 ,
5eeb092ebe54bc6f635f566588d2e908,b67e09339b0e590a3e6dd7c502badc8f,delivered,21/1/2018 17:44,22/1/2018 13:55,25/1/2018 2:35,30/1/2018 16:35,16/2/2018 0:00, 1 ,1 ,1,0 ,1 ,
ade0863d75391c3ca83985f0b3c681e9,7606a0ab620848954d04ab711d463100,delivered,9/10/2017 8:07,10/10/2017 3:27,11/10/2017 12:53,19/10/2017 19:18,6/11/2017 0:00, 1 ,1 ,1,0 ,1 ,
ade0863d75391c3ca83985f0b3c681e9,7606a0ab620848954d04ab711d463100,delivered,9/10/2017 8:07,10/10/2017 3:27,11/10/2017 12:53,19/10/2017 19:18,6/11/2017 0:00, 1 ,1 ,1,0 ,1 ,
bdd49e833a618b2e10096e4bd5725977,9edf4e2bfac35f5d2d41782e8c06f0b3,delivered,14/3/2018 22:19,15/3/2018 17:35,19/3/2018 18:38,6/4/2018 19:55,2/4/2018 0:00, 1 ,0 ,1,0 ,0 , Duplicate order id 
bdd49e833a618b2e10096e4bd5725977,9edf4e2bfac35f5d2d41782e8c06f0b3,delivered,14/3/2018 22:19,15/3/2018 17:35,19/3/2018 18:38,6/4/2018 19:55,2/4/2018 0:00, 1 ,0 ,1,0 ,0 , Duplicate order id 
bdd49e833a618b2e10096e4bd5725977,9edf4e2bfac35f5d2d41782e8c06f0b3,delivered,14/3/2018 22:19,15/3/2018 17:35,19/3/2018 18:38,6/4/2018 19:55,2/4/2018 0:00, 1 ,0 ,1,0 ,0 , Duplicate order id 
1b34f3de23ae790473c7e4ef6ac0b1f1,8953f8bf10bed387ad35f83d268ecf2a,delivered,17/8/2018 8:05,18/8/2018 2:55,23/8/2018 14:47,27/8/2018 21:27,3/9/2018 0:00, 1 ,1 ,1, 1 ,1 ,
b4d847b337890c09d43b616bf0ba2ee3,178d1d635e061e8ad879f9ed0bdeba01,delivered,7/2/2018 15:44,8/2/2018 10:31,9/2/2018 18:16,2/3/2018 23:12,15/3/2018 0:00, 1 ,1 ,1, 1 ,1 ,
0512553e39efd59a9572ce7eebacd43a,0fb9deeb22eef8579c6104c8b1007f19,delivered,26/10/2017 8:48,27/10/2017 3:07,27/10/2017 19:03,20/11/2017 18:22,16/11/2017 0:00, 1 ,0 ,1, 1 ,1 ,
652dd1e43c57c5f82622cd0d4ec1c376,7dbed95882f0d8bdb7279f822f09bd96,delivered,1/8/2018 10:52,2/8/2018 5:05,2/8/2018 12:09,8/8/2018 0:12,16/8/2018 0:00, 1 ,1 ,1, 1 ,1 ,
afcf3863fcb506587dd64998940c5785,0980d1bf97df05137f76ff388b1b2ec9,delivered,18/5/2018 9:43,19/5/2018 3:38,21/5/2018 13:59,7/6/2018 16:38,12/6/2018 0:00, 1 ,1 ,1, 1 ,1 ,
347fd41d0f1089cc83a4fc100a95f3f8,dc520404eec2487b577e0c13a64a48ff,delivered,15/5/2017 9:38,16/5/2017 3:22,17/5/2017 14:45,22/5/2017 17:15,24/5/2017 0:00, 1 ,1 ,1,0 ,1 ,
347fd41d0f1089cc83a4fc100a95f3f8,dc520404eec2487b577e0c13a64a48ff,delivered,15/5/2017 9:38,16/5/2017 3:22,17/5/2017 14:45,22/5/2017 17:15,24/5/2017 0:00, 1 ,1 ,1,0 ,1 ,
74b0cc42b04ee1e7ad337a157d1eff9a,dafd8d87717e26770c556fd18879054b,delivered,14/2/2017 9:21,15/2/2017 3:03,15/2/2017 11:37,24/2/2017 8:31,15/3/2017 0:00, 1 ,1 ,1, 1 ,1 ,
baad5004c5d12ad2ed5467f21914396b,16fd28bae68d51e34f732ae6d1337918,delivered,29/1/2018 10:54,30/1/2018 4:31,31/1/2018 22:48,14/2/2018 23:53,20/2/2018 0:00, 1 ,1 ,1,0 ,1 ,
baad5004c5d12ad2ed5467f21914396b,16fd28bae68d51e34f732ae6d1337918,delivered,29/1/2018 10:54,30/1/2018 4:31,31/1/2018 22:48,14/2/2018 23:53,20/2/2018 0:00, 1 ,1 ,1,0 ,1 ,
0756c3213eb9155bc1209caced66eb82,57aea3c0424ba421f4a819dbdd9fcb33,delivered,21/12/2017 23:01,22/12/2017 16:31,27/12/2017 17:58,10/1/2018 23:19,23/1/2018 0:00, 1 ,1 ,1, 1 ,1 ,
5daf14428a3c29d9dd22f97b7d5b3230,1809b56e12fc169272b817677c509ddf,delivered,21/1/2018 20:33,22/1/2018 13:58,23/1/2018 21:04,9/3/2018 18:12,22/2/2018 0:00, 1 ,0 ,1, 1 ,1 ,
2519026edcd7320570b0aa09727ed70f,f94425245e3774567effcd6ee149f770,delivered,17/1/2018 8:56,18/1/2018 2:13,19/1/2018 1:09,26/1/2018 22:53,9/2/2018 0:00, 1 ,1 ,1,0 ,1 ,
2519026edcd7320570b0aa09727ed70f,f94425245e3774567effcd6ee149f770,delivered,17/1/2018 8:56,18/1/2018 2:13,19/1/2018 1:09,26/1/2018 22:53,9/2/2018 0:00, 1 ,1 ,1,0 ,1 ,
2519026edcd7320570b0aa09727ed70f,f94425245e3774567effcd6ee149f770,delivered,17/1/2018 8:56,18/1/2018 2:13,19/1/2018 1:09,26/1/2018 22:53,9/2/2018 0:00, 1 ,1 ,1,0 ,1 ,
cc3518a32accaeeca420bab0fedd0661,ab8f0f8aebb8b6b7369a7aee659fdcb1,delivered,3/1/2018 11:59,4/1/2018 5:14,4/1/2018 23:22,23/1/2018 22:36,6/2/2018 0:00, 1 ,1 ,1, 1 ,1 ,
ffc2926aeab97ab6dc7585276c9b9371,d75338bef05f07c317d8285a806ff68e,delivered,13/4/2018 9:29,14/4/2018 2:30,19/4/2018 23:46,25/4/2018 14:52,10/5/2018 0:00, 1 ,1 ,1,0 ,1 ,
ffc2926aeab97ab6dc7585276c9b9371,d75338bef05f07c317d8285a806ff68e,delivered,13/4/2018 9:29,14/4/2018 2:30,19/4/2018 23:46,25/4/2018 14:52,10/5/2018 0:00, 1 ,1 ,1,0 ,1 ,
b06a6fd759132f4b7e369314ab5ae2d5,a27a41d6a0a297911bd22dbfbc2975e1,delivered,21/8/2018 11:02,22/8/2018 3:50,22/8/2018 11:24,29/8/2018 1:08,30/8/2018 0:00, 1 ,1 ,1, 1 ,1 ,
81a6ac5a2e54ea1f2883d6054be7b339,c1c327a1f031715cf00adc9f69fbff73,delivered,17/2/2017 10:32,18/2/2017 3:15,20/2/2017 14:27,3/3/2017 7:17,22/3/2017 0:00, 1 ,1 ,1, 1 ,1 ,
d08af97946f43d83db8dfda3f21dfc94,170de57eb76b3ff6a2badb236c0afa5f,delivered,24/4/2018 2:19,24/4/2018 18:53,25/4/2018 16:07,3/5/2018 19:28,25/5/2018 0:00, 1 ,1 ,1, 1 ,1 ,
941b2fd26e5b95866e364344706f66c0,990e231928ac749b44d8826008cb048b,delivered,23/8/2017 10:36,24/8/2017 3:06,29/8/2017 19:22,14/9/2017 22:17,4/10/2017 0:00, 1 ,1 ,1,0 ,1 ,
941b2fd26e5b95866e364344706f66c0,990e231928ac749b44d8826008cb048b,delivered,23/8/2017 10:36,24/8/2017 3:06,29/8/2017 19:22,14/9/2017 22:17,4/10/2017 0:00, 1 ,1 ,1,0 ,1 ,
fef34b6fb683748342c85724a3fddfd3,f6365c594e14b2f842241a4845631c38,delivered,1/8/2018 13:19,2/8/2018 5:30,3/8/2018 12:20,9/8/2018 21:21,16/8/2018 0:00, 1 ,1 ,1, 1 ,1 ,
0fb02b37217c9af51e73a4ddd2c5b092,8dc5b051ae0e7ed92a78da02df2c3250,delivered,1/6/2017 12:28,2/6/2017 4:32,2/6/2017 14:49,8/6/2017 14:37,26/6/2017 0:00, 1 ,1 ,1, 1 ,1 ,
ecb9b15795b8962c43e024cc97611605,fdceacbf1e29b39745ee431d0a864d0f,delivered,14/5/2018 11:59,15/5/2018 3:55,15/5/2018 14:56,18/5/2018 23:22,1/6/2018 0:00, 1 ,1 ,1,0 ,1 ,
ecb9b15795b8962c43e024cc97611605,fdceacbf1e29b39745ee431d0a864d0f,delivered,14/5/2018 11:59,15/5/2018 3:55,15/5/2018 14:56,18/5/2018 23:22,1/6/2018 0:00, 1 ,1 ,1,0 ,1 ,
f30e9b83b1b7557b48c20dc8cf2e383f,8b0c6a16ffaa6a3242da476acb35704d,delivered,7/7/2017 11:39,8/7/2017 3:30,10/7/2017 18:16,20/7/2017 21:45,20/7/2017 0:00, 1 ,0 ,1, 1 ,1 ,
9fce4af6a15c3fa67e2ee1b52839d6dc,7e4b0829dda8a60be1eaeece2b9dbe51,delivered,16/8/2018 0:54,16/8/2018 16:40,20/8/2018 13:45,28/8/2018 21:11,3/9/2018 0:00, 1 ,1 ,1,0 ,1 ,
9fce4af6a15c3fa67e2ee1b52839d6dc,7e4b0829dda8a60be1eaeece2b9dbe51,delivered,16/8/2018 0:54,16/8/2018 16:40,20/8/2018 13:45,28/8/2018 21:11,3/9/2018 0:00, 1 ,1 ,1,0 ,1 ,
4b0e0e0eba7274a1ee0fdeb53d17ea99,220b82862b9aafdcb492730f9e3a575f,delivered,21/3/2018 11:26,22/3/2018 2:56,3/4/2018 23:19,10/4/2018 23:55,16/4/2018 0:00, 1 ,1 ,1, 1 ,1 ,
aff8085aa67afd7180c91552d939a4dd,aac4712a1869e7e6c81ad015c0f098aa,delivered,29/5/2017 13:06,30/5/2017 4:30,31/5/2017 9:07,13/6/2017 11:53,27/6/2017 0:00, 1 ,1 ,1,0 ,1 ,
aff8085aa67afd7180c91552d939a4dd,aac4712a1869e7e6c81ad015c0f098aa,delivered,29/5/2017 13:06,30/5/2017 4:30,31/5/2017 9:07,13/6/2017 11:53,27/6/2017 0:00, 1 ,1 ,1,0 ,1 ,
d8764a0bfdbd63c0dbcb665b8eafb7d8,5a9b4246a7ab1a2994158a7f5d0e5a17,delivered,19/10/2017 12:09,20/10/2017 3:05,20/10/2017 18:57,25/10/2017 19:04,7/11/2017 0:00, 1 ,1 ,1, 1 ,1 ,
5cdaa660eb08635df23ca69011e9b5ce,1fc4cb255f4388f910777214ac9021c6,delivered,23/3/2018 11:29,24/3/2018 2:15,27/3/2018 21:34,28/3/2018 22:58,5/4/2018 0:00, 1 ,1 ,1,0 ,1 ,
5cdaa660eb08635df23ca69011e9b5ce,1fc4cb255f4388f910777214ac9021c6,delivered,23/3/2018 11:29,24/3/2018 2:15,27/3/2018 21:34,28/3/2018 22:58,5/4/2018 0:00, 1 ,1 ,1,0 ,1 ,
335339ec0db35157e0c110604ca053d2,f5c5d4595c2323c846d61ba4adcd7aac,delivered,16/10/2017 19:20,17/10/2017 9:49,19/10/2017 19:10,25/10/2017 19:37,9/11/2017 0:00, 1 ,1 ,1, 1 ,1 ,
d71541c100c5e5c1c55d5db9290f8851,ee3dd5769faf8ff6cde4f3120f191d4f,delivered,9/1/2018 20:23,10/1/2018 10:32,10/1/2018 22:20,17/1/2018 14:28,7/2/2018 0:00, 1 ,1 ,1,0 ,1 ,
d71541c100c5e5c1c55d5db9290f8851,ee3dd5769faf8ff6cde4f3120f191d4f,delivered,9/1/2018 20:23,10/1/2018 10:32,10/1/2018 22:20,17/1/2018 14:28,7/2/2018 0:00, 1 ,1 ,1,0 ,1 ,
26d9a2f9a41aeeb0b0dd16ac2ca59225,77ecb0c9e88332432bb2b846dea32b2b,delivered,1/8/2018 13:32,2/8/2018 3:05,3/8/2018 16:29,10/8/2018 17:38,17/8/2018 0:00, 1 ,1 ,1, 1 ,1 ,
8e213471c11bcad28837b1442a6f041a,61d08c372ebb31964180a47ac8159b52,delivered,11/6/2018 15:46,12/6/2018 5:16,12/6/2018 13:09,14/6/2018 13:38,28/6/2018 0:00, 1 ,1 ,1,0 ,1 ,
8e213471c11bcad28837b1442a6f041a,61d08c372ebb31964180a47ac8159b52,delivered,11/6/2018 15:46,12/6/2018 5:16,12/6/2018 13:09,14/6/2018 13:38,28/6/2018 0:00, 1 ,1 ,1,0 ,1 ,
f8b9e2dd99eccea8ac036c6a02afafa0,49a4a6ad871b869b17d18093427d5fb6,delivered,22/7/2018 23:03,23/7/2018 12:31,26/7/2018 9:42,2/8/2018 18:10,10/8/2018 0:00, 1 ,1 ,1,0 ,1 ,
f8b9e2dd99eccea8ac036c6a02afafa0,49a4a6ad871b869b17d18093427d5fb6,delivered,22/7/2018 23:03,23/7/2018 12:31,26/7/2018 9:42,2/8/2018 18:10,10/8/2018 0:00, 1 ,1 ,1,0 ,1 ,
afed4d2938154fa926667651aa232e9e,9bbd165a1b2443025f44284e749d890b,delivered,8/1/2018 17:56,9/1/2018 7:17,10/1/2018 17:20,22/1/2018 15:11,26/1/2018 0:00, 1 ,1 ,1, 1 ,1 ,
a476749332fa1502701657ec467468fb,c1f0fe3bb2fc6c29afff6b671b1b27c0,delivered,14/6/2017 13:29,15/6/2017 2:50,16/6/2017 14:09,26/6/2017 15:10,7/7/2017 0:00, 1 ,1 ,1,0 ,1 ,
a476749332fa1502701657ec467468fb,c1f0fe3bb2fc6c29afff6b671b1b27c0,delivered,14/6/2017 13:29,15/6/2017 2:50,16/6/2017 14:09,26/6/2017 15:10,7/7/2017 0:00, 1 ,1 ,1,0 ,1 ,
db145d39d51668d2934a47dbae8e5e66,8bcd806bfdc8aec049be3a61872fb021,delivered,19/3/2018 14:29,20/3/2018 3:48,20/3/2018 21:22,11/4/2018 12:36,12/4/2018 0:00, 1 ,1 ,1,0 ,1 ,
db145d39d51668d2934a47dbae8e5e66,8bcd806bfdc8aec049be3a61872fb021,delivered,19/3/2018 14:29,20/3/2018 3:48,20/3/2018 21:22,11/4/2018 12:36,12/4/2018 0:00, 1 ,1 ,1,0 ,1 ,
f50654324d7bc3b79e01a02199fe1585,4e9cb4e5f4db18cf45e19c7a20951349,delivered,19/12/2017 18:12,20/12/2017 6:57,20/12/2017 16:03,27/12/2017 15:42,15/1/2018 0:00, 1 ,1 ,1, 1 ,1 ,
edfb49082a74314dd99b846ccd67b2a3,b98be2d53e952e3c5e284fdd41f6937e,delivered,28/6/2018 14:05,29/6/2018 2:35,29/6/2018 15:34,5/7/2018 0:51,18/7/2018 0:00, 1 ,1 ,1,0 ,1 ,
edfb49082a74314dd99b846ccd67b2a3,b98be2d53e952e3c5e284fdd41f6937e,delivered,28/6/2018 14:05,29/6/2018 2:35,29/6/2018 15:34,5/7/2018 0:51,18/7/2018 0:00, 1 ,1 ,1,0 ,1 ,
c52a603ac74efb60aefc2f0e79d3a432,607c5e234f26e35e0e8e32a6eb47670f,delivered,2/2/2017 15:22,3/2/2017 3:45,3/2/2017 12:34,10/2/2017 9:27,9/3/2017 0:00, 1 ,1 ,1, 1 ,1 ,
cb59b92296f398684c3959ad783f6402,e3714a321bd62a15f10dada6db668fb1,delivered,22/3/2018 13:58,23/3/2018 2:15,23/3/2018 18:32,26/3/2018 18:51,5/4/2018 0:00, 1 ,1 ,1,0 ,1 ,
cb59b92296f398684c3959ad783f6402,e3714a321bd62a15f10dada6db668fb1,delivered,22/3/2018 13:58,23/3/2018 2:15,23/3/2018 18:32,26/3/2018 18:51,5/4/2018 0:00, 1 ,1 ,1,0 ,1 ,
e6878ac5a9f0035c1d0a4e3310abe17c,face248ece2a747c58f14eb3d1ada150,delivered,13/12/2017 14:21,14/12/2017 2:16,15/12/2017 16:35,27/12/2017 16:38,15/1/2018 0:00, 1 ,1 ,1, 1 ,1 ,
37b6a6302848e0ce3dfefef7716a70b7,9d5d0ae23628bd7835869290caebde9e,delivered,27/6/2018 22:26,28/6/2018 10:11,28/6/2018 14:48,11/7/2018 13:37,25/7/2018 0:00, 1 ,1 ,1, 1 ,1 ,
5c0f36da2753c3794d51c7be947e5843,7fc1aee92f41c50a308472ea5053eb53,delivered,16/1/2018 15:54,17/1/2018 3:38,17/1/2018 21:21,26/1/2018 16:33,20/2/2018 0:00, 1 ,1 ,1,0 ,1 ,
5c0f36da2753c3794d51c7be947e5843,7fc1aee92f41c50a308472ea5053eb53,delivered,16/1/2018 15:54,17/1/2018 3:38,17/1/2018 21:21,26/1/2018 16:33,20/2/2018 0:00, 1 ,1 ,1,0 ,1 ,
5c0f36da2753c3794d51c7be947e5843,7fc1aee92f41c50a308472ea5053eb53,delivered,16/1/2018 15:54,17/1/2018 3:38,17/1/2018 21:21,26/1/2018 16:33,20/2/2018 0:00, 1 ,1 ,1,0 ,1 ,
6740c73dc204155d7ea39a1c893b48c2,08ec4e081721ef212d38b5fec3c38ccb,delivered,27/3/2018 19:48,28/3/2018 7:10,29/3/2018 19:58,16/4/2018 23:26,25/4/2018 0:00, 1 ,1 ,1, 1 ,1 ,
a373ffc34c4613f5136ec29b5af247e4,a9c5aae74c11eee456dac27069df9201,delivered,8/8/2018 16:42,9/8/2018 3:55,10/8/2018 15:58,16/8/2018 20:28,20/8/2018 0:00, 1 ,1 ,1,0 ,1 ,
a373ffc34c4613f5136ec29b5af247e4,a9c5aae74c11eee456dac27069df9201,delivered,8/8/2018 16:42,9/8/2018 3:55,10/8/2018 15:58,16/8/2018 20:28,20/8/2018 0:00, 1 ,1 ,1,0 ,1 ,
149bca3daf097d7695389efb9b491653,2af13ca2d0e14a998266edf6afa7291d,delivered,20/8/2018 3:59,20/8/2018 14:11,20/8/2018 15:12,30/8/2018 16:40,23/8/2018 0:00, 1 ,0 ,1, 1 ,1 ,
da6f3c22dc38f6e133f8a8f14f5d3cdb,80a76c0a8a6700d1b4a7c5d0a0820b76,delivered,18/9/2017 17:53,19/9/2017 3:55,19/9/2017 19:32,28/9/2017 20:57,6/10/2017 0:00, 1 ,1 ,1, 1 ,1 ,
e97c5b2fbc059aff15280edf4ff75dab,096998a766ecdf5781ac34029965b83f,delivered,15/8/2017 17:31,16/8/2017 3:30,16/8/2017 17:07,17/8/2017 15:39,28/8/2017 0:00, 1 ,1 ,1,0 ,1 ,
e97c5b2fbc059aff15280edf4ff75dab,096998a766ecdf5781ac34029965b83f,delivered,15/8/2017 17:31,16/8/2017 3:30,16/8/2017 17:07,17/8/2017 15:39,28/8/2017 0:00, 1 ,1 ,1,0 ,1 ,
e97c5b2fbc059aff15280edf4ff75dab,096998a766ecdf5781ac34029965b83f,delivered,15/8/2017 17:31,16/8/2017 3:30,16/8/2017 17:07,17/8/2017 15:39,28/8/2017 0:00, 1 ,1 ,1,0 ,1 ,
e97c5b2fbc059aff15280edf4ff75dab,096998a766ecdf5781ac34029965b83f,delivered,15/8/2017 17:31,16/8/2017 3:30,16/8/2017 17:07,17/8/2017 15:39,28/8/2017 0:00, 1 ,1 ,1,0 ,1 ,
e97c5b2fbc059aff15280edf4ff75dab,096998a766ecdf5781ac34029965b83f,delivered,15/8/2017 17:31,16/8/2017 3:30,16/8/2017 17:07,17/8/2017 15:39,28/8/2017 0:00, 1 ,1 ,1,0 ,1 ,
1e1f2f647008bb63f8fb6cfe18d64467,fb07a605560bc106800598d5f35f408f,delivered,21/12/2017 17:03,22/12/2017 2:51,22/12/2017 19:42,4/1/2018 17:33,24/1/2018 0:00, 1 ,1 ,1, 1 ,1 ,
5b8e4e84a2e2822c4a1e704ef4b20f92,b955b2fb6c219be7ae9be4de79f310fc,delivered,6/6/2018 10:57,6/6/2018 20:34,7/6/2018 9:03,11/6/2018 15:03,13/7/2018 0:00, 1 ,1 ,1,0 ,1 ,
5b8e4e84a2e2822c4a1e704ef4b20f92,b955b2fb6c219be7ae9be4de79f310fc,delivered,6/6/2018 10:57,6/6/2018 20:34,7/6/2018 9:03,11/6/2018 15:03,13/7/2018 0:00, 1 ,1 ,1,0 ,1 ,
85a525f63659815ea2974c9fdc1c85b9,18e60ac17a63a5f07b52c9dc037ab20a,delivered,2/3/2018 17:11,3/3/2018 2:35,8/3/2018 18:56,9/3/2018 19:41,21/3/2018 0:00, 1 ,1 ,1,0 ,1 ,
85a525f63659815ea2974c9fdc1c85b9,18e60ac17a63a5f07b52c9dc037ab20a,delivered,2/3/2018 17:11,3/3/2018 2:35,8/3/2018 18:56,9/3/2018 19:41,21/3/2018 0:00, 1 ,1 ,1,0 ,1 ,
1fd20dcd28f95b7f60b8b09212db9f30,2730b508803cd84b892f1a6f93da0f70,delivered,5/6/2018 13:12,5/6/2018 21:53,6/6/2018 14:07,15/6/2018 15:03,16/7/2018 0:00, 1 ,1 ,1, 1 ,1 ,
b79c572e995becc5a19efc2e211b5742,2da80b9d24204c38f09c8bfdb0e3b0b6,delivered,24/4/2018 10:27,24/4/2018 18:27,25/4/2018 14:42,30/4/2018 18:02,21/5/2018 0:00, 1 ,1 ,1,0 ,1 ,
b79c572e995becc5a19efc2e211b5742,2da80b9d24204c38f09c8bfdb0e3b0b6,delivered,24/4/2018 10:27,24/4/2018 18:27,25/4/2018 14:42,30/4/2018 18:02,21/5/2018 0:00, 1 ,1 ,1,0 ,1 ,
73420d311b56ca667f78b32cfccea8eb,16d54b87b9a9b62fdbe0efd2521e8eae,delivered,18/1/2018 19:10,19/1/2018 2:38,22/1/2018 22:49,24/1/2018 17:59,2/2/2018 0:00, 1 ,1 ,1, 1 ,1 ,
c08d66a6714c940c505deae9b3916bcf,04da4cb5962496bd80f5d2d9de7a50b2,delivered,23/1/2018 19:51,24/1/2018 2:53,24/1/2018 17:15,25/1/2018 22:24,7/2/2018 0:00, 1 ,1 ,1, 1 ,1 ,
12bd377dd79de8d6c43f67d1a0358743,0d772db64a20cbf2f1bea1c6682b29d0,delivered,30/7/2018 12:42,30/7/2018 19:32,1/8/2018 15:07,6/8/2018 23:18,23/8/2018 0:00, 1 ,1 ,1, 1 ,1 ,
3198a007090c3a630beb0fe82d14a0c6,134224848047da7d93f50ce13565f1d1,delivered,24/5/2017 20:02,25/5/2017 2:50,25/5/2017 9:27,1/6/2017 13:15,27/6/2017 0:00, 1 ,1 ,1, 1 ,1 ,
8287f2f36572998dbbc2c70647bf0b52,0fa73966f993a5d1a62afb0c5e43f050,delivered,28/6/2017 20:56,29/6/2017 2:50,4/7/2017 15:32,7/7/2017 17:41,11/7/2017 0:00, 1 ,1 ,1, 1 ,1 ,
37e5725572d3cbd7aad103b730f9232a,3dd789d5301761182d28eb73ce1558ed,delivered,20/8/2018 9:18,20/8/2018 14:53,28/8/2018 16:13,29/8/2018 22:58,27/8/2018 0:00, 1 ,0 ,1, 1 ,1 ,
4d544ef55956dd8aadf1162dc1b82ae1,50ffd1f49d653ce5b5d70d54db3468cf,delivered,20/8/2018 10:09,20/8/2018 14:55,22/8/2018 22:07,23/8/2018 18:45,27/8/2018 0:00, 1 ,1 ,1,0 ,1 ,
4d544ef55956dd8aadf1162dc1b82ae1,50ffd1f49d653ce5b5d70d54db3468cf,delivered,20/8/2018 10:09,20/8/2018 14:55,22/8/2018 22:07,23/8/2018 18:45,27/8/2018 0:00, 1 ,1 ,1,0 ,1 ,
4d544ef55956dd8aadf1162dc1b82ae1,50ffd1f49d653ce5b5d70d54db3468cf,delivered,20/8/2018 10:09,20/8/2018 14:55,22/8/2018 22:07,23/8/2018 18:45,27/8/2018 0:00, 1 ,1 ,1,0 ,1 ,
4d544ef55956dd8aadf1162dc1b82ae1,50ffd1f49d653ce5b5d70d54db3468cf,delivered,20/8/2018 10:09,20/8/2018 14:55,22/8/2018 22:07,23/8/2018 18:45,27/8/2018 0:00, 1 ,1 ,1,0 ,1 ,
4d544ef55956dd8aadf1162dc1b82ae1,50ffd1f49d653ce5b5d70d54db3468cf,delivered,20/8/2018 10:09,20/8/2018 14:55,22/8/2018 22:07,23/8/2018 18:45,27/8/2018 0:00, 1 ,1 ,1,0 ,1 ,
249385a8a3fb6a8765bed08eaeef9919,580d8871c30dc0e5f3522d8eb0c14658,delivered,5/9/2017 22:34,6/9/2017 3:04,8/9/2017 15:43,19/9/2017 19:10,27/9/2017 0:00, 1 ,1 ,1, 1 ,1 ,
0084209c576daad6ff4534902fcb4892,7bfe2d37d3643c4bd9fe6fd5c4228d0e,delivered,5/7/2017 13:14,5/7/2017 17:41,6/7/2017 15:29,18/7/2017 12:34,27/7/2017 0:00, 1 ,1 ,1,0 ,1 ,
0084209c576daad6ff4534902fcb4892,7bfe2d37d3643c4bd9fe6fd5c4228d0e,delivered,5/7/2017 13:14,5/7/2017 17:41,6/7/2017 15:29,18/7/2017 12:34,27/7/2017 0:00, 1 ,1 ,1,0 ,1 ,
0084209c576daad6ff4534902fcb4892,7bfe2d37d3643c4bd9fe6fd5c4228d0e,delivered,5/7/2017 13:14,5/7/2017 17:41,6/7/2017 15:29,18/7/2017 12:34,27/7/2017 0:00, 1 ,1 ,1,0 ,1 ,
a057392bd88e2acf040eb2a5674b557c,911ce2749529dc52f4f4b75ae306cc42,delivered,22/5/2018 21:44,23/5/2018 1:35,23/5/2018 15:11,25/5/2018 13:44,30/5/2018 0:00, 1 ,1 ,1,0 ,1 ,
a057392bd88e2acf040eb2a5674b557c,911ce2749529dc52f4f4b75ae306cc42,delivered,22/5/2018 21:44,23/5/2018 1:35,23/5/2018 15:11,25/5/2018 13:44,30/5/2018 0:00, 1 ,1 ,1,0 ,1 ,
12110189ef70d77e946c6a0bd7b945a8,bf869ccfff4c893dbcb79dc0ca96043e,delivered,21/5/2018 11:42,21/5/2018 15:31,22/5/2018 13:13,20/6/2018 22:58,7/6/2018 0:00, 1 ,0 ,1,0 ,0 , Duplicate order id 
12110189ef70d77e946c6a0bd7b945a8,bf869ccfff4c893dbcb79dc0ca96043e,delivered,21/5/2018 11:42,21/5/2018 15:31,22/5/2018 13:13,20/6/2018 22:58,7/6/2018 0:00, 1 ,0 ,1,0 ,0 , Duplicate order id 
5f4f0369b32151df633e5054d6f4a3fd,ed3e6a4bc34efc2ba21fd9a1fc6048f9,delivered,24/1/2018 11:31,24/1/2018 15:16,25/1/2018 21:41,7/2/2018 1:12,16/2/2018 0:00, 1 ,1 ,1, 1 ,1 ,
da199a7491e600f839b6a5f580902cd9,b8a5c16528757594028cc97c84dae4c8,delivered,21/5/2018 11:54,21/5/2018 15:31,22/5/2018 7:58,24/5/2018 15:28,4/6/2018 0:00, 1 ,1 ,1,0 ,1 ,
da199a7491e600f839b6a5f580902cd9,b8a5c16528757594028cc97c84dae4c8,delivered,21/5/2018 11:54,21/5/2018 15:31,22/5/2018 7:58,24/5/2018 15:28,4/6/2018 0:00, 1 ,1 ,1,0 ,1 ,
da199a7491e600f839b6a5f580902cd9,b8a5c16528757594028cc97c84dae4c8,delivered,21/5/2018 11:54,21/5/2018 15:31,22/5/2018 7:58,24/5/2018 15:28,4/6/2018 0:00, 1 ,1 ,1,0 ,1 ,
da199a7491e600f839b6a5f580902cd9,b8a5c16528757594028cc97c84dae4c8,delivered,21/5/2018 11:54,21/5/2018 15:31,22/5/2018 7:58,24/5/2018 15:28,4/6/2018 0:00, 1 ,1 ,1,0 ,1 ,
c83b1508d1ce87e8c380ee3209720f81,859530ad4eef3fa5932b7aa55aeb314c,delivered,23/5/2018 16:00,23/5/2018 19:36,24/5/2018 15:49,6/6/2018 21:56,21/6/2018 0:00, 1 ,1 ,1,0 ,1 ,
c83b1508d1ce87e8c380ee3209720f81,859530ad4eef3fa5932b7aa55aeb314c,delivered,23/5/2018 16:00,23/5/2018 19:36,24/5/2018 15:49,6/6/2018 21:56,21/6/2018 0:00, 1 ,1 ,1,0 ,1 ,
1fce119897499a117beb9f48ac6cff5c,3ff44e26adfbbe256c5c9dcfb14d5822,delivered,31/1/2018 10:22,31/1/2018 13:44,2/2/2018 20:34,14/2/2018 21:53,22/2/2018 0:00, 1 ,1 ,1, 1 ,1 ,
99ac72244106ef18ebd81fb6bebfa4bb,ced353863f72326c7e319790ba7c2952,delivered,24/11/2017 22:46,25/11/2017 1:52,28/11/2017 21:28,27/12/2017 14:09,27/12/2017 0:00, 1 ,0 ,1, 1 ,1 ,
ef4e75686c79d2eb0f53648928f9add9,61243a439b7024dbc182245abdc37c2b,delivered,24/11/2017 21:37,25/11/2017 0:36,27/11/2017 20:51,12/12/2017 13:35,22/12/2017 0:00, 1 ,1 ,1, 1 ,1 ,
0d694d4d413750922e42f63577896916,9b87b9bb4f1b6cd001096294c21970c8,delivered,24/11/2017 23:20,25/11/2017 2:16,28/11/2017 21:59,30/12/2017 0:06,20/12/2017 0:00, 1 ,0 ,1,0 ,0 , Duplicate order id 
0d694d4d413750922e42f63577896916,9b87b9bb4f1b6cd001096294c21970c8,delivered,24/11/2017 23:20,25/11/2017 2:16,28/11/2017 21:59,30/12/2017 0:06,20/12/2017 0:00, 1 ,0 ,1,0 ,0 , Duplicate order id 
a84f2bf7fd1e2c2f29199f76c46d5238,361b489a269ec4bfcd217ab600c15a48,delivered,24/11/2017 21:03,24/11/2017 23:59,4/12/2017 15:57,22/12/2017 19:38,21/12/2017 0:00, 1 ,0 ,1, 1 ,1 ,
1454fd9eec5f4140bdbea254680361e5,d4b31b56a3fa1b91fa8d21f6f4466b6b,delivered,24/11/2017 21:05,24/11/2017 23:56,27/11/2017 12:48,20/12/2017 16:23,27/12/2017 0:00, 1 ,1 ,1,0 ,1 ,
1454fd9eec5f4140bdbea254680361e5,d4b31b56a3fa1b91fa8d21f6f4466b6b,delivered,24/11/2017 21:05,24/11/2017 23:56,27/11/2017 12:48,20/12/2017 16:23,27/12/2017 0:00, 1 ,1 ,1,0 ,1 ,
0149c597dcc0963d7315f904495b631c,a9bb000979210a35541c29601f2dc03e,delivered,26/4/2018 0:35,26/4/2018 3:15,26/4/2018 12:55,30/4/2018 16:36,11/5/2018 0:00, 1 ,1 ,1,0 ,1 ,
0149c597dcc0963d7315f904495b631c,a9bb000979210a35541c29601f2dc03e,delivered,26/4/2018 0:35,26/4/2018 3:15,26/4/2018 12:55,30/4/2018 16:36,11/5/2018 0:00, 1 ,1 ,1,0 ,1 ,
9950e10864fad6c02ade4829884ebd39,ceb4667fc3851809ade8a13953032538,delivered,25/11/2017 0:50,25/11/2017 3:17,30/11/2017 0:02,12/12/2017 18:52,18/12/2017 0:00, 1 ,1 ,1,0 ,1 ,
9950e10864fad6c02ade4829884ebd39,ceb4667fc3851809ade8a13953032538,delivered,25/11/2017 0:50,25/11/2017 3:17,30/11/2017 0:02,12/12/2017 18:52,18/12/2017 0:00, 1 ,1 ,1,0 ,1 ,
c1f81880aca45c52130764058999025e,cc665602c5a3f9487780d90695667353,delivered,24/11/2017 13:04,24/11/2017 15:14,28/11/2017 18:48,30/11/2017 19:14,8/12/2017 0:00, 1 ,1 ,1, 1 ,1 ,
d9dd31d18506394e89644f5e0b9664e3,525386e5496dcb6a38723359f7450144,delivered,11/10/2017 12:32,11/10/2017 14:43,13/10/2017 23:13,17/10/2017 18:30,30/10/2017 0:00, 1 ,1 ,1,0 ,1 ,
d9dd31d18506394e89644f5e0b9664e3,525386e5496dcb6a38723359f7450144,delivered,11/10/2017 12:32,11/10/2017 14:43,13/10/2017 23:13,17/10/2017 18:30,30/10/2017 0:00, 1 ,1 ,1,0 ,1 ,
c3341ac81d23f61418efcca37cff454d,255a8946290522f5dd7470c385ee3a54,delivered,9/11/2017 1:23,9/11/2017 3:31,9/11/2017 15:56,21/11/2017 2:16,5/12/2017 0:00, 1 ,1 ,1, 1 ,1 ,
4259b9850303df4a05fb8b708405b75e,b168384955d47d20478b0a540d870068,delivered,22/1/2018 12:14,22/1/2018 14:19,25/1/2018 15:52,31/1/2018 21:32,14/2/2018 0:00, 1 ,1 ,1,0 ,1 ,
4259b9850303df4a05fb8b708405b75e,b168384955d47d20478b0a540d870068,delivered,22/1/2018 12:14,22/1/2018 14:19,25/1/2018 15:52,31/1/2018 21:32,14/2/2018 0:00, 1 ,1 ,1,0 ,1 ,
f8b6d271cb2c002baa7fd9d98d258577,2cd756bc2589c1bccff1bd60a783f05b,delivered,18/12/2017 14:29,18/12/2017 16:31,22/12/2017 22:44,28/12/2017 16:23,11/1/2018 0:00, 1 ,1 ,1,0 ,1 ,
f8b6d271cb2c002baa7fd9d98d258577,2cd756bc2589c1bccff1bd60a783f05b,delivered,18/12/2017 14:29,18/12/2017 16:31,22/12/2017 22:44,28/12/2017 16:23,11/1/2018 0:00, 1 ,1 ,1,0 ,1 ,
f8b6d271cb2c002baa7fd9d98d258577,2cd756bc2589c1bccff1bd60a783f05b,delivered,18/12/2017 14:29,18/12/2017 16:31,22/12/2017 22:44,28/12/2017 16:23,11/1/2018 0:00, 1 ,1 ,1,0 ,1 ,
bd5c96897aa0d348c89df8ebc8f13c3d,82452ba1984cdfcfb649c4628a41190c,delivered,15/8/2017 15:41,15/8/2017 17:35,18/8/2017 15:43,31/8/2017 19:27,6/9/2017 0:00, 1 ,1 ,1,0 ,1 ,
bd5c96897aa0d348c89df8ebc8f13c3d,82452ba1984cdfcfb649c4628a41190c,delivered,15/8/2017 15:41,15/8/2017 17:35,18/8/2017 15:43,31/8/2017 19:27,6/9/2017 0:00, 1 ,1 ,1,0 ,1 ,
bd5c96897aa0d348c89df8ebc8f13c3d,82452ba1984cdfcfb649c4628a41190c,delivered,15/8/2017 15:41,15/8/2017 17:35,18/8/2017 15:43,31/8/2017 19:27,6/9/2017 0:00, 1 ,1 ,1,0 ,1 ,
f26f902bdbbc733c04384af07f954c19,e04fc9722632182bd8740b612e764f2f,delivered,20/8/2018 14:25,20/8/2018 16:15,22/8/2018 12:48,24/8/2018 23:18,24/8/2018 0:00, 1 ,0 ,1,0 ,0 , Duplicate order id 
f26f902bdbbc733c04384af07f954c19,e04fc9722632182bd8740b612e764f2f,delivered,20/8/2018 14:25,20/8/2018 16:15,22/8/2018 12:48,24/8/2018 23:18,24/8/2018 0:00, 1 ,0 ,1,0 ,0 , Duplicate order id 
f26f902bdbbc733c04384af07f954c19,e04fc9722632182bd8740b612e764f2f,delivered,20/8/2018 14:25,20/8/2018 16:15,22/8/2018 12:48,24/8/2018 23:18,24/8/2018 0:00, 1 ,0 ,1,0 ,0 , Duplicate order id 
b17d1971fecd03b2f511cbf6cfab681e,933c4bfb97a8cdf9711b9d4fb70e38a6,delivered,8/6/2018 13:50,8/6/2018 15:31,13/6/2018 12:51,29/6/2018 21:44,12/7/2018 0:00, 1 ,1 ,1, 1 ,1 ,
6255b494d1f33dd8dc68c7e80c4a7119,7676a6b51ce4574665467c5c9987eea0,delivered,4/12/2017 16:55,4/12/2017 18:30,6/12/2017 20:43,21/12/2017 0:58,29/12/2017 0:00, 1 ,1 ,1,0 ,1 ,
6255b494d1f33dd8dc68c7e80c4a7119,7676a6b51ce4574665467c5c9987eea0,delivered,4/12/2017 16:55,4/12/2017 18:30,6/12/2017 20:43,21/12/2017 0:58,29/12/2017 0:00, 1 ,1 ,1,0 ,1 ,
c6522dab7d6b83ada4140b653c4db0b5,0792343f0465acf2c7aee7e4fce852d8,delivered,30/1/2017 16:07,30/1/2017 17:31,1/2/2017 13:57,16/2/2017 12:35,7/3/2017 0:00, 1 ,1 ,1,0 ,1 ,
c6522dab7d6b83ada4140b653c4db0b5,0792343f0465acf2c7aee7e4fce852d8,delivered,30/1/2017 16:07,30/1/2017 17:31,1/2/2017 13:57,16/2/2017 12:35,7/3/2017 0:00, 1 ,1 ,1,0 ,1 ,
50095280c67784024321b92405711172,43a9d2a398e6cc3fb4e10a766d0458e5,delivered,12/6/2017 11:43,12/6/2017 13:06,12/6/2017 14:04,21/6/2017 16:13,11/7/2017 0:00, 1 ,1 ,1, 1 ,1 ,
eb0992cac4de66577bd1488c4e32ff55,d4a63d7782e96c6d0e83a2f101d18861,delivered,23/6/2017 16:08,23/6/2017 17:15,27/6/2017 8:09,13/7/2017 19:22,25/7/2017 0:00, 1 ,1 ,1, 1 ,1 ,
1cf13598b7e6449603960c24184dee24,5a530074a06a772c8a9a6bb90151f04d,delivered,26/7/2017 9:44,26/7/2017 10:50,26/7/2017 19:47,4/8/2017 19:33,29/8/2017 0:00, 1 ,1 ,1, 1 ,1 ,
bde06a769a934fd5e54ef3a8019a4e72,04eec7a0a61d36a9fc40fbce299ea2a0,delivered,18/12/2017 16:45,18/12/2017 17:51,5/1/2018 17:59,21/2/2018 0:21,26/1/2018 0:00, 1 ,0 ,1,0 ,0 , Duplicate order id 
bde06a769a934fd5e54ef3a8019a4e72,04eec7a0a61d36a9fc40fbce299ea2a0,delivered,18/12/2017 16:45,18/12/2017 17:51,5/1/2018 17:59,21/2/2018 0:21,26/1/2018 0:00, 1 ,0 ,1,0 ,0 , Duplicate order id 
fa8161b19b784110a75dfd84c5c63b1a,5c5ca003c071d601217cee768b2a4b28,delivered,7/5/2017 12:01,7/5/2017 13:05,9/5/2017 7:46,13/5/2017 11:56,2/6/2017 0:00, 1 ,1 ,1,0 ,1 ,
fa8161b19b784110a75dfd84c5c63b1a,5c5ca003c071d601217cee768b2a4b28,delivered,7/5/2017 12:01,7/5/2017 13:05,9/5/2017 7:46,13/5/2017 11:56,2/6/2017 0:00, 1 ,1 ,1,0 ,1 ,
c32cd20b02f7a00f57fc945e5ff41a6f,50af213ac6c4d368abec6e28d12c605c,delivered,7/2/2018 13:27,7/2/2018 14:31,9/2/2018 0:09,14/2/2018 13:57,23/2/2018 0:00, 1 ,1 ,1, 1 ,1 ,
640174dd3b1c33b00c0beab57f415612,f13981ea8af8ae0585691db41e971355,delivered,3/6/2018 21:51,3/6/2018 22:55,4/6/2018 13:34,8/6/2018 16:48,17/7/2018 0:00, 1 ,1 ,1, 1 ,1 ,
c0c1dd37a8e883f0250adaa36b474263,a85fcfe5a8e1ae143d339a18516ad663,delivered,5/6/2018 16:13,5/6/2018 17:15,6/6/2018 8:23,18/6/2018 23:44,19/7/2018 0:00, 1 ,1 ,1,0 ,1 ,
c0c1dd37a8e883f0250adaa36b474263,a85fcfe5a8e1ae143d339a18516ad663,delivered,5/6/2018 16:13,5/6/2018 17:15,6/6/2018 8:23,18/6/2018 23:44,19/7/2018 0:00, 1 ,1 ,1,0 ,1 ,
c0c1dd37a8e883f0250adaa36b474263,a85fcfe5a8e1ae143d339a18516ad663,delivered,5/6/2018 16:13,5/6/2018 17:15,6/6/2018 8:23,18/6/2018 23:44,19/7/2018 0:00, 1 ,1 ,1,0 ,1 ,
d03ba703f83e314f2bad7505a1031522,44b0e19cde4e2cb4acf0dcd9f314f248,delivered,7/2/2018 21:33,7/2/2018 22:35,8/2/2018 19:35,16/2/2018 0:22,12/3/2018 0:00, 1 ,1 ,1, 1 ,1 ,
a15df161654da3f47c2984ffd7764920,109cf3ecc53afd27745a79a618cb5ec4,delivered,28/1/2017 18:30,28/1/2017 19:31,31/1/2017 11:09,10/2/2017 12:27,8/3/2017 0:00, 1 ,1 ,1,0 ,1 ,
a15df161654da3f47c2984ffd7764920,109cf3ecc53afd27745a79a618cb5ec4,delivered,28/1/2017 18:30,28/1/2017 19:31,31/1/2017 11:09,10/2/2017 12:27,8/3/2017 0:00, 1 ,1 ,1,0 ,1 ,
5af72703d4208ea6a92351eb9806b4de,c2d787ac1420a26188569cf4f106af00,delivered,16/8/2017 21:04,16/8/2017 22:05,18/8/2017 20:14,28/8/2017 20:54,5/9/2017 0:00, 1 ,1 ,1, 1 ,1 ,
c3c27f7cd6104efcb1a0d7793dd66fd2,faac546cb986bf69ac3fe11b519c3c43,delivered,21/2/2018 20:48,21/2/2018 21:49,27/2/2018 17:05,5/3/2018 19:37,23/3/2018 0:00, 1 ,1 ,1,0 ,1 ,
c3c27f7cd6104efcb1a0d7793dd66fd2,faac546cb986bf69ac3fe11b519c3c43,delivered,21/2/2018 20:48,21/2/2018 21:49,27/2/2018 17:05,5/3/2018 19:37,23/3/2018 0:00, 1 ,1 ,1,0 ,1 ,
c3c27f7cd6104efcb1a0d7793dd66fd2,faac546cb986bf69ac3fe11b519c3c43,delivered,21/2/2018 20:48,21/2/2018 21:49,27/2/2018 17:05,5/3/2018 19:37,23/3/2018 0:00, 1 ,1 ,1,0 ,1 ,
98c9c5c7df242bfccd1ad3510eff89f2,2879df7ed1e90a3f0bad2a69eaa904ba,delivered,2/2/2018 16:45,2/2/2018 17:43,5/2/2018 16:07,20/2/2018 17:22,1/3/2018 0:00, 1 ,1 ,1,0 ,1 ,
98c9c5c7df242bfccd1ad3510eff89f2,2879df7ed1e90a3f0bad2a69eaa904ba,delivered,2/2/2018 16:45,2/2/2018 17:43,5/2/2018 16:07,20/2/2018 17:22,1/3/2018 0:00, 1 ,1 ,1,0 ,1 ,
98c9c5c7df242bfccd1ad3510eff89f2,2879df7ed1e90a3f0bad2a69eaa904ba,delivered,2/2/2018 16:45,2/2/2018 17:43,5/2/2018 16:07,20/2/2018 17:22,1/3/2018 0:00, 1 ,1 ,1,0 ,1 ,
98c9c5c7df242bfccd1ad3510eff89f2,2879df7ed1e90a3f0bad2a69eaa904ba,delivered,2/2/2018 16:45,2/2/2018 17:43,5/2/2018 16:07,20/2/2018 17:22,1/3/2018 0:00, 1 ,1 ,1,0 ,1 ,
4e000d94b48474ed259893d52b57d357,0b3e90a83c52a1db4ffd061f30cbb865,delivered,18/6/2018 15:43,18/6/2018 16:40,19/6/2018 14:19,25/6/2018 15:12,17/7/2018 0:00, 1 ,1 ,1, 1 ,1 ,
bd5d52497dd09bba18a9c06890c2e2c5,b81903860cd300ddda44b87124a88002,delivered,6/8/2017 22:26,6/8/2017 23:20,8/8/2017 19:11,5/9/2017 22:07,6/9/2017 0:00, 1 ,1 ,1,0 ,1 ,
bd5d52497dd09bba18a9c06890c2e2c5,b81903860cd300ddda44b87124a88002,delivered,6/8/2017 22:26,6/8/2017 23:20,8/8/2017 19:11,5/9/2017 22:07,6/9/2017 0:00, 1 ,1 ,1,0 ,1 ,
48b4f1f96d5ae13b404fe7d041a8d393,77151da438a727054ce6430fd175793a,delivered,9/8/2018 13:41,9/8/2018 14:35,9/8/2018 13:57,24/8/2018 16:44,26/9/2018 0:00, 1 ,0 ,1,0 ,0 , Duplicate order id 
48b4f1f96d5ae13b404fe7d041a8d393,77151da438a727054ce6430fd175793a,delivered,9/8/2018 13:41,9/8/2018 14:35,9/8/2018 13:57,24/8/2018 16:44,26/9/2018 0:00, 1 ,0 ,1,0 ,0 , Duplicate order id 
c68482199495e3a57ca04d15b0159808,ad0dbbc49ba11e1ee93a974f6be5c81f,delivered,10/3/2018 19:54,10/3/2018 20:47,14/3/2018 1:10,26/3/2018 17:28,28/3/2018 0:00, 1 ,1 ,1, 1 ,1 ,
f63be24880200ae32aa24f5b458a3dc3,a6954f48f5d8a0dcbad1a0921109cb56,unavailable,27/1/2017 13:39,27/1/2017 14:31,,,16/3/2017 0:00,0 ,0 ,1, 1 ,0 ,
5bc2a7b8f0817443a86b69461e742cc9,e24c95c7fcea91f9d8e06c7b2a139301,delivered,3/1/2018 12:40,3/1/2018 13:31,3/1/2018 22:25,12/1/2018 21:59,1/2/2018 0:00, 1 ,1 ,1, 1 ,1 ,
5ce67f8655ea16aca378fdb87e3a8665,a7f2c8702670c3daa643060f32eba202,delivered,2/3/2018 0:29,2/3/2018 1:20,2/3/2018 22:14,7/3/2018 17:46,14/3/2018 0:00, 1 ,1 ,1, 1 ,1 ,
fd86c80924b4be8fb7f58c4ecc680dae,db76ebd0d51c2b3cc44d84cd6df46336,delivered,8/3/2018 19:37,8/3/2018 20:28,9/3/2018 18:04,16/3/2018 1:30,27/3/2018 0:00, 1 ,1 ,1,0 ,1 ,
fd86c80924b4be8fb7f58c4ecc680dae,db76ebd0d51c2b3cc44d84cd6df46336,delivered,8/3/2018 19:37,8/3/2018 20:28,9/3/2018 18:04,16/3/2018 1:30,27/3/2018 0:00, 1 ,1 ,1,0 ,1 ,
010ef5b0279d7512e7343cb775e423c0,4b9e8cd034b45245928f0d55a4ed4310,delivered,17/4/2018 11:28,17/4/2018 12:15,18/4/2018 15:32,23/4/2018 22:41,7/5/2018 0:00, 1 ,1 ,1,0 ,1 ,
010ef5b0279d7512e7343cb775e423c0,4b9e8cd034b45245928f0d55a4ed4310,delivered,17/4/2018 11:28,17/4/2018 12:15,18/4/2018 15:32,23/4/2018 22:41,7/5/2018 0:00, 1 ,1 ,1,0 ,1 ,
010ef5b0279d7512e7343cb775e423c0,4b9e8cd034b45245928f0d55a4ed4310,delivered,17/4/2018 11:28,17/4/2018 12:15,18/4/2018 15:32,23/4/2018 22:41,7/5/2018 0:00, 1 ,1 ,1,0 ,1 ,
46b3fd7575085d6acefa04739e8c03a5,1c26fa5d7e1d256fb6edecc2084c58ed,delivered,11/12/2017 23:18,12/12/2017 0:05,14/12/2017 11:38,19/12/2017 13:29,28/12/2017 0:00, 1 ,1 ,1, 1 ,1 ,
624d5e149bcc11515ce32c6d710f566e,8edb93cca5a8d190789ab8aa6f415c9d,delivered,19/3/2018 10:45,19/3/2018 11:31,22/3/2018 21:34,27/3/2018 19:11,29/3/2018 0:00, 1 ,1 ,1,0 ,1 ,
624d5e149bcc11515ce32c6d710f566e,8edb93cca5a8d190789ab8aa6f415c9d,delivered,19/3/2018 10:45,19/3/2018 11:31,22/3/2018 21:34,27/3/2018 19:11,29/3/2018 0:00, 1 ,1 ,1,0 ,1 ,
e3968a0c251516530db38b5cc66111d7,452f6eb6e66d0232d1e44b98f09e8a62,delivered,10/6/2017 0:37,10/6/2017 1:22,12/6/2017 9:14,23/6/2017 10:22,13/7/2017 0:00, 1 ,1 ,1, 1 ,1 ,
4ab6fc6c373a975bb90e462b81260198,c655ad65c7fb69b14d38b1544b44830c,delivered,14/11/2017 16:19,14/11/2017 17:03,17/11/2017 10:55,23/11/2017 18:07,4/12/2017 0:00, 1 ,1 ,1,0 ,1 ,
4ab6fc6c373a975bb90e462b81260198,c655ad65c7fb69b14d38b1544b44830c,delivered,14/11/2017 16:19,14/11/2017 17:03,17/11/2017 10:55,23/11/2017 18:07,4/12/2017 0:00, 1 ,1 ,1,0 ,1 ,
4ab6fc6c373a975bb90e462b81260198,c655ad65c7fb69b14d38b1544b44830c,delivered,14/11/2017 16:19,14/11/2017 17:03,17/11/2017 10:55,23/11/2017 18:07,4/12/2017 0:00, 1 ,1 ,1,0 ,1 ,
ab6087eb8ea6d8f8a36d6e787567bc64,955719867f907f671d614150a5436c10,delivered,17/8/2017 20:12,17/8/2017 20:55,21/8/2017 20:17,29/8/2017 18:16,13/9/2017 0:00, 1 ,1 ,1, 1 ,1 ,
eb35492173c3951dc20f437e0f5baf8e,4e3b341939a50bd5d99a86546e81526c,delivered,26/4/2018 9:51,26/4/2018 10:34,26/4/2018 14:29,30/4/2018 16:06,10/5/2018 0:00, 1 ,1 ,1,0 ,1 ,
eb35492173c3951dc20f437e0f5baf8e,4e3b341939a50bd5d99a86546e81526c,delivered,26/4/2018 9:51,26/4/2018 10:34,26/4/2018 14:29,30/4/2018 16:06,10/5/2018 0:00, 1 ,1 ,1,0 ,1 ,
4d5abe7999d76d1fb6237d3677706af0,88aac7b0942dcdb41ebabf7811b106fc,delivered,23/11/2017 18:13,23/11/2017 18:55,28/11/2017 20:07,19/12/2017 8:58,4/1/2018 0:00, 1 ,1 ,1,0 ,1 ,
4d5abe7999d76d1fb6237d3677706af0,88aac7b0942dcdb41ebabf7811b106fc,delivered,23/11/2017 18:13,23/11/2017 18:55,28/11/2017 20:07,19/12/2017 8:58,4/1/2018 0:00, 1 ,1 ,1,0 ,1 ,
4d5abe7999d76d1fb6237d3677706af0,88aac7b0942dcdb41ebabf7811b106fc,delivered,23/11/2017 18:13,23/11/2017 18:55,28/11/2017 20:07,19/12/2017 8:58,4/1/2018 0:00, 1 ,1 ,1,0 ,1 ,
4d5abe7999d76d1fb6237d3677706af0,88aac7b0942dcdb41ebabf7811b106fc,delivered,23/11/2017 18:13,23/11/2017 18:55,28/11/2017 20:07,19/12/2017 8:58,4/1/2018 0:00, 1 ,1 ,1,0 ,1 ,
be4bbf54d948c09c8aac488a1162c1e1,e8126668295dd95c0bb189bb31e9b00a,delivered,29/12/2017 16:51,29/12/2017 17:31,2/1/2018 20:39,8/1/2018 22:59,24/1/2018 0:00, 1 ,1 ,1, 1 ,1 ,
07ea296aee6d3fc7e722d3d2716448c9,72bda37cce8718fda2c702b1a23d4ac5,delivered,1/5/2018 12:57,1/5/2018 13:36,2/5/2018 15:44,3/5/2018 17:39,14/5/2018 0:00, 1 ,1 ,1,0 ,1 ,
07ea296aee6d3fc7e722d3d2716448c9,72bda37cce8718fda2c702b1a23d4ac5,delivered,1/5/2018 12:57,1/5/2018 13:36,2/5/2018 15:44,3/5/2018 17:39,14/5/2018 0:00, 1 ,1 ,1,0 ,1 ,
eb51a3baab302140a62ffd510647c546,69f3d5d216d99079f72ead4326908012,delivered,25/2/2018 10:43,25/2/2018 11:20,27/2/2018 16:33,13/3/2018 14:22,19/3/2018 0:00, 1 ,1 ,1, 1 ,1 ,
29c5a7f7a7e0947fa6d28f355cd28c5f,8b5ac3704c58f8ab8591a68d5427f41e,delivered,15/5/2018 13:53,15/5/2018 14:30,21/5/2018 16:30,6/6/2018 15:04,5/6/2018 0:00, 1 ,0 ,1,0 ,0 , Duplicate order id 
29c5a7f7a7e0947fa6d28f355cd28c5f,8b5ac3704c58f8ab8591a68d5427f41e,delivered,15/5/2018 13:53,15/5/2018 14:30,21/5/2018 16:30,6/6/2018 15:04,5/6/2018 0:00, 1 ,0 ,1,0 ,0 , Duplicate order id 
29c5a7f7a7e0947fa6d28f355cd28c5f,8b5ac3704c58f8ab8591a68d5427f41e,delivered,15/5/2018 13:53,15/5/2018 14:30,21/5/2018 16:30,6/6/2018 15:04,5/6/2018 0:00, 1 ,0 ,1,0 ,0 , Duplicate order id 
59c134c32edc0046c31ad8bd6f521b61,4a5eab03ad0ee1503ed736150a484cda,delivered,21/11/2017 14:45,21/11/2017 15:22,22/11/2017 21:03,25/11/2017 15:21,8/12/2017 0:00, 1 ,1 ,1, 1 ,1 ,
7343951818332032146c6e09dd824443,9cf66f100674f9c49ad1cce8c54545ba,delivered,10/10/2017 19:29,10/10/2017 20:06,11/10/2017 19:20,18/10/2017 19:06,1/11/2017 0:00, 1 ,1 ,1,0 ,1 ,
7343951818332032146c6e09dd824443,9cf66f100674f9c49ad1cce8c54545ba,delivered,10/10/2017 19:29,10/10/2017 20:06,11/10/2017 19:20,18/10/2017 19:06,1/11/2017 0:00, 1 ,1 ,1,0 ,1 ,
bf1884f9aca840a9b8738d4bef0945b0,d62f9d8739e6373565e73644f442f555,delivered,2/8/2018 12:54,2/8/2018 13:30,3/8/2018 7:55,15/8/2018 0:12,7/8/2018 0:00, 1 ,0 ,1, 1 ,1 ,
7a1b04571b7a200f334cf7a4ab4c918c,0827a9c2399f5a54a666bb8c2b783be4,delivered,15/6/2018 15:25,15/6/2018 15:59,18/6/2018 10:57,21/6/2018 19:58,13/7/2018 0:00, 1 ,1 ,1, 1 ,1 ,
aae1b0d4a875d809965f0ea19c86ff95,7fb06cf41183d4ff1eca879247681b56,delivered,30/7/2018 11:11,30/7/2018 11:44,31/7/2018 11:38,1/8/2018 15:38,3/8/2018 0:00, 1 ,1 ,1,0 ,1 ,
aae1b0d4a875d809965f0ea19c86ff95,7fb06cf41183d4ff1eca879247681b56,delivered,30/7/2018 11:11,30/7/2018 11:44,31/7/2018 11:38,1/8/2018 15:38,3/8/2018 0:00, 1 ,1 ,1,0 ,1 ,
cf18c0b77059499a99818871229ab994,d21eee9c29efbbd504b464caab82b5f1,delivered,21/8/2018 10:19,21/8/2018 10:51,22/8/2018 13:30,28/8/2018 15:58,18/9/2018 0:00, 1 ,1 ,1, 1 ,1 ,
7f9e3a613e4d2212870577798bc8965a,543000d24bdcd4410f2e0c13b7a0b4f7,delivered,2/4/2018 22:03,2/4/2018 22:35,5/4/2018 21:41,16/4/2018 20:03,3/5/2018 0:00, 1 ,1 ,1, 1 ,1 ,
75b10195b29fe2a89b781edc42f52485,d3dea56be797770f8c942f9fa49877b7,delivered,10/2/2018 21:03,10/2/2018 21:35,15/2/2018 22:23,16/2/2018 21:56,26/2/2018 0:00, 1 ,1 ,1, 1 ,1 ,
b2127a179063646c6e1e80f4617156fd,c007979976672f82a106285c9426d7c0,delivered,11/1/2018 17:49,11/1/2018 18:20,17/1/2018 22:23,24/1/2018 1:32,9/2/2018 0:00, 1 ,1 ,1,0 ,1 ,
b2127a179063646c6e1e80f4617156fd,c007979976672f82a106285c9426d7c0,delivered,11/1/2018 17:49,11/1/2018 18:20,17/1/2018 22:23,24/1/2018 1:32,9/2/2018 0:00, 1 ,1 ,1,0 ,1 ,
b2127a179063646c6e1e80f4617156fd,c007979976672f82a106285c9426d7c0,delivered,11/1/2018 17:49,11/1/2018 18:20,17/1/2018 22:23,24/1/2018 1:32,9/2/2018 0:00, 1 ,1 ,1,0 ,1 ,
d978adcd421de6a71e9974afe4414e4f,5b11c53161333319dc2064ab1049730e,delivered,18/4/2018 16:43,18/4/2018 17:14,19/4/2018 22:58,24/4/2018 21:12,11/5/2018 0:00, 1 ,1 ,1, 1 ,1 ,
374d4811c6f3657ec62ffec582801ccd,3e9aca248d1d381339c86c8682cd7647,delivered,3/8/2018 17:53,3/8/2018 18:24,8/8/2018 14:21,14/8/2018 14:32,17/8/2018 0:00, 1 ,1 ,1, 1 ,1 ,
1a2f6c0996af3c2c4aa6eb3e3d536e0b,66112b1cd81cd04a54f4315599e8a66a,delivered,23/5/2018 12:46,23/5/2018 13:16,24/5/2018 15:58,2/6/2018 16:38,11/6/2018 0:00, 1 ,1 ,1,0 ,1 ,
1a2f6c0996af3c2c4aa6eb3e3d536e0b,66112b1cd81cd04a54f4315599e8a66a,delivered,23/5/2018 12:46,23/5/2018 13:16,24/5/2018 15:58,2/6/2018 16:38,11/6/2018 0:00, 1 ,1 ,1,0 ,1 ,
f940971157111a7fe49e332623c9fec0,914db96caec65d45202426db4679490e,delivered,14/6/2018 11:13,14/6/2018 11:42,15/6/2018 13:20,19/6/2018 21:08,26/6/2018 0:00, 1 ,1 ,1,0 ,1 ,
f940971157111a7fe49e332623c9fec0,914db96caec65d45202426db4679490e,delivered,14/6/2018 11:13,14/6/2018 11:42,15/6/2018 13:20,19/6/2018 21:08,26/6/2018 0:00, 1 ,1 ,1,0 ,1 ,
67dfef90831fae7aa3b82e90e93ed02a,4f2aca9e9d7d67b1b3f30feaba2323c6,delivered,10/5/2018 14:27,10/5/2018 14:56,10/5/2018 19:56,18/5/2018 22:46,1/6/2018 0:00, 1 ,1 ,1, 1 ,1 ,
0f4fb5e0b20cdd9ef2fe37b2627f2cfe,1f3d03a5979d8a4cb8858252df331d14,delivered,16/5/2018 22:06,16/5/2018 22:34,17/5/2018 14:33,18/5/2018 15:51,28/5/2018 0:00, 1 ,1 ,1,0 ,1 ,
0f4fb5e0b20cdd9ef2fe37b2627f2cfe,1f3d03a5979d8a4cb8858252df331d14,delivered,16/5/2018 22:06,16/5/2018 22:34,17/5/2018 14:33,18/5/2018 15:51,28/5/2018 0:00, 1 ,1 ,1,0 ,1 ,
0f4fb5e0b20cdd9ef2fe37b2627f2cfe,1f3d03a5979d8a4cb8858252df331d14,delivered,16/5/2018 22:06,16/5/2018 22:34,17/5/2018 14:33,18/5/2018 15:51,28/5/2018 0:00, 1 ,1 ,1,0 ,1 ,
84b33f3ecdf8f82df2db1517f0f44396,9619f561d67cb918bf4a6d608a04febc,delivered,18/6/2018 20:50,18/6/2018 21:17,19/6/2018 13:17,25/6/2018 13:18,11/7/2018 0:00, 1 ,1 ,1,0 ,1 ,
84b33f3ecdf8f82df2db1517f0f44396,9619f561d67cb918bf4a6d608a04febc,delivered,18/6/2018 20:50,18/6/2018 21:17,19/6/2018 13:17,25/6/2018 13:18,11/7/2018 0:00, 1 ,1 ,1,0 ,1 ,
227f6b7df58413c52832b11ec24b30a1,ada4af8902da278c18ba8834a1c1faf4,delivered,30/5/2018 22:27,30/5/2018 22:55,1/6/2018 6:42,19/6/2018 16:34,16/7/2018 0:00, 1 ,1 ,1, 1 ,1 ,
649caa9b6696d9b2bca095239ecaa00f,ff7d7815195c6869f62b1066a1032773,delivered,29/1/2018 16:51,29/1/2018 17:17,30/1/2018 18:33,4/2/2018 11:02,26/2/2018 0:00, 1 ,1 ,1,0 ,1 ,
649caa9b6696d9b2bca095239ecaa00f,ff7d7815195c6869f62b1066a1032773,delivered,29/1/2018 16:51,29/1/2018 17:17,30/1/2018 18:33,4/2/2018 11:02,26/2/2018 0:00, 1 ,1 ,1,0 ,1 ,
b958441e8e334c3996a9b0c55e5c797b,b2ed2acbaaf621b391406a133bcb1c96,delivered,10/4/2018 15:24,10/4/2018 15:50,11/4/2018 19:45,12/4/2018 20:02,20/4/2018 0:00, 1 ,1 ,1,0 ,1 ,
b958441e8e334c3996a9b0c55e5c797b,b2ed2acbaaf621b391406a133bcb1c96,delivered,10/4/2018 15:24,10/4/2018 15:50,11/4/2018 19:45,12/4/2018 20:02,20/4/2018 0:00, 1 ,1 ,1,0 ,1 ,
b958441e8e334c3996a9b0c55e5c797b,b2ed2acbaaf621b391406a133bcb1c96,delivered,10/4/2018 15:24,10/4/2018 15:50,11/4/2018 19:45,12/4/2018 20:02,20/4/2018 0:00, 1 ,1 ,1,0 ,1 ,
27f60f8461adbfd9213bd35b38206bfe,3036fcbb292e7d1ad4c25c254b5e246f,delivered,5/6/2018 18:47,5/6/2018 19:13,6/6/2018 12:26,13/6/2018 12:02,11/7/2018 0:00, 1 ,1 ,1, 1 ,1 ,
c28999f880aa66431b70511211d4ac6a,2827c6ef386603030760339bd1976189,delivered,28/4/2018 21:06,28/4/2018 21:32,3/5/2018 8:05,4/5/2018 12:09,16/5/2018 0:00, 1 ,1 ,1,0 ,1 ,
c28999f880aa66431b70511211d4ac6a,2827c6ef386603030760339bd1976189,delivered,28/4/2018 21:06,28/4/2018 21:32,3/5/2018 8:05,4/5/2018 12:09,16/5/2018 0:00, 1 ,1 ,1,0 ,1 ,
b62c9d7c54bcbba4952040001348e00c,f7d8593f21cd130734e1c9da45f32924,delivered,13/4/2018 15:07,13/4/2018 15:32,20/4/2018 19:46,24/4/2018 16:48,10/5/2018 0:00, 1 ,1 ,1,0 ,1 ,
b62c9d7c54bcbba4952040001348e00c,f7d8593f21cd130734e1c9da45f32924,delivered,13/4/2018 15:07,13/4/2018 15:32,20/4/2018 19:46,24/4/2018 16:48,10/5/2018 0:00, 1 ,1 ,1,0 ,1 ,
dd74aa86ac49c4818ea173b6a376d8de,2dd21bcff00bdf23764d180e6b65e7c9,delivered,3/2/2018 14:05,3/2/2018 14:30,8/2/2018 23:57,26/2/2018 20:43,1/3/2018 0:00, 1 ,1 ,1,0 ,1 ,
dd74aa86ac49c4818ea173b6a376d8de,2dd21bcff00bdf23764d180e6b65e7c9,delivered,3/2/2018 14:05,3/2/2018 14:30,8/2/2018 23:57,26/2/2018 20:43,1/3/2018 0:00, 1 ,1 ,1,0 ,1 ,
4dca9eeee0f0444664e0bb2522fea8c9,ef9ef05d74ccfb0d256e22fcfce20a03,delivered,17/6/2018 22:34,17/6/2018 22:58,18/6/2018 10:55,3/7/2018 17:05,18/7/2018 0:00, 1 ,1 ,1, 1 ,1 ,
22f4dea7b1810fd75107dad133794113,fc26c5fd980909cee638793d9936fdb8,delivered,30/5/2018 14:34,30/5/2018 14:57,30/5/2018 14:50,1/6/2018 21:16,25/6/2018 0:00, 1 ,0 ,1, 1 ,1 ,
707d2b5688f10de45e680e1bec5d83ad,03bc9df96986cacc93d21bdb8914f83a,delivered,7/3/2018 23:05,7/3/2018 23:28,8/3/2018 23:08,4/4/2018 23:28,3/4/2018 0:00, 1 ,0 ,1, 1 ,1 ,
14e4ba20c3a5b38de7c1e5edab904bf9,ee62bc8402e533e9711aa2f3d56f4b0c,delivered,14/7/2017 9:20,14/7/2017 9:43,18/7/2017 16:14,26/7/2017 18:18,8/8/2017 0:00, 1 ,1 ,1,0 ,1 ,
14e4ba20c3a5b38de7c1e5edab904bf9,ee62bc8402e533e9711aa2f3d56f4b0c,delivered,14/7/2017 9:20,14/7/2017 9:43,18/7/2017 16:14,26/7/2017 18:18,8/8/2017 0:00, 1 ,1 ,1,0 ,1 ,
c191988613dfd09d8904cc6b1147012b,fb5c27af6d623bc59e8a201bb84a8cfa,delivered,3/2/2018 10:47,3/2/2018 11:10,5/2/2018 23:34,16/2/2018 13:19,6/3/2018 0:00, 1 ,1 ,1, 1 ,1 ,
b5c4db08aa2596516e8e23acee055374,c3ab592349e6996a4568be61ce122ed7,delivered,18/8/2018 15:46,18/8/2018 16:09,20/8/2018 14:28,30/8/2018 13:46,24/9/2018 0:00, 1 ,1 ,1, 1 ,1 ,
110bb98db579131adc6f4d8bbd97c673,28b81bdab1b97c8081cdd453dbef9778,delivered,17/6/2018 11:30,17/6/2018 11:54,18/6/2018 12:03,19/6/2018 18:38,28/6/2018 0:00, 1 ,1 ,1, 1 ,1 ,
bf73701b5b5b3896c9530b11ec89e8d9,688c9939a7383c04b43657f6238927de,delivered,11/6/2018 21:17,11/6/2018 21:40,12/6/2018 14:10,22/6/2018 18:08,5/7/2018 0:00, 1 ,1 ,1, 1 ,1 ,
7bf9ebeb9ca0448e688b41354069d9ac,58cf70a7d04f22fa33a55d4938f3c63a,delivered,28/11/2017 13:56,28/11/2017 14:19,29/11/2017 18:54,3/12/2017 14:58,18/12/2017 0:00, 1 ,1 ,1, 1 ,1 ,
3ba7bbd7b7686df219611578ece6918c,f3dfadecc341dcdcb6c252a55192041c,delivered,23/6/2018 8:11,23/6/2018 8:35,26/6/2018 14:30,27/6/2018 19:51,13/7/2018 0:00, 1 ,1 ,1, 1 ,1 ,
bd59d6b6646e18c7a1a97a639ff49e0f,04445deee7383ac75ad3026150466867,delivered,6/12/2017 16:08,6/12/2017 16:31,8/12/2017 13:53,12/12/2017 19:26,22/12/2017 0:00, 1 ,1 ,1, 1 ,1 ,
3e99c48e3a2093f5d222df8f00b5a6f1,8aff0cb3e073d9508eb9b614cc02f42f,delivered,20/1/2018 15:37,20/1/2018 16:00,23/1/2018 18:35,24/1/2018 23:52,6/2/2018 0:00, 1 ,1 ,1, 1 ,1 ,
bfc2b97037cfb3d63579f4a3f877a912,e1e09210e58d30df8e147c5a53eeaaf0,delivered,20/4/2018 8:09,20/4/2018 8:32,2/5/2018 15:03,3/5/2018 19:36,4/5/2018 0:00, 1 ,1 ,1,0 ,1 ,
bfc2b97037cfb3d63579f4a3f877a912,e1e09210e58d30df8e147c5a53eeaaf0,delivered,20/4/2018 8:09,20/4/2018 8:32,2/5/2018 15:03,3/5/2018 19:36,4/5/2018 0:00, 1 ,1 ,1,0 ,1 ,
ead44d01d54591915544516e05a8b76c,ce11122eeb089c04537c5ceb4fbc385a,delivered,25/4/2018 0:48,25/4/2018 1:11,26/4/2018 9:29,4/5/2018 20:13,21/5/2018 0:00, 1 ,1 ,1, 1 ,1 ,
fa145f6e474f19a183553a249dc5a73b,302025f399c7405c509a297b6b9a1e73,delivered,19/10/2017 15:13,19/10/2017 15:36,24/10/2017 22:23,27/10/2017 21:28,9/11/2017 0:00, 1 ,1 ,1,0 ,1 ,
fa145f6e474f19a183553a249dc5a73b,302025f399c7405c509a297b6b9a1e73,delivered,19/10/2017 15:13,19/10/2017 15:36,24/10/2017 22:23,27/10/2017 21:28,9/11/2017 0:00, 1 ,1 ,1,0 ,1 ,
a757a56d0e861a38647169019a35ef8d,c6ff821f69a0dec55cfc2694414e45e4,delivered,20/11/2017 11:46,20/11/2017 12:09,23/11/2017 0:12,13/12/2017 19:12,12/12/2017 0:00, 1 ,0 ,1, 1 ,1 ,
5cfaa2e60887ab4aed7d4e637efe2156,fd7b70ad4f8576a3c21f1c1bb304015d,delivered,22/6/2017 19:08,22/6/2017 19:30,23/6/2017 11:27,4/7/2017 14:03,14/7/2017 0:00, 1 ,1 ,1, 1 ,1 ,
e84aab6af2a71fdd57e937740dc5a3dc,1575002669893d427c0469145358c92a,delivered,25/11/2017 20:12,25/11/2017 20:34,28/11/2017 18:34,8/1/2018 18:27,26/12/2017 0:00, 1 ,0 ,1,0 ,0 , Duplicate order id 
e84aab6af2a71fdd57e937740dc5a3dc,1575002669893d427c0469145358c92a,delivered,25/11/2017 20:12,25/11/2017 20:34,28/11/2017 18:34,8/1/2018 18:27,26/12/2017 0:00, 1 ,0 ,1,0 ,0 , Duplicate order id 
e84aab6af2a71fdd57e937740dc5a3dc,1575002669893d427c0469145358c92a,delivered,25/11/2017 20:12,25/11/2017 20:34,28/11/2017 18:34,8/1/2018 18:27,26/12/2017 0:00, 1 ,0 ,1,0 ,0 , Duplicate order id 
7dcf28f5c87ece1d91e794b803e494f2,119aa198a9f4d3894c1b4bca5dc8ebc7,processing,1/6/2017 12:48,1/6/2017 13:10,,,26/6/2017 0:00,0 ,0 ,1, 1 ,0 ,
393e604943de623d0c4d474259214378,10bb4c6dde360660c6c9c841cb172580,shipped,23/2/2018 13:07,23/2/2018 13:29,28/2/2018 22:14,,3/4/2018 0:00,1 ,0 ,1,1 ,1 ,
19c0bfcd4496e4f2c70c779226c8605b,089da4e76a40d4222c2797bb79c2988f,delivered,24/5/2018 10:11,24/5/2018 10:33,24/5/2018 12:02,4/6/2018 18:11,19/6/2018 0:00, 1 ,1 ,1, 1 ,1 ,
927f3c81633f3807af398f2d919530f1,4b032c367b3dc8f32a122b19bb6e8482,delivered,28/4/2018 18:49,28/4/2018 19:11,30/4/2018 14:57,7/5/2018 20:11,23/5/2018 0:00, 1 ,1 ,1, 1 ,1 ,
2124d1e1d8114cf8b7637b46d40ce9c2,3f56c3e805e0659f2691c78f4997c86c,delivered,15/10/2017 15:27,15/10/2017 15:49,18/10/2017 21:47,19/10/2017 21:47,6/11/2017 0:00, 1 ,1 ,1,0 ,1 ,
2124d1e1d8114cf8b7637b46d40ce9c2,3f56c3e805e0659f2691c78f4997c86c,delivered,15/10/2017 15:27,15/10/2017 15:49,18/10/2017 21:47,19/10/2017 21:47,6/11/2017 0:00, 1 ,1 ,1,0 ,1 ,
2124d1e1d8114cf8b7637b46d40ce9c2,3f56c3e805e0659f2691c78f4997c86c,delivered,15/10/2017 15:27,15/10/2017 15:49,18/10/2017 21:47,19/10/2017 21:47,6/11/2017 0:00, 1 ,1 ,1,0 ,1 ,
2124d1e1d8114cf8b7637b46d40ce9c2,3f56c3e805e0659f2691c78f4997c86c,delivered,15/10/2017 15:27,15/10/2017 15:49,18/10/2017 21:47,19/10/2017 21:47,6/11/2017 0:00, 1 ,1 ,1,0 ,1 ,
d185b3d0bd26a99d5c96601c1fcd2fc7,10af370476c83fd83030e8c170e52466,delivered,18/10/2017 10:14,18/10/2017 10:36,20/10/2017 16:07,23/10/2017 15:43,30/10/2017 0:00, 1 ,1 ,1, 1 ,1 ,
8a39a4c8e92305849add36b95af88654,a6e2fa516f9931d73a9a1a9a98f24fc1,delivered,1/3/2018 19:14,1/3/2018 19:35,2/3/2018 23:04,15/3/2018 19:33,21/3/2018 0:00, 1 ,1 ,1,0 ,1 ,
8a39a4c8e92305849add36b95af88654,a6e2fa516f9931d73a9a1a9a98f24fc1,delivered,1/3/2018 19:14,1/3/2018 19:35,2/3/2018 23:04,15/3/2018 19:33,21/3/2018 0:00, 1 ,1 ,1,0 ,1 ,
8c2a426cd8a3c5fbe7d79b4696a5d20b,642e3b504a61c1898bf061f0d48dae51,delivered,17/3/2018 23:06,17/3/2018 23:27,20/3/2018 16:11,21/3/2018 17:13,2/4/2018 0:00, 1 ,1 ,1,0 ,1 ,
8c2a426cd8a3c5fbe7d79b4696a5d20b,642e3b504a61c1898bf061f0d48dae51,delivered,17/3/2018 23:06,17/3/2018 23:27,20/3/2018 16:11,21/3/2018 17:13,2/4/2018 0:00, 1 ,1 ,1,0 ,1 ,
8c2a426cd8a3c5fbe7d79b4696a5d20b,642e3b504a61c1898bf061f0d48dae51,delivered,17/3/2018 23:06,17/3/2018 23:27,20/3/2018 16:11,21/3/2018 17:13,2/4/2018 0:00, 1 ,1 ,1,0 ,1 ,
8c2a426cd8a3c5fbe7d79b4696a5d20b,642e3b504a61c1898bf061f0d48dae51,delivered,17/3/2018 23:06,17/3/2018 23:27,20/3/2018 16:11,21/3/2018 17:13,2/4/2018 0:00, 1 ,1 ,1,0 ,1 ,
4154bf1348caac78152fe76e3e9c4af8,90ce0548c953a250526eac9fbc2c2951,delivered,23/8/2018 20:34,23/8/2018 20:55,27/8/2018 13:41,30/8/2018 16:43,31/8/2018 0:00, 1 ,1 ,1,0 ,1 ,
4154bf1348caac78152fe76e3e9c4af8,90ce0548c953a250526eac9fbc2c2951,delivered,23/8/2018 20:34,23/8/2018 20:55,27/8/2018 13:41,30/8/2018 16:43,31/8/2018 0:00, 1 ,1 ,1,0 ,1 ,
aaa6f66c3f76dbaecfc60183d6a248ed,c353c61f1db7085071135afad6006ff3,delivered,13/4/2018 21:11,13/4/2018 21:32,17/4/2018 19:02,25/4/2018 19:42,16/5/2018 0:00, 1 ,1 ,1, 1 ,1 ,
9ae8993f1d41f39505759f4683e0d2ad,04bb960a2876e66f7874886ca00ebb88,delivered,11/2/2018 15:06,11/2/2018 15:27,16/2/2018 21:04,27/2/2018 0:16,5/3/2018 0:00, 1 ,1 ,1,0 ,1 ,
9ae8993f1d41f39505759f4683e0d2ad,04bb960a2876e66f7874886ca00ebb88,delivered,11/2/2018 15:06,11/2/2018 15:27,16/2/2018 21:04,27/2/2018 0:16,5/3/2018 0:00, 1 ,1 ,1,0 ,1 ,
fb0c01b2efee313f5231a89c4a55e498,36fa9776dee38b20734cac9f7a382be4,delivered,2/12/2017 10:36,2/12/2017 10:57,4/12/2017 16:29,21/12/2017 17:12,3/1/2018 0:00, 1 ,1 ,1,0 ,1 ,
fb0c01b2efee313f5231a89c4a55e498,36fa9776dee38b20734cac9f7a382be4,delivered,2/12/2017 10:36,2/12/2017 10:57,4/12/2017 16:29,21/12/2017 17:12,3/1/2018 0:00, 1 ,1 ,1,0 ,1 ,
6e41c1b023ea08cb4744bbe97eedb35c,27a88f58c6d8d6be880c80c424c16202,delivered,28/6/2018 18:50,28/6/2018 19:11,29/6/2018 14:21,4/7/2018 15:32,25/7/2018 0:00, 1 ,1 ,1, 1 ,1 ,
d95c7210ba7d2249083e45536f2d0a27,50c3d604564366cc6e2e3e920cfe6a36,delivered,9/11/2017 16:05,9/11/2017 16:26,23/11/2017 22:15,26/11/2017 17:17,5/12/2017 0:00, 1 ,1 ,1,0 ,1 ,
d95c7210ba7d2249083e45536f2d0a27,50c3d604564366cc6e2e3e920cfe6a36,delivered,9/11/2017 16:05,9/11/2017 16:26,23/11/2017 22:15,26/11/2017 17:17,5/12/2017 0:00, 1 ,1 ,1,0 ,1 ,
9dff990dca94f688d5a005c3da5d9a6e,fbcc01ea41e282f7de6a6161940f32b2,delivered,11/6/2018 20:19,11/6/2018 20:40,13/6/2018 14:19,18/6/2018 22:38,28/6/2018 0:00, 1 ,1 ,1, 1 ,1 ,
81d8e5d965001789e9f871f474afaad5,4f3e1edfa3261b15f51c59030d12847f,delivered,15/3/2018 18:28,15/3/2018 18:49,21/3/2018 22:14,23/3/2018 0:38,27/3/2018 0:00, 1 ,1 ,1, 1 ,1 ,
b74bc3b933611bea834fda513928328e,d9e02253975d2de2009e95eb19bd9681,delivered,29/1/2018 13:36,29/1/2018 13:57,30/1/2018 20:38,8/2/2018 20:52,20/2/2018 0:00, 1 ,1 ,1,0 ,1 ,
b74bc3b933611bea834fda513928328e,d9e02253975d2de2009e95eb19bd9681,delivered,29/1/2018 13:36,29/1/2018 13:57,30/1/2018 20:38,8/2/2018 20:52,20/2/2018 0:00, 1 ,1 ,1,0 ,1 ,
d396cdbf2645bb1ea08108de01ef308a,42496b94da7fdf733b980d552aeb17e9,delivered,3/7/2017 20:23,3/7/2017 20:44,4/7/2017 14:03,18/7/2017 12:17,25/7/2017 0:00, 1 ,1 ,1, 1 ,1 ,
7c9cc21a1d8d2008364a92d9f0873b66,0fe659cea15a1e88642bb0723ac69e20,delivered,7/2/2018 12:29,7/2/2018 12:49,9/2/2018 19:48,22/2/2018 21:29,12/3/2018 0:00, 1 ,1 ,1,0 ,1 ,
7c9cc21a1d8d2008364a92d9f0873b66,0fe659cea15a1e88642bb0723ac69e20,delivered,7/2/2018 12:29,7/2/2018 12:49,9/2/2018 19:48,22/2/2018 21:29,12/3/2018 0:00, 1 ,1 ,1,0 ,1 ,
71f9826cc06707008c91a2192b11728e,ac5872796a8e17fa078a88cabc2e4578,delivered,1/5/2018 14:14,1/5/2018 14:34,3/5/2018 19:04,4/5/2018 16:09,21/5/2018 0:00, 1 ,1 ,1,0 ,1 ,
71f9826cc06707008c91a2192b11728e,ac5872796a8e17fa078a88cabc2e4578,delivered,1/5/2018 14:14,1/5/2018 14:34,3/5/2018 19:04,4/5/2018 16:09,21/5/2018 0:00, 1 ,1 ,1,0 ,1 ,
71f9826cc06707008c91a2192b11728e,ac5872796a8e17fa078a88cabc2e4578,delivered,1/5/2018 14:14,1/5/2018 14:34,3/5/2018 19:04,4/5/2018 16:09,21/5/2018 0:00, 1 ,1 ,1,0 ,1 ,
71f9826cc06707008c91a2192b11728e,ac5872796a8e17fa078a88cabc2e4578,delivered,1/5/2018 14:14,1/5/2018 14:34,3/5/2018 19:04,4/5/2018 16:09,21/5/2018 0:00, 1 ,1 ,1,0 ,1 ,
a494244817c043c16eb0c72c5d0384ad,c691fa8d8cf769ea3b4b02572b606a6b,delivered,29/11/2017 10:40,29/11/2017 11:00,30/11/2017 19:49,19/12/2017 22:53,28/12/2017 0:00, 1 ,1 ,1,0 ,1 ,
a494244817c043c16eb0c72c5d0384ad,c691fa8d8cf769ea3b4b02572b606a6b,delivered,29/11/2017 10:40,29/11/2017 11:00,30/11/2017 19:49,19/12/2017 22:53,28/12/2017 0:00, 1 ,1 ,1,0 ,1 ,
75d3527e66e8fc1d5f941e849c0de41f,58ffeb6d4f1b69883968cd8c383eaa0f,delivered,20/1/2018 19:20,20/1/2018 19:40,22/1/2018 23:38,23/1/2018 20:26,6/2/2018 0:00, 1 ,1 ,1,0 ,1 ,
75d3527e66e8fc1d5f941e849c0de41f,58ffeb6d4f1b69883968cd8c383eaa0f,delivered,20/1/2018 19:20,20/1/2018 19:40,22/1/2018 23:38,23/1/2018 20:26,6/2/2018 0:00, 1 ,1 ,1,0 ,1 ,
d17638ac2491f744bd174a75e2b9c4dc,61d03c7d32818bdb8eb0aad9e29332c1,delivered,4/4/2018 21:08,4/4/2018 21:28,6/4/2018 0:28,14/4/2018 0:58,23/4/2018 0:00, 1 ,1 ,1, 1 ,1 ,
9435ca9f9a67ac50e1fef5dbd0c29518,e82bab9bfcad4584028d4ce864f9cf74,delivered,16/4/2018 10:31,16/4/2018 10:50,26/4/2018 12:59,2/5/2018 18:42,14/5/2018 0:00, 1 ,1 ,1, 1 ,1 ,
4f2d5b2e994088d66bfbfc72e7ccc002,fa8a4bda569c794150f39cda0dfe0734,delivered,21/8/2017 10:44,21/8/2017 11:04,22/8/2017 15:08,29/8/2017 19:22,13/9/2017 0:00, 1 ,1 ,1,0 ,1 ,
4f2d5b2e994088d66bfbfc72e7ccc002,fa8a4bda569c794150f39cda0dfe0734,delivered,21/8/2017 10:44,21/8/2017 11:04,22/8/2017 15:08,29/8/2017 19:22,13/9/2017 0:00, 1 ,1 ,1,0 ,1 ,
4f2d5b2e994088d66bfbfc72e7ccc002,fa8a4bda569c794150f39cda0dfe0734,delivered,21/8/2017 10:44,21/8/2017 11:04,22/8/2017 15:08,29/8/2017 19:22,13/9/2017 0:00, 1 ,1 ,1,0 ,1 ,
c38123fe01a5d1757b545ecfccb89c0d,f9a537570825b53bb35d231a69fda6c8,delivered,13/11/2017 23:11,13/11/2017 23:30,23/11/2017 14:34,23/11/2017 20:35,27/11/2017 0:00, 1 ,1 ,1, 1 ,1 ,
9eb558dc91f57ce1f1fb9ebc60bf8963,8d7a21a72282d71b2bef61355e5f1b88,delivered,6/2/2018 12:48,6/2/2018 13:08,9/2/2018 23:09,2/3/2018 20:56,6/3/2018 0:00, 1 ,1 ,1, 1 ,1 ,
03059ebda0b2ad61612b300fe34ed8e2,82b07eb04567873d275e64c6517407aa,delivered,10/5/2018 21:57,10/5/2018 22:17,11/5/2018 10:53,30/5/2018 18:58,5/6/2018 0:00, 1 ,1 ,1, 1 ,1 ,
c6b85930220a1a577a8a8352c7dba78f,715d679d44d3aee77a9592f6fd8c26f9,delivered,17/11/2017 15:28,17/11/2017 15:47,22/11/2017 14:41,8/12/2017 5:48,27/12/2017 0:00, 1 ,1 ,1,0 ,1 ,
c6b85930220a1a577a8a8352c7dba78f,715d679d44d3aee77a9592f6fd8c26f9,delivered,17/11/2017 15:28,17/11/2017 15:47,22/11/2017 14:41,8/12/2017 5:48,27/12/2017 0:00, 1 ,1 ,1,0 ,1 ,
6010e18fb4f51bda7cdf59826fb9157e,d26d39021910c806c4dae58d3b287f4c,delivered,25/1/2018 0:33,25/1/2018 0:53,25/1/2018 20:27,29/1/2018 21:26,19/2/2018 0:00, 1 ,1 ,1,0 ,1 ,
6010e18fb4f51bda7cdf59826fb9157e,d26d39021910c806c4dae58d3b287f4c,delivered,25/1/2018 0:33,25/1/2018 0:53,25/1/2018 20:27,29/1/2018 21:26,19/2/2018 0:00, 1 ,1 ,1,0 ,1 ,
31cee66926e60ce4e5af0e4b9e2886d7,235e370b48423c2e8fed39564743df8f,delivered,2/12/2017 8:50,2/12/2017 9:09,4/12/2017 20:10,11/12/2017 20:18,29/12/2017 0:00, 1 ,1 ,1,0 ,1 ,
31cee66926e60ce4e5af0e4b9e2886d7,235e370b48423c2e8fed39564743df8f,delivered,2/12/2017 8:50,2/12/2017 9:09,4/12/2017 20:10,11/12/2017 20:18,29/12/2017 0:00, 1 ,1 ,1,0 ,1 ,
0e78a0fe8a4dba7965080ad7c3bce866,186799b6bb8ea8989abffd8d1d8dc487,delivered,8/6/2018 8:14,8/6/2018 8:33,8/6/2018 14:02,15/6/2018 23:54,11/7/2018 0:00, 1 ,1 ,1, 1 ,1 ,
fdf6635fc014c7f771754eefe24ff684,d204659d7a7e5e8d95820be143be3acc,delivered,14/1/2018 18:50,14/1/2018 19:09,15/1/2018 23:39,2/2/2018 2:50,14/2/2018 0:00, 1 ,1 ,1,0 ,1 ,
fdf6635fc014c7f771754eefe24ff684,d204659d7a7e5e8d95820be143be3acc,delivered,14/1/2018 18:50,14/1/2018 19:09,15/1/2018 23:39,2/2/2018 2:50,14/2/2018 0:00, 1 ,1 ,1,0 ,1 ,
5dc0af9bde879bc9546685cc7c1035da,3b6c1300a15f16c2097081156eb8355d,delivered,16/5/2018 9:38,16/5/2018 9:57,16/5/2018 14:05,21/5/2018 20:08,30/5/2018 0:00, 1 ,1 ,1,0 ,1 ,
5dc0af9bde879bc9546685cc7c1035da,3b6c1300a15f16c2097081156eb8355d,delivered,16/5/2018 9:38,16/5/2018 9:57,16/5/2018 14:05,21/5/2018 20:08,30/5/2018 0:00, 1 ,1 ,1,0 ,1 ,
a4763f72a6a9ff012d96a0e2b4d4b1ea,87149a37f6af0099e38270936d08c938,delivered,1/5/2018 22:12,1/5/2018 22:31,2/5/2018 15:07,21/5/2018 19:46,18/5/2018 0:00, 1 ,0 ,1, 1 ,1 ,
accd8ec914c1ab328cfbafe6a5339c85,82a238f8e3cd8ba8688cd74ada659cf1,delivered,25/1/2018 13:20,25/1/2018 13:38,26/1/2018 18:05,29/1/2018 22:28,9/2/2018 0:00, 1 ,1 ,1,0 ,1 ,
accd8ec914c1ab328cfbafe6a5339c85,82a238f8e3cd8ba8688cd74ada659cf1,delivered,25/1/2018 13:20,25/1/2018 13:38,26/1/2018 18:05,29/1/2018 22:28,9/2/2018 0:00, 1 ,1 ,1,0 ,1 ,
5d39411a17c42bca603225f6f89a0207,fea3ed32e9d3eea5878fb54a399461a8,delivered,2/4/2018 17:51,2/4/2018 18:10,3/4/2018 20:58,5/4/2018 23:27,18/4/2018 0:00, 1 ,1 ,1, 1 ,1 ,
4e075adf6d3b9cb5ae61093b5e61a14a,d392810b0b45525cc8e79ba4b2286e69,delivered,12/10/2017 14:07,12/10/2017 14:26,16/10/2017 15:23,17/10/2017 21:52,25/10/2017 0:00, 1 ,1 ,1, 1 ,1 ,
a6b961bbc6456602f652d926ee9ccd0a,925ec3754a8d9564f2c424924db3a937,delivered,8/11/2017 8:27,8/11/2017 8:46,13/11/2017 16:21,16/11/2017 16:09,29/11/2017 0:00, 1 ,1 ,1, 1 ,1 ,
ae84411ef203ed6a3cdc4e239536b958,b435b489e4d9921ea0ac305e4e9ae452,delivered,21/9/2017 11:48,21/9/2017 12:06,22/9/2017 18:07,29/9/2017 19:18,16/10/2017 0:00, 1 ,1 ,1,0 ,1 ,
ae84411ef203ed6a3cdc4e239536b958,b435b489e4d9921ea0ac305e4e9ae452,delivered,21/9/2017 11:48,21/9/2017 12:06,22/9/2017 18:07,29/9/2017 19:18,16/10/2017 0:00, 1 ,1 ,1,0 ,1 ,
ae84411ef203ed6a3cdc4e239536b958,b435b489e4d9921ea0ac305e4e9ae452,delivered,21/9/2017 11:48,21/9/2017 12:06,22/9/2017 18:07,29/9/2017 19:18,16/10/2017 0:00, 1 ,1 ,1,0 ,1 ,
0656252be8b31ab4b264a730f9e600cb,a553a10c8f858e664fe7cb71db0697a4,delivered,7/3/2018 14:11,7/3/2018 14:29,20/3/2018 16:50,22/3/2018 19:13,4/4/2018 0:00, 1 ,1 ,1,0 ,1 ,
0656252be8b31ab4b264a730f9e600cb,a553a10c8f858e664fe7cb71db0697a4,delivered,7/3/2018 14:11,7/3/2018 14:29,20/3/2018 16:50,22/3/2018 19:13,4/4/2018 0:00, 1 ,1 ,1,0 ,1 ,
0656252be8b31ab4b264a730f9e600cb,a553a10c8f858e664fe7cb71db0697a4,delivered,7/3/2018 14:11,7/3/2018 14:29,20/3/2018 16:50,22/3/2018 19:13,4/4/2018 0:00, 1 ,1 ,1,0 ,1 ,
0656252be8b31ab4b264a730f9e600cb,a553a10c8f858e664fe7cb71db0697a4,delivered,7/3/2018 14:11,7/3/2018 14:29,20/3/2018 16:50,22/3/2018 19:13,4/4/2018 0:00, 1 ,1 ,1,0 ,1 ,
0656252be8b31ab4b264a730f9e600cb,a553a10c8f858e664fe7cb71db0697a4,delivered,7/3/2018 14:11,7/3/2018 14:29,20/3/2018 16:50,22/3/2018 19:13,4/4/2018 0:00, 1 ,1 ,1,0 ,1 ,
8426778a02661989b8520457d7045886,00f4202fec304d8f984a33eddc630e0f,delivered,9/4/2018 18:53,9/4/2018 19:11,11/4/2018 16:38,25/4/2018 0:28,11/5/2018 0:00, 1 ,1 ,1,0 ,1 ,
8426778a02661989b8520457d7045886,00f4202fec304d8f984a33eddc630e0f,delivered,9/4/2018 18:53,9/4/2018 19:11,11/4/2018 16:38,25/4/2018 0:28,11/5/2018 0:00, 1 ,1 ,1,0 ,1 ,
b74a684e587b26938063adffbe35f41d,863aaf463c23aafb865f575f0e58432a,delivered,1/7/2018 22:31,1/7/2018 22:49,3/7/2018 12:07,11/7/2018 16:29,1/8/2018 0:00, 1 ,1 ,1,0 ,1 ,
b74a684e587b26938063adffbe35f41d,863aaf463c23aafb865f575f0e58432a,delivered,1/7/2018 22:31,1/7/2018 22:49,3/7/2018 12:07,11/7/2018 16:29,1/8/2018 0:00, 1 ,1 ,1,0 ,1 ,
729efff80ae9b31f5435169b08c8bf8a,a1b34e0298e44c75495c32a71bca8949,delivered,6/3/2018 9:51,6/3/2018 10:09,8/3/2018 0:05,15/3/2018 17:08,23/3/2018 0:00, 1 ,1 ,1, 1 ,1 ,
e8a8ff2fda1e5eeeed6e56a9a882f648,86eb5f9093235e1e5e2f6db715b98ac8,delivered,30/5/2018 15:58,30/5/2018 16:16,2/6/2018 8:57,19/6/2018 18:22,17/7/2018 0:00, 1 ,1 ,1, 1 ,1 ,
d338e94a703f4d7af1612be068a85bb6,f8d047b3dd09b4c6f4e873d925f56c4b,delivered,10/8/2018 15:06,10/8/2018 15:24,13/8/2018 14:55,14/8/2018 19:58,22/8/2018 0:00, 1 ,1 ,1,0 ,1 ,
d338e94a703f4d7af1612be068a85bb6,f8d047b3dd09b4c6f4e873d925f56c4b,delivered,10/8/2018 15:06,10/8/2018 15:24,13/8/2018 14:55,14/8/2018 19:58,22/8/2018 0:00, 1 ,1 ,1,0 ,1 ,
d3b1c54aad50f3222af70ad725e9c481,cb0c81b581cd0cfdff0e7ebfdb068738,delivered,1/8/2017 14:11,1/8/2017 14:30,2/8/2017 15:37,8/8/2017 19:04,23/8/2017 0:00, 1 ,1 ,1,0 ,1 ,
d3b1c54aad50f3222af70ad725e9c481,cb0c81b581cd0cfdff0e7ebfdb068738,delivered,1/8/2017 14:11,1/8/2017 14:30,2/8/2017 15:37,8/8/2017 19:04,23/8/2017 0:00, 1 ,1 ,1,0 ,1 ,
cbb8697212a65198772c9406834180f8,c2b7ffaec7595810b1c1f71e75081c39,delivered,12/12/2017 17:52,12/12/2017 18:10,13/12/2017 21:45,28/12/2017 15:53,12/1/2018 0:00, 1 ,1 ,1,0 ,1 ,
cbb8697212a65198772c9406834180f8,c2b7ffaec7595810b1c1f71e75081c39,delivered,12/12/2017 17:52,12/12/2017 18:10,13/12/2017 21:45,28/12/2017 15:53,12/1/2018 0:00, 1 ,1 ,1,0 ,1 ,
bbb45005fd322e2f3349b9b764a34d50,d74286e9f56b6926ec98bee130a867b6,delivered,9/1/2018 8:50,9/1/2018 9:08,9/1/2018 23:57,10/1/2018 20:43,9/2/2018 0:00, 1 ,1 ,1,0 ,1 ,
bbb45005fd322e2f3349b9b764a34d50,d74286e9f56b6926ec98bee130a867b6,delivered,9/1/2018 8:50,9/1/2018 9:08,9/1/2018 23:57,10/1/2018 20:43,9/2/2018 0:00, 1 ,1 ,1,0 ,1 ,
0544d7932387565226ae96a9ec8c03c8,763f69d62147292383080e70b397c3f0,delivered,6/6/2018 18:16,6/6/2018 18:34,7/6/2018 17:33,13/6/2018 17:32,17/7/2018 0:00, 1 ,1 ,1, 1 ,1 ,
6c3808960b526766ea7a00ae22c020ab,30475771653cbc88a01817e3af381214,delivered,16/5/2018 9:39,16/5/2018 9:57,21/5/2018 8:34,9/6/2018 15:03,26/6/2018 0:00, 1 ,1 ,1,0 ,1 ,
6c3808960b526766ea7a00ae22c020ab,30475771653cbc88a01817e3af381214,delivered,16/5/2018 9:39,16/5/2018 9:57,21/5/2018 8:34,9/6/2018 15:03,26/6/2018 0:00, 1 ,1 ,1,0 ,1 ,
91470888d3c2a943e6ca5533ac6d86c1,d6c2bf5d2cbabde0e7c30035efcaed6c,delivered,6/5/2018 11:32,6/5/2018 11:50,9/5/2018 14:44,15/5/2018 21:22,11/6/2018 0:00, 1 ,1 ,1, 1 ,1 ,
33c97c0983409cce4352fd750138e556,5315024f901f933bd377d1bca7928057,delivered,2/12/2017 12:02,2/12/2017 12:20,5/12/2017 16:08,15/12/2017 18:47,9/1/2018 0:00, 1 ,1 ,1, 1 ,1 ,
065c76c0f11720ac66d53d0903f762b6,3dfcd3a85f0c320f16fec5214957d9bc,delivered,27/3/2018 11:09,27/3/2018 11:27,28/3/2018 16:03,3/4/2018 1:54,23/4/2018 0:00, 1 ,1 ,1,0 ,1 ,
065c76c0f11720ac66d53d0903f762b6,3dfcd3a85f0c320f16fec5214957d9bc,delivered,27/3/2018 11:09,27/3/2018 11:27,28/3/2018 16:03,3/4/2018 1:54,23/4/2018 0:00, 1 ,1 ,1,0 ,1 ,
e554faec14ac84b923b5b62b78b89c4e,1cd552c7aae3f67c65e1100683180f28,delivered,10/7/2017 18:25,10/7/2017 18:43,11/7/2017 21:05,14/7/2017 19:42,21/7/2017 0:00, 1 ,1 ,1, 1 ,1 ,
482da3676133323daf4d73c1125ed257,1dfdb42bfd4f2398238591ee6237c348,delivered,8/7/2017 3:17,8/7/2017 3:35,11/7/2017 17:04,20/7/2017 21:03,4/8/2017 0:00, 1 ,1 ,1, 1 ,1 ,
60c821245c90f135828d088e25c3ffb6,60b7c6b75aef6b90ad544ee8b85c7901,delivered,10/6/2018 10:40,10/6/2018 10:58,11/6/2018 13:33,18/6/2018 12:11,11/7/2018 0:00, 1 ,1 ,1, 1 ,1 ,
03181fddac1b424c893821ec539b2abf,2e3c87a1fe28dc56e695f7584818c62b,delivered,5/5/2018 16:35,5/5/2018 16:53,7/5/2018 11:37,8/5/2018 16:08,18/5/2018 0:00, 1 ,1 ,1,0 ,1 ,
03181fddac1b424c893821ec539b2abf,2e3c87a1fe28dc56e695f7584818c62b,delivered,5/5/2018 16:35,5/5/2018 16:53,7/5/2018 11:37,8/5/2018 16:08,18/5/2018 0:00, 1 ,1 ,1,0 ,1 ,
682dc4cd6b8eeb68f00866564d1f546b,b8e0c8f25d5bea287cd56666f678d57a,delivered,4/10/2017 11:06,4/10/2017 11:24,4/10/2017 22:29,11/10/2017 20:03,1/11/2017 0:00, 1 ,1 ,1, 1 ,1 ,
fc3eb1dcbbc011d4693b4efc280fc462,8ead9cc614e48a395252b1825a9bbe71,delivered,30/9/2017 2:38,30/9/2017 2:56,2/10/2017 20:49,5/10/2017 21:35,25/10/2017 0:00, 1 ,1 ,1,0 ,1 ,
fc3eb1dcbbc011d4693b4efc280fc462,8ead9cc614e48a395252b1825a9bbe71,delivered,30/9/2017 2:38,30/9/2017 2:56,2/10/2017 20:49,5/10/2017 21:35,25/10/2017 0:00, 1 ,1 ,1,0 ,1 ,
d2ee62caaa93703fb0562d3bd6f74dcd,38247382c098741cabd562674561e72f,delivered,17/4/2018 16:34,17/4/2018 16:52,20/4/2018 19:48,30/4/2018 23:02,17/5/2018 0:00, 1 ,1 ,1, 1 ,1 ,
81d52605792f2c2b77cef8c1023ea1e5,9dbc089a544895189a7842dc0a35aba0,delivered,1/5/2018 14:16,1/5/2018 14:34,2/5/2018 10:20,10/5/2018 22:32,4/6/2018 0:00, 1 ,1 ,1, 1 ,1 ,
765d8e5f6a9d496c895d21bb271ff1e8,2fcf5298199fdff944d4036d8a7b9ee5,delivered,23/8/2017 11:48,23/8/2017 12:06,25/8/2017 12:14,5/9/2017 14:24,21/9/2017 0:00, 1 ,1 ,1,0 ,1 ,
765d8e5f6a9d496c895d21bb271ff1e8,2fcf5298199fdff944d4036d8a7b9ee5,delivered,23/8/2017 11:48,23/8/2017 12:06,25/8/2017 12:14,5/9/2017 14:24,21/9/2017 0:00, 1 ,1 ,1,0 ,1 ,
9c7da05dae70be359391ea6cd8790045,934193e1fd8122b3380fe12dd0807ad7,delivered,27/7/2017 11:19,27/7/2017 11:37,4/8/2017 18:27,16/8/2017 11:19,30/8/2017 0:00, 1 ,1 ,1, 1 ,1 ,
45de27572f22822e03786f094dee22f3,5eaca6dbb83458bc7094070e23ab592e,delivered,21/5/2018 8:13,21/5/2018 8:31,21/5/2018 16:11,5/6/2018 15:42,7/6/2018 0:00, 1 ,1 ,1,0 ,1 ,
45de27572f22822e03786f094dee22f3,5eaca6dbb83458bc7094070e23ab592e,delivered,21/5/2018 8:13,21/5/2018 8:31,21/5/2018 16:11,5/6/2018 15:42,7/6/2018 0:00, 1 ,1 ,1,0 ,1 ,
1c735d7c3e1d3e7f05d904b3f15757bd,95f1c19c007a9e92d436534c97f17b43,delivered,16/3/2018 17:11,16/3/2018 17:28,20/3/2018 14:38,3/4/2018 1:24,4/4/2018 0:00, 1 ,1 ,1, 1 ,1 ,
d71fc3033bc27e81b5a946294eb577dc,d134e0c1f138c383dbbaec56a8146a96,delivered,18/8/2017 13:53,18/8/2017 14:10,22/8/2017 21:41,25/8/2017 20:15,12/9/2017 0:00, 1 ,1 ,1, 1 ,1 ,
7cdee3742b0259f2780e96bdd9602f0e,475f823c98a1ca65d8fdcbd15167a443,delivered,14/6/2017 21:58,14/6/2017 22:15,19/6/2017 20:05,30/6/2017 12:09,21/7/2017 0:00, 1 ,1 ,1, 1 ,1 ,
53b788f7cb182a99dbcf654bbdf21933,350285f2b060dd3b8df76551d0c113a4,delivered,8/7/2018 10:48,8/7/2018 11:05,10/7/2018 15:13,31/7/2018 2:04,27/7/2018 0:00, 1 ,0 ,1, 1 ,1 ,
e51859ab3a4df4a9dd8d6f60a060148b,1d84ab68816537ec824426841b34e696,delivered,1/10/2017 13:57,1/10/2017 14:14,2/10/2017 20:57,4/10/2017 22:08,18/10/2017 0:00, 1 ,1 ,1, 1 ,1 ,
4ef685e6dcade551ce14cb3783ca664d,0e8e2f7bf1242ec3421144a8c8c5128e,delivered,23/1/2018 21:03,23/1/2018 21:20,24/1/2018 18:22,23/2/2018 1:17,16/2/2018 0:00, 1 ,0 ,1,0 ,0 , Duplicate order id 
4ef685e6dcade551ce14cb3783ca664d,0e8e2f7bf1242ec3421144a8c8c5128e,delivered,23/1/2018 21:03,23/1/2018 21:20,24/1/2018 18:22,23/2/2018 1:17,16/2/2018 0:00, 1 ,0 ,1,0 ,0 , Duplicate order id 
190f1efcb8b7f7fdcf6690c0c3e78c39,0975b736f07ef1af2adb4e91cba4a035,delivered,23/12/2017 22:51,23/12/2017 23:08,26/12/2017 18:52,11/1/2018 22:34,6/2/2018 0:00, 1 ,1 ,1,0 ,1 ,
190f1efcb8b7f7fdcf6690c0c3e78c39,0975b736f07ef1af2adb4e91cba4a035,delivered,23/12/2017 22:51,23/12/2017 23:08,26/12/2017 18:52,11/1/2018 22:34,6/2/2018 0:00, 1 ,1 ,1,0 ,1 ,
190f1efcb8b7f7fdcf6690c0c3e78c39,0975b736f07ef1af2adb4e91cba4a035,delivered,23/12/2017 22:51,23/12/2017 23:08,26/12/2017 18:52,11/1/2018 22:34,6/2/2018 0:00, 1 ,1 ,1,0 ,1 ,
9d9551f39ab1dfc1287b84fe2da6f55f,6955b02fbb91a54af55310ac2ce3b3c3,delivered,26/6/2018 10:41,26/6/2018 10:58,26/6/2018 14:44,2/7/2018 20:26,23/7/2018 0:00, 1 ,1 ,1,0 ,1 ,
9d9551f39ab1dfc1287b84fe2da6f55f,6955b02fbb91a54af55310ac2ce3b3c3,delivered,26/6/2018 10:41,26/6/2018 10:58,26/6/2018 14:44,2/7/2018 20:26,23/7/2018 0:00, 1 ,1 ,1,0 ,1 ,
82ae4ace0b3ec2734319bd238e822c68,1734f37a2e5d5c62d02c58c28fd08c75,delivered,15/5/2018 21:59,15/5/2018 22:16,16/5/2018 10:19,17/5/2018 15:13,1/6/2018 0:00, 1 ,1 ,1, 1 ,1 ,
82b4245e0d249a436b157488d6607807,49f9471b7ca8b13ac0dab99d5d382e18,delivered,9/10/2017 23:33,9/10/2017 23:49,11/10/2017 18:13,13/10/2017 17:56,20/10/2017 0:00, 1 ,1 ,1, 1 ,1 ,
ce96e1f727877ff03577e45707a78265,0a89839c1ac53ef740c64b6ac372e550,delivered,13/4/2018 10:15,13/4/2018 10:32,16/4/2018 17:54,23/4/2018 16:31,15/5/2018 0:00, 1 ,1 ,1, 1 ,1 ,
5026ddae0cd10e29c5d2f0f37f2fe917,585a173e6339ccb640d466db50b28325,delivered,7/6/2018 14:44,7/6/2018 15:01,7/6/2018 15:42,22/6/2018 19:08,29/6/2018 0:00, 1 ,1 ,1, 1 ,1 ,
e1d6acaba6d1e84b8514575b9ef6fd71,5a0367f1c6acdbf73e18d97acc43df80,delivered,18/4/2018 20:54,18/4/2018 21:11,19/4/2018 19:21,2/5/2018 17:52,11/5/2018 0:00, 1 ,1 ,1,0 ,1 ,
e1d6acaba6d1e84b8514575b9ef6fd71,5a0367f1c6acdbf73e18d97acc43df80,delivered,18/4/2018 20:54,18/4/2018 21:11,19/4/2018 19:21,2/5/2018 17:52,11/5/2018 0:00, 1 ,1 ,1,0 ,1 ,
5cd1e199b5a1a3c27407766b2788851c,446e5d4f61445564a962e11953a4d5ec,delivered,14/6/2018 19:21,14/6/2018 19:37,21/6/2018 5:31,27/6/2018 17:52,18/7/2018 0:00, 1 ,1 ,1,0 ,1 ,
5cd1e199b5a1a3c27407766b2788851c,446e5d4f61445564a962e11953a4d5ec,delivered,14/6/2018 19:21,14/6/2018 19:37,21/6/2018 5:31,27/6/2018 17:52,18/7/2018 0:00, 1 ,1 ,1,0 ,1 ,
c906d290e52be53ab891c3e09074a9d9,e44c64cff0802462066ca4a376a0da59,delivered,25/9/2017 12:27,25/9/2017 12:44,27/9/2017 18:03,6/10/2017 18:10,20/10/2017 0:00, 1 ,1 ,1, 1 ,1 ,
07bcb0695fd4e3121e2fae21fbef3d28,4b63383d57d7b45e8c7df93cdbc5029d,delivered,25/7/2018 14:38,25/7/2018 14:55,1/8/2018 16:27,3/8/2018 16:56,14/8/2018 0:00, 1 ,1 ,1, 1 ,1 ,
57c8b21903ac8ad8de52488bbb4ada7b,dff7d214d0b7746cf254bddfb43add02,delivered,25/11/2017 8:13,25/11/2017 8:29,7/12/2017 23:48,17/1/2018 23:07,20/12/2017 0:00, 1 ,0 ,1,0 ,0 , Duplicate order id 
57c8b21903ac8ad8de52488bbb4ada7b,dff7d214d0b7746cf254bddfb43add02,delivered,25/11/2017 8:13,25/11/2017 8:29,7/12/2017 23:48,17/1/2018 23:07,20/12/2017 0:00, 1 ,0 ,1,0 ,0 , Duplicate order id 
57c8b21903ac8ad8de52488bbb4ada7b,dff7d214d0b7746cf254bddfb43add02,delivered,25/11/2017 8:13,25/11/2017 8:29,7/12/2017 23:48,17/1/2018 23:07,20/12/2017 0:00, 1 ,0 ,1,0 ,0 , Duplicate order id 
b4a1c1abe13b0e2adafb21da024cef98,81aef10a9af8f93cbfbf20e884277260,delivered,2/10/2017 21:11,2/10/2017 21:28,4/10/2017 1:02,9/10/2017 16:50,24/10/2017 0:00, 1 ,1 ,1, 1 ,1 ,
c07ddbce3f94a335544e744012c52f0f,ea2ecf4a8368958eee851ed4f09dfcc1,delivered,16/6/2018 11:21,16/6/2018 11:37,19/6/2018 14:14,20/6/2018 21:04,28/6/2018 0:00, 1 ,1 ,1,0 ,1 ,
c07ddbce3f94a335544e744012c52f0f,ea2ecf4a8368958eee851ed4f09dfcc1,delivered,16/6/2018 11:21,16/6/2018 11:37,19/6/2018 14:14,20/6/2018 21:04,28/6/2018 0:00, 1 ,1 ,1,0 ,1 ,
09ff646bb8e18894b907e5b76f5fca59,08ba3f633e08284c827e14b9700d8949,delivered,9/9/2017 3:20,9/9/2017 3:36,12/9/2017 12:38,20/9/2017 19:14,27/9/2017 0:00, 1 ,1 ,1, 1 ,1 ,
b98085eb7a06a725fb101c43ef721275,55527293ed99c8e2993e522addfb7615,delivered,26/12/2017 12:52,26/12/2017 13:08,27/12/2017 23:28,4/1/2018 17:53,15/1/2018 0:00, 1 ,1 ,1, 1 ,1 ,
7683e28d403c6a04e30902e9e415eec8,856d198a0f044d71737a4f922b50b0f8,delivered,4/5/2018 15:38,4/5/2018 15:55,8/5/2018 15:46,14/5/2018 15:54,4/6/2018 0:00, 1 ,1 ,1,0 ,1 ,
7683e28d403c6a04e30902e9e415eec8,856d198a0f044d71737a4f922b50b0f8,delivered,4/5/2018 15:38,4/5/2018 15:55,8/5/2018 15:46,14/5/2018 15:54,4/6/2018 0:00, 1 ,1 ,1,0 ,1 ,
7683e28d403c6a04e30902e9e415eec8,856d198a0f044d71737a4f922b50b0f8,delivered,4/5/2018 15:38,4/5/2018 15:55,8/5/2018 15:46,14/5/2018 15:54,4/6/2018 0:00, 1 ,1 ,1,0 ,1 ,
7683e28d403c6a04e30902e9e415eec8,856d198a0f044d71737a4f922b50b0f8,delivered,4/5/2018 15:38,4/5/2018 15:55,8/5/2018 15:46,14/5/2018 15:54,4/6/2018 0:00, 1 ,1 ,1,0 ,1 ,
c4d7d5a8e5e6c168142085d231c65b79,64a7d42cdb49cee6490de85c12d56403,delivered,6/12/2017 13:56,6/12/2017 14:12,7/12/2017 0:22,7/12/2017 22:10,26/12/2017 0:00, 1 ,1 ,1, 1 ,1 ,
ba4aad629e2c6afacab3ebd5e3d1e7ce,7222593d73650ed06f14c173e8c0e796,delivered,6/12/2017 0:22,6/12/2017 0:38,6/12/2017 17:49,19/12/2017 20:19,11/1/2018 0:00, 1 ,1 ,1, 1 ,1 ,
2380ca3ffd1097862f0f1f9b8f7c566f,731723e171b17d3d3d478ea3a1f4151d,delivered,12/5/2018 13:38,12/5/2018 13:54,14/5/2018 12:42,23/5/2018 17:32,6/6/2018 0:00, 1 ,1 ,1, 1 ,1 ,
ea12bd9ee4b9a167ce287004482769e1,787b46588e96b01ea8bb3a4bfbccd352,delivered,26/10/2017 20:30,26/10/2017 20:46,27/10/2017 19:05,31/10/2017 20:22,14/11/2017 0:00, 1 ,1 ,1,0 ,1 ,
ea12bd9ee4b9a167ce287004482769e1,787b46588e96b01ea8bb3a4bfbccd352,delivered,26/10/2017 20:30,26/10/2017 20:46,27/10/2017 19:05,31/10/2017 20:22,14/11/2017 0:00, 1 ,1 ,1,0 ,1 ,
5dea57306e01caa42ad0b07b85042953,0b3a3c105d2d5b981fcf34c111fb18a4,delivered,16/7/2018 1:31,16/7/2018 1:47,26/7/2018 11:05,2/8/2018 19:42,14/8/2018 0:00, 1 ,1 ,1, 1 ,1 ,
c577aae17cbefe7f45972f2b2f06a760,b40e9509ac043645de6ac145ce787a3f,delivered,9/7/2017 11:27,9/7/2017 11:43,10/7/2017 20:37,13/7/2017 21:17,1/8/2017 0:00, 1 ,1 ,1,0 ,1 ,
c577aae17cbefe7f45972f2b2f06a760,b40e9509ac043645de6ac145ce787a3f,delivered,9/7/2017 11:27,9/7/2017 11:43,10/7/2017 20:37,13/7/2017 21:17,1/8/2017 0:00, 1 ,1 ,1,0 ,1 ,
8acc22f310ec4d7164182c209ad650b3,2cc0514f5b758396c8e4f946aee21dca,delivered,20/2/2018 19:31,20/2/2018 19:47,22/2/2018 0:45,12/3/2018 15:04,15/3/2018 0:00, 1 ,1 ,1, 1 ,1 ,
53ec23d3e71b749fd840c22675065007,8338b4460e3b0a968cafd391715d6ae4,shipped,10/7/2018 21:19,10/7/2018 21:35,12/7/2018 15:13,,10/8/2018 0:00,1 ,0 ,1,0 ,0 , Duplicate order id 
53ec23d3e71b749fd840c22675065007,8338b4460e3b0a968cafd391715d6ae4,shipped,10/7/2018 21:19,10/7/2018 21:35,12/7/2018 15:13,,10/8/2018 0:00,1 ,0 ,1,0 ,0 , Duplicate order id 
3e93213bb8fdda91186b4018b2fe0030,353e6a256f90a009d3e801b655f33b98,delivered,17/7/2018 23:49,18/7/2018 0:05,27/7/2018 11:54,7/8/2018 0:02,9/8/2018 0:00, 1 ,1 ,1,0 ,1 ,
3e93213bb8fdda91186b4018b2fe0030,353e6a256f90a009d3e801b655f33b98,delivered,17/7/2018 23:49,18/7/2018 0:05,27/7/2018 11:54,7/8/2018 0:02,9/8/2018 0:00, 1 ,1 ,1,0 ,1 ,
3e93213bb8fdda91186b4018b2fe0030,353e6a256f90a009d3e801b655f33b98,delivered,17/7/2018 23:49,18/7/2018 0:05,27/7/2018 11:54,7/8/2018 0:02,9/8/2018 0:00, 1 ,1 ,1,0 ,1 ,
fa2e103e8d7fa0d07f04bd9fafb74d75,b47393771b85e7fe166f11a17423e4a1,delivered,16/6/2017 17:19,16/6/2017 17:35,19/6/2017 20:23,27/6/2017 14:23,10/7/2017 0:00, 1 ,1 ,1,0 ,1 ,
fa2e103e8d7fa0d07f04bd9fafb74d75,b47393771b85e7fe166f11a17423e4a1,delivered,16/6/2017 17:19,16/6/2017 17:35,19/6/2017 20:23,27/6/2017 14:23,10/7/2017 0:00, 1 ,1 ,1,0 ,1 ,
49a8037eb392560be2070774d0eb046b,2defe1aa56cfe5681c31064d51154bd2,delivered,21/3/2018 20:34,21/3/2018 20:50,22/3/2018 19:06,29/3/2018 3:14,9/4/2018 0:00, 1 ,1 ,1, 1 ,1 ,
972de859f5e4986651981a283159a3b0,c9dbab4b73e48bd978bb5a5114ee6e3c,delivered,9/1/2018 11:53,9/1/2018 12:09,9/1/2018 19:27,19/1/2018 23:47,7/2/2018 0:00, 1 ,1 ,1, 1 ,1 ,
fa84bb10b3e22907ee72175763051dca,c400d925fe66cbabb0bc2a8397e562a4,delivered,5/6/2017 20:49,5/6/2017 21:05,6/6/2017 14:51,16/6/2017 15:51,27/6/2017 0:00, 1 ,1 ,1, 1 ,1 ,
216c6c60eaa02facee10abb4ca3a9c6f,20fd1d3f2cd5764f96b64c33263a57fd,delivered,25/11/2017 23:17,25/11/2017 23:33,28/11/2017 22:55,1/12/2017 21:42,15/12/2017 0:00, 1 ,1 ,1, 1 ,1 ,
431018542d8303268a574ea80da4cfb5,99a5a40178ddd41b526250426a60f363,delivered,26/5/2017 14:26,26/5/2017 14:42,1/6/2017 13:57,14/6/2017 16:07,26/6/2017 0:00, 1 ,1 ,1,0 ,1 ,
431018542d8303268a574ea80da4cfb5,99a5a40178ddd41b526250426a60f363,delivered,26/5/2017 14:26,26/5/2017 14:42,1/6/2017 13:57,14/6/2017 16:07,26/6/2017 0:00, 1 ,1 ,1,0 ,1 ,
6e7f938e1ebc4eb4b205b2ad66c5525d,d64eb944d3fef8d269de717e4bc2d56c,unavailable,12/9/2017 0:08,12/9/2017 0:23,,,3/10/2017 0:00,0 ,0 ,1, 1 ,0 ,
fa099a53d48227d20d9eb52f139a6d8c,e50c59f4bada8680913f519f6f104e06,delivered,12/9/2017 11:22,12/9/2017 11:38,18/9/2017 23:49,27/9/2017 21:21,9/10/2017 0:00, 1 ,1 ,1, 1 ,1 ,
76316d08dd15e53a577758b8f09059f0,9f0868f67243497c168be0190ed7a1d7,delivered,11/2/2018 17:52,11/2/2018 18:08,14/2/2018 17:53,15/2/2018 16:32,26/2/2018 0:00, 1 ,1 ,1,0 ,1 ,
76316d08dd15e53a577758b8f09059f0,9f0868f67243497c168be0190ed7a1d7,delivered,11/2/2018 17:52,11/2/2018 18:08,14/2/2018 17:53,15/2/2018 16:32,26/2/2018 0:00, 1 ,1 ,1,0 ,1 ,
09249f4625a56408772a45322aadd544,9d4454db8535593c2a2f165869f30bc5,delivered,7/8/2018 10:19,7/8/2018 10:35,13/8/2018 15:25,16/8/2018 21:12,23/8/2018 0:00, 1 ,1 ,1, 1 ,1 ,
59ffc9b2c09392188ab671e0a67bdb3e,501c45612cabee0dadab5d98677809e1,delivered,19/7/2018 11:07,19/7/2018 11:22,19/7/2018 12:27,3/8/2018 22:03,9/8/2018 0:00, 1 ,1 ,1, 1 ,1 ,
92b6250c9e1d1e359a29929fa9f62395,b17ac2d4ba142dda51133ec4ccc22314,delivered,19/9/2017 23:08,19/9/2017 23:24,25/9/2017 20:10,28/9/2017 19:53,5/10/2017 0:00, 1 ,1 ,1, 1 ,1 ,
e5cb8cec63271f7ad2569b86e2eae45e,b31eaa661afe014345c3f985657e7743,delivered,23/5/2017 15:27,23/5/2017 15:43,24/5/2017 9:28,27/5/2017 16:52,12/6/2017 0:00, 1 ,1 ,1,0 ,1 ,
e5cb8cec63271f7ad2569b86e2eae45e,b31eaa661afe014345c3f985657e7743,delivered,23/5/2017 15:27,23/5/2017 15:43,24/5/2017 9:28,27/5/2017 16:52,12/6/2017 0:00, 1 ,1 ,1,0 ,1 ,
e5cb8cec63271f7ad2569b86e2eae45e,b31eaa661afe014345c3f985657e7743,delivered,23/5/2017 15:27,23/5/2017 15:43,24/5/2017 9:28,27/5/2017 16:52,12/6/2017 0:00, 1 ,1 ,1,0 ,1 ,
e9a82a82b91f0f1cb3703a5b6fb3c505,2583ccdc640198b5496a053f54b67b4e,delivered,27/3/2017 22:28,27/3/2017 22:43,28/3/2017 11:42,31/3/2017 13:03,17/4/2017 0:00, 1 ,1 ,1, 1 ,1 ,
bcb9cb204fb7137dcb5dc3fdb94f11e5,75ecb22a47dc997aad56a99f05c74c49,delivered,17/7/2017 19:27,17/7/2017 19:43,18/7/2017 19:15,19/7/2017 19:57,31/7/2017 0:00, 1 ,1 ,1, 1 ,1 ,
572e5973c80ab933d719e73b89b29743,4c059976e75f2bfbcaea907a147e77c7,delivered,11/6/2017 10:47,11/6/2017 11:02,12/6/2017 15:45,13/6/2017 13:08,26/6/2017 0:00, 1 ,1 ,1,0 ,1 ,
572e5973c80ab933d719e73b89b29743,4c059976e75f2bfbcaea907a147e77c7,delivered,11/6/2017 10:47,11/6/2017 11:02,12/6/2017 15:45,13/6/2017 13:08,26/6/2017 0:00, 1 ,1 ,1,0 ,1 ,
ba637aace31b817e0f186405ae78ccca,f8e504ca6e18fe0afcf86d5b30817489,delivered,27/3/2018 14:32,27/3/2018 14:48,28/3/2018 18:24,9/4/2018 12:38,13/4/2018 0:00, 1 ,1 ,1,0 ,1 ,
ba637aace31b817e0f186405ae78ccca,f8e504ca6e18fe0afcf86d5b30817489,delivered,27/3/2018 14:32,27/3/2018 14:48,28/3/2018 18:24,9/4/2018 12:38,13/4/2018 0:00, 1 ,1 ,1,0 ,1 ,
1873fcb129d137537b45d35990b5d734,1ff886d030252e3a0b3a86d4cbfb3503,delivered,1/5/2017 20:29,1/5/2017 20:45,3/5/2017 15:37,16/5/2017 7:47,24/5/2017 0:00, 1 ,1 ,1,0 ,1 ,
1873fcb129d137537b45d35990b5d734,1ff886d030252e3a0b3a86d4cbfb3503,delivered,1/5/2017 20:29,1/5/2017 20:45,3/5/2017 15:37,16/5/2017 7:47,24/5/2017 0:00, 1 ,1 ,1,0 ,1 ,
92a327e7271313540958cf048ff5c2cd,d0c71544b9d999fd56911fbce19fb35b,delivered,14/6/2018 15:23,14/6/2018 15:38,14/6/2018 15:41,18/6/2018 20:48,29/6/2018 0:00, 1 ,1 ,1,0 ,1 ,
6bfefd597dae9bcdc38e087a154ab6e5,c0fd6186a94fc6fe13f085e45a2b5045,delivered,25/4/2018 21:55,25/4/2018 22:10,27/4/2018 12:56,8/5/2018 15:45,18/5/2018 0:00, 1 ,1 ,1, 1 ,1 ,
92a327e7271313540958cf048ff5c2cd,d0c71544b9d999fd56911fbce19fb35b,delivered,14/6/2018 15:23,14/6/2018 15:38,14/6/2018 15:41,18/6/2018 20:48,29/6/2018 0:00, 1 ,1 ,1,0 ,1 ,
92a327e7271313540958cf048ff5c2cd,d0c71544b9d999fd56911fbce19fb35b,delivered,14/6/2018 15:23,14/6/2018 15:38,14/6/2018 15:41,18/6/2018 20:48,29/6/2018 0:00, 1 ,1 ,1,0 ,1 ,
92a327e7271313540958cf048ff5c2cd,d0c71544b9d999fd56911fbce19fb35b,delivered,14/6/2018 15:23,14/6/2018 15:38,14/6/2018 15:41,18/6/2018 20:48,29/6/2018 0:00, 1 ,1 ,1,0 ,1 ,
83a9c18344682fcbc57696019ff1ff2a,96ca69bfa1a8b97847ced6f03bed4e79,shipped,11/8/2017 17:40,11/8/2017 17:55,14/8/2017 18:22,,13/9/2017 0:00,1 ,0 ,1,0 ,0 , Duplicate order id 
83a9c18344682fcbc57696019ff1ff2a,96ca69bfa1a8b97847ced6f03bed4e79,shipped,11/8/2017 17:40,11/8/2017 17:55,14/8/2017 18:22,,13/9/2017 0:00,1 ,0 ,1,0 ,0 , Duplicate order id 
92be217451e443e50d816ab21286d00d,55fc561cdd959beb7c1b679f4f42c732,delivered,6/9/2017 12:30,6/9/2017 12:45,8/9/2017 17:10,13/9/2017 20:17,25/9/2017 0:00, 1 ,1 ,1,0 ,1 ,
92be217451e443e50d816ab21286d00d,55fc561cdd959beb7c1b679f4f42c732,delivered,6/9/2017 12:30,6/9/2017 12:45,8/9/2017 17:10,13/9/2017 20:17,25/9/2017 0:00, 1 ,1 ,1,0 ,1 ,
1f1d34c2ba3f3ae5f852175df49f079c,3e72dabf2c10a14d047233a3823ddce1,delivered,3/6/2018 16:35,3/6/2018 16:50,4/6/2018 14:19,6/6/2018 23:02,28/6/2018 0:00, 1 ,1 ,1, 1 ,1 ,
b3a63aeb668343cbf7b37e72abb932f3,88312bc5fe4c1c594abf422b854b6677,delivered,11/9/2017 10:09,11/9/2017 10:24,12/9/2017 14:54,14/9/2017 15:38,27/9/2017 0:00, 1 ,1 ,1,0 ,1 ,
b3a63aeb668343cbf7b37e72abb932f3,88312bc5fe4c1c594abf422b854b6677,delivered,11/9/2017 10:09,11/9/2017 10:24,12/9/2017 14:54,14/9/2017 15:38,27/9/2017 0:00, 1 ,1 ,1,0 ,1 ,
436a9aef30267664e39faf27982b0921,4cc13a45f4e9258fae06b75f27440b11,delivered,25/6/2018 21:22,25/6/2018 21:37,26/6/2018 15:11,10/7/2018 18:55,5/7/2018 0:00, 1 ,0 ,1, 1 ,1 ,
3d6031aba8562253267cc241b6113b98,7a33b68891edd3370f13fc2adbb312ac,delivered,19/4/2017 22:15,19/4/2017 22:30,20/4/2017 16:15,15/5/2017 9:45,9/5/2017 0:00, 1 ,0 ,1,0 ,0 , Duplicate order id 
3d6031aba8562253267cc241b6113b98,7a33b68891edd3370f13fc2adbb312ac,delivered,19/4/2017 22:15,19/4/2017 22:30,20/4/2017 16:15,15/5/2017 9:45,9/5/2017 0:00, 1 ,0 ,1,0 ,0 , Duplicate order id 
bd50a7fe9fd97ea4b7663031a319e150,0975c3cf2e418ebfa5d1191a2dffd59d,delivered,23/12/2016 23:16,23/12/2016 23:31,27/12/2016 6:14,28/12/2016 15:54,19/1/2017 0:00, 1 ,1 ,1,0 ,1 ,
bd50a7fe9fd97ea4b7663031a319e150,0975c3cf2e418ebfa5d1191a2dffd59d,delivered,23/12/2016 23:16,23/12/2016 23:31,27/12/2016 6:14,28/12/2016 15:54,19/1/2017 0:00, 1 ,1 ,1,0 ,1 ,
bd50a7fe9fd97ea4b7663031a319e150,0975c3cf2e418ebfa5d1191a2dffd59d,delivered,23/12/2016 23:16,23/12/2016 23:31,27/12/2016 6:14,28/12/2016 15:54,19/1/2017 0:00, 1 ,1 ,1,0 ,1 ,
ccfc23e8a089afcb9b3e98ad1eadb5fc,7517dfb47f94b65d6cfd8b50ee0eaaa4,delivered,4/9/2017 22:55,4/9/2017 23:10,6/9/2017 22:12,18/9/2017 18:43,27/9/2017 0:00, 1 ,1 ,1, 1 ,1 ,
725cf8e9c24e679a8a5a32cb92c9ce1e,74be082247cd677a147d83ee670e9d53,delivered,8/6/2017 21:00,8/6/2017 21:15,23/6/2017 13:03,6/7/2017 9:22,2/8/2017 0:00, 1 ,1 ,1,0 ,1 ,
725cf8e9c24e679a8a5a32cb92c9ce1e,74be082247cd677a147d83ee670e9d53,delivered,8/6/2017 21:00,8/6/2017 21:15,23/6/2017 13:03,6/7/2017 9:22,2/8/2017 0:00, 1 ,1 ,1,0 ,1 ,
f33bb10a8083242acc69681587de119f,7f2c7852591133faac4da0fce82fb87d,delivered,28/5/2018 23:15,28/5/2018 23:29,29/5/2018 12:17,4/6/2018 17:34,29/6/2018 0:00, 1 ,1 ,1,0 ,1 ,
f33bb10a8083242acc69681587de119f,7f2c7852591133faac4da0fce82fb87d,delivered,28/5/2018 23:15,28/5/2018 23:29,29/5/2018 12:17,4/6/2018 17:34,29/6/2018 0:00, 1 ,1 ,1,0 ,1 ,
6be5314bc611a32a245f5111c8ba1089,c780e173716b253dd27f73f0f738a559,delivered,22/2/2018 18:16,22/2/2018 18:30,27/2/2018 21:24,10/3/2018 20:18,13/3/2018 0:00, 1 ,1 ,1,0 ,1 ,
6be5314bc611a32a245f5111c8ba1089,c780e173716b253dd27f73f0f738a559,delivered,22/2/2018 18:16,22/2/2018 18:30,27/2/2018 21:24,10/3/2018 20:18,13/3/2018 0:00, 1 ,1 ,1,0 ,1 ,
49de2042facc292abd730e3dc6c0a75a,41a27a1274fe5d0d5d88585f37769043,delivered,5/8/2018 19:50,5/8/2018 20:05,7/8/2018 15:33,13/8/2018 18:02,20/8/2018 0:00, 1 ,1 ,1,0 ,1 ,
49de2042facc292abd730e3dc6c0a75a,41a27a1274fe5d0d5d88585f37769043,delivered,5/8/2018 19:50,5/8/2018 20:05,7/8/2018 15:33,13/8/2018 18:02,20/8/2018 0:00, 1 ,1 ,1,0 ,1 ,
cd3d84e6743d5f2e14233c017e9bd10a,3de7da4ef84ac238c26ed09b06c7e792,delivered,7/6/2017 21:40,7/6/2017 21:55,8/6/2017 17:33,13/6/2017 12:08,21/6/2017 0:00, 1 ,1 ,1, 1 ,1 ,
8435644661a27a84e873e6382328468f,d0fe702369bd948993145ebd7feb8d83,delivered,20/1/2018 20:26,20/1/2018 20:41,22/1/2018 22:52,28/1/2018 11:44,2/4/2018 0:00, 1 ,1 ,1, 1 ,1 ,
58a1e508f021717acbcf12f9f328f497,9551c9f70be99f31e88354c565e543f0,delivered,15/1/2018 23:15,15/1/2018 23:29,17/1/2018 21:04,27/1/2018 12:38,16/2/2018 0:00, 1 ,1 ,1,0 ,1 ,
58a1e508f021717acbcf12f9f328f497,9551c9f70be99f31e88354c565e543f0,delivered,15/1/2018 23:15,15/1/2018 23:29,17/1/2018 21:04,27/1/2018 12:38,16/2/2018 0:00, 1 ,1 ,1,0 ,1 ,
58a1e508f021717acbcf12f9f328f497,9551c9f70be99f31e88354c565e543f0,delivered,15/1/2018 23:15,15/1/2018 23:29,17/1/2018 21:04,27/1/2018 12:38,16/2/2018 0:00, 1 ,1 ,1,0 ,1 ,
95ebea26504e0c4e028d5cdd035c6f7a,2d06aa2dfce404eda03c5950c4a35960,delivered,30/9/2017 11:35,30/9/2017 11:49,2/10/2017 16:38,11/10/2017 20:23,31/10/2017 0:00, 1 ,1 ,1, 1 ,1 ,
6101d68c2fb03e7c4571839add1a24b0,2a8ca956e86443110f087a53ae82b52f,delivered,13/6/2018 15:45,13/6/2018 15:59,18/6/2018 14:32,26/6/2018 18:58,13/7/2018 0:00, 1 ,1 ,1, 1 ,1 ,
1726692d7d3bf55b3bf72214ed9e6f7e,693d02fe5397d7acda742a75d955610e,delivered,4/2/2017 13:00,4/2/2017 13:15,6/2/2017 14:17,8/2/2017 14:05,1/3/2017 0:00, 1 ,1 ,1,0 ,1 ,
1726692d7d3bf55b3bf72214ed9e6f7e,693d02fe5397d7acda742a75d955610e,delivered,4/2/2017 13:00,4/2/2017 13:15,6/2/2017 14:17,8/2/2017 14:05,1/3/2017 0:00, 1 ,1 ,1,0 ,1 ,
c3fdd79a248296dd41d7369eb034db97,c56908e1041936843d95e0aae415f155,delivered,10/7/2017 17:01,10/7/2017 17:15,20/7/2017 20:44,24/7/2017 17:12,7/8/2017 0:00, 1 ,1 ,1, 1 ,1 ,
061c593a0c8fd1b92c2abc7c1a87b329,1d31af8a0364470eba3d940faa9008b5,delivered,16/7/2018 12:31,16/7/2018 12:45,23/7/2018 14:39,30/7/2018 22:23,3/8/2018 0:00, 1 ,1 ,1, 1 ,1 ,
7ec1b2259b08869d945fd8fd76e8ee2f,4849374c3189ec40c89b978357e07e0f,delivered,9/4/2018 11:56,9/4/2018 12:10,10/4/2018 16:50,13/4/2018 18:21,2/5/2018 0:00, 1 ,1 ,1, 1 ,1 ,
03cd43eb7c373b23a0b55c1c8f76c861,14d70a0cee529bb63fec5712914c3938,delivered,28/6/2018 10:17,28/6/2018 10:31,29/6/2018 14:45,4/7/2018 0:51,23/7/2018 0:00, 1 ,1 ,1,0 ,1 ,
99fe1f54d97630a40c549779ea00e8c9,fa124303523931c3e5f132f33e9110fe,delivered,16/5/2017 21:30,16/5/2017 21:45,22/5/2017 13:25,31/5/2017 8:18,8/6/2017 0:00, 1 ,1 ,1, 1 ,1 ,
03cd43eb7c373b23a0b55c1c8f76c861,14d70a0cee529bb63fec5712914c3938,delivered,28/6/2018 10:17,28/6/2018 10:31,29/6/2018 14:45,4/7/2018 0:51,23/7/2018 0:00, 1 ,1 ,1,0 ,1 ,
d8aa886bfa7d140c2ec1c7f9a310e007,ad30e92f85cdcc70fe82d0b048915ead,delivered,3/6/2018 19:41,3/6/2018 19:55,21/6/2018 14:04,11/7/2018 17:08,16/7/2018 0:00, 1 ,1 ,1, 1 ,1 ,
5480f040b65927b72574473cce844a76,3ae0ee80becb5e9de195f3cdd8487ebb,delivered,30/8/2017 17:53,30/8/2017 18:07,31/8/2017 19:32,11/9/2017 20:29,21/9/2017 0:00, 1 ,1 ,1,0 ,1 ,
5480f040b65927b72574473cce844a76,3ae0ee80becb5e9de195f3cdd8487ebb,delivered,30/8/2017 17:53,30/8/2017 18:07,31/8/2017 19:32,11/9/2017 20:29,21/9/2017 0:00, 1 ,1 ,1,0 ,1 ,
5480f040b65927b72574473cce844a76,3ae0ee80becb5e9de195f3cdd8487ebb,delivered,30/8/2017 17:53,30/8/2017 18:07,31/8/2017 19:32,11/9/2017 20:29,21/9/2017 0:00, 1 ,1 ,1,0 ,1 ,
709503c0d4ce76c2fdb6627c0ca8738a,57b74a2a339ded39c128788bec370de7,delivered,11/4/2017 22:01,11/4/2017 22:15,12/4/2017 11:51,25/4/2017 11:28,9/5/2017 0:00, 1 ,1 ,1, 1 ,1 ,
c52fc1fc33756cfdee5d0cd6fed55765,b2e3d091b5b6524577a1b12c46729c8a,delivered,14/7/2018 22:11,14/7/2018 22:25,16/7/2018 13:43,27/7/2018 16:56,3/8/2018 0:00, 1 ,1 ,1,0 ,1 ,
c52fc1fc33756cfdee5d0cd6fed55765,b2e3d091b5b6524577a1b12c46729c8a,delivered,14/7/2018 22:11,14/7/2018 22:25,16/7/2018 13:43,27/7/2018 16:56,3/8/2018 0:00, 1 ,1 ,1,0 ,1 ,
c52fc1fc33756cfdee5d0cd6fed55765,b2e3d091b5b6524577a1b12c46729c8a,delivered,14/7/2018 22:11,14/7/2018 22:25,16/7/2018 13:43,27/7/2018 16:56,3/8/2018 0:00, 1 ,1 ,1,0 ,1 ,
bd67f781813f153083d633f8c81d0820,d7e165ba90f233742894011d725448c1,delivered,19/1/2018 14:58,19/1/2018 15:13,22/1/2018 21:21,29/1/2018 14:47,16/2/2018 0:00, 1 ,1 ,1,0 ,1 ,
bd67f781813f153083d633f8c81d0820,d7e165ba90f233742894011d725448c1,delivered,19/1/2018 14:58,19/1/2018 15:13,22/1/2018 21:21,29/1/2018 14:47,16/2/2018 0:00, 1 ,1 ,1,0 ,1 ,
bd67f781813f153083d633f8c81d0820,d7e165ba90f233742894011d725448c1,delivered,19/1/2018 14:58,19/1/2018 15:13,22/1/2018 21:21,29/1/2018 14:47,16/2/2018 0:00, 1 ,1 ,1,0 ,1 ,
bd67f781813f153083d633f8c81d0820,d7e165ba90f233742894011d725448c1,delivered,19/1/2018 14:58,19/1/2018 15:13,22/1/2018 21:21,29/1/2018 14:47,16/2/2018 0:00, 1 ,1 ,1,0 ,1 ,
e6152cd6ca627fc4f0f5deddea24f7c2,fc474e00b3af88a2abe3ca25204b59ea,unavailable,29/11/2017 13:23,29/11/2017 13:37,,,13/12/2017 0:00,0 ,0 ,1, 1 ,0 ,
1449e2bfe7a48a4534cd242f0d60e414,9e6512d352103b6ecbbfebfe637ab5df,delivered,30/12/2017 16:52,30/12/2017 17:06,3/1/2018 21:53,15/1/2018 21:18,31/1/2018 0:00, 1 ,1 ,1,0 ,1 ,
aec6c9f96db18be9eaa8730d376a916d,b35b9f5d340006ae908ea31e7439c9e6,delivered,15/7/2017 15:51,15/7/2017 16:05,17/7/2017 16:23,24/7/2017 23:37,8/8/2017 0:00, 1 ,1 ,1, 1 ,1 ,
1449e2bfe7a48a4534cd242f0d60e414,9e6512d352103b6ecbbfebfe637ab5df,delivered,30/12/2017 16:52,30/12/2017 17:06,3/1/2018 21:53,15/1/2018 21:18,31/1/2018 0:00, 1 ,1 ,1,0 ,1 ,
9212fb06fa8197c71c382ce06e5889ae,bfd41839fe9e5918668e940c6460c671,delivered,23/5/2018 12:00,23/5/2018 12:14,25/5/2018 8:52,29/5/2018 12:46,21/6/2018 0:00, 1 ,1 ,1, 1 ,1 ,
96af728f7572efd778b4f382d094b5f3,a6d30c849e11214bfd35f21fc04bcf8f,delivered,3/7/2017 14:49,3/7/2017 15:03,5/7/2017 9:56,6/7/2017 12:03,14/7/2017 0:00, 1 ,1 ,1, 1 ,1 ,
7a7d015aba4cb837644d24afa509ab3a,88307fcbd0dc9aeb5decad275e3685fc,delivered,12/12/2017 22:58,12/12/2017 23:12,13/12/2017 20:22,21/12/2017 22:41,9/1/2018 0:00, 1 ,1 ,1, 1 ,1 ,
4fd4634c3c8d7f2b7788e9c3902565ab,8ba5ebeb32e198115c4c1d5f14b17ee1,delivered,31/3/2017 17:41,31/3/2017 17:55,3/4/2017 16:34,5/4/2017 15:56,20/4/2017 0:00, 1 ,1 ,1, 1 ,1 ,
e9b3258a406a55c86715a28bf26c98a0,bf5194ba2c7eaa75eee856b4b61114c0,delivered,27/3/2018 14:16,27/3/2018 14:30,28/3/2018 23:28,3/4/2018 18:31,9/4/2018 0:00, 1 ,1 ,1, 1 ,1 ,
26b66bcb4cb37fe553c114832d3a5e45,e75cd2b8044ef17f9fb52badd80a76d2,delivered,11/4/2018 18:17,11/4/2018 18:31,13/4/2018 16:04,15/4/2018 14:04,27/4/2018 0:00, 1 ,1 ,1,0 ,1 ,
26b66bcb4cb37fe553c114832d3a5e45,e75cd2b8044ef17f9fb52badd80a76d2,delivered,11/4/2018 18:17,11/4/2018 18:31,13/4/2018 16:04,15/4/2018 14:04,27/4/2018 0:00, 1 ,1 ,1,0 ,1 ,
26b66bcb4cb37fe553c114832d3a5e45,e75cd2b8044ef17f9fb52badd80a76d2,delivered,11/4/2018 18:17,11/4/2018 18:31,13/4/2018 16:04,15/4/2018 14:04,27/4/2018 0:00, 1 ,1 ,1,0 ,1 ,
e46cadf63ee53cca6065ae0affdd1d83,bb63bb88b869f39f4334da43ec942775,delivered,23/3/2018 13:01,23/3/2018 13:15,27/3/2018 2:04,3/4/2018 16:03,19/4/2018 0:00, 1 ,1 ,1, 1 ,1 ,
b1334405900ad1c02d3521d59b962c6a,6a1c413924ef359fa6e250b31387ff81,delivered,9/8/2017 11:36,9/8/2017 11:50,10/8/2017 18:15,21/8/2017 19:12,13/9/2017 0:00, 1 ,1 ,1,0 ,1 ,
b1334405900ad1c02d3521d59b962c6a,6a1c413924ef359fa6e250b31387ff81,delivered,9/8/2017 11:36,9/8/2017 11:50,10/8/2017 18:15,21/8/2017 19:12,13/9/2017 0:00, 1 ,1 ,1,0 ,1 ,
a1e4076fddd5b3b4516b727655e5b643,f9bb705a6d800dbb127ec638075fd849,delivered,16/7/2018 13:51,16/7/2018 14:05,17/7/2018 6:47,23/7/2018 19:05,10/8/2018 0:00, 1 ,1 ,1, 1 ,1 ,
bf2e7a6b9cf62bcc5d4276e1fa90f9bc,e63a81aeb874228ba9b2eaab33d9fbc3,delivered,18/8/2017 13:01,18/8/2017 13:15,22/8/2017 18:09,1/9/2017 18:53,12/9/2017 0:00, 1 ,1 ,1,0 ,1 ,
bf2e7a6b9cf62bcc5d4276e1fa90f9bc,e63a81aeb874228ba9b2eaab33d9fbc3,delivered,18/8/2017 13:01,18/8/2017 13:15,22/8/2017 18:09,1/9/2017 18:53,12/9/2017 0:00, 1 ,1 ,1,0 ,1 ,
bf2e7a6b9cf62bcc5d4276e1fa90f9bc,e63a81aeb874228ba9b2eaab33d9fbc3,delivered,18/8/2017 13:01,18/8/2017 13:15,22/8/2017 18:09,1/9/2017 18:53,12/9/2017 0:00, 1 ,1 ,1,0 ,1 ,
bf2e7a6b9cf62bcc5d4276e1fa90f9bc,e63a81aeb874228ba9b2eaab33d9fbc3,delivered,18/8/2017 13:01,18/8/2017 13:15,22/8/2017 18:09,1/9/2017 18:53,12/9/2017 0:00, 1 ,1 ,1,0 ,1 ,
a7947c0869dbc1d6a6efb0c567cb0099,b1db5d94490687ac415441231056307d,delivered,19/7/2018 18:36,19/7/2018 18:50,23/7/2018 16:41,24/7/2018 22:42,30/7/2018 0:00, 1 ,1 ,1, 1 ,1 ,
6d231a099f98f5a590ad78db56ae82f1,6ee311afc0adb5663ad53868d46ba39d,delivered,11/11/2017 22:16,11/11/2017 22:30,13/11/2017 21:32,16/11/2017 21:48,27/11/2017 0:00, 1 ,1 ,1, 1 ,1 ,
b85a7527aeed7648354efec94c8db7fd,d9c2e17e0fbeebd71fa661d9d6bf65bf,delivered,22/2/2018 17:42,22/2/2018 17:55,23/2/2018 22:59,13/3/2018 11:46,21/3/2018 0:00, 1 ,1 ,1, 1 ,1 ,
e5266bf70f5e421e61c8df95a55ae917,bebf28180d9c37aad1ee418004188eec,delivered,11/4/2018 21:56,11/4/2018 22:10,12/4/2018 22:57,20/4/2018 13:48,21/5/2018 0:00, 1 ,1 ,1,0 ,1 ,
e5266bf70f5e421e61c8df95a55ae917,bebf28180d9c37aad1ee418004188eec,delivered,11/4/2018 21:56,11/4/2018 22:10,12/4/2018 22:57,20/4/2018 13:48,21/5/2018 0:00, 1 ,1 ,1,0 ,1 ,
a69cfdf2a1c59f8ff05718f69d021e81,a4a6227ac25717d6495f0ac16be85017,delivered,19/7/2018 11:29,19/7/2018 11:42,20/7/2018 13:41,26/7/2018 17:58,6/8/2018 0:00, 1 ,1 ,1,0 ,1 ,
a69cfdf2a1c59f8ff05718f69d021e81,a4a6227ac25717d6495f0ac16be85017,delivered,19/7/2018 11:29,19/7/2018 11:42,20/7/2018 13:41,26/7/2018 17:58,6/8/2018 0:00, 1 ,1 ,1,0 ,1 ,
a69cfdf2a1c59f8ff05718f69d021e81,a4a6227ac25717d6495f0ac16be85017,delivered,19/7/2018 11:29,19/7/2018 11:42,20/7/2018 13:41,26/7/2018 17:58,6/8/2018 0:00, 1 ,1 ,1,0 ,1 ,
d15b4a7be0aedb9cd0f4330b1703b7c0,35ba8f2876a0059b2946b6674856c6dd,delivered,7/9/2017 16:56,7/9/2017 17:10,8/9/2017 19:36,20/9/2017 17:22,28/9/2017 0:00, 1 ,1 ,1, 1 ,1 ,
e0be013981866fa58c41c93cab57594a,ac2c4889c5a253bb3cd48204cf7c93ee,delivered,1/3/2018 16:36,1/3/2018 16:50,8/3/2018 2:16,10/4/2018 17:29,22/3/2018 0:00, 1 ,0 ,1, 1 ,1 ,
4454ffbb919a4763ae6aead697473b73,48eb77d5891b5b6fd70571920161aeec,delivered,10/8/2018 14:31,10/8/2018 14:44,13/8/2018 12:17,20/8/2018 21:11,30/8/2018 0:00, 1 ,1 ,1, 1 ,1 ,
a9c5309c8e09098f6ff30217e5f05292,e99b3d263b693725c53b3bbd110b0661,delivered,25/2/2017 11:11,25/2/2017 11:25,8/3/2017 11:09,22/3/2017 11:42,28/3/2017 0:00, 1 ,1 ,1, 1 ,1 ,
f041636b56e76b6320b39db6f42a9eeb,2f9504882f2ded2fd6c1230a7ca59721,delivered,13/11/2017 11:22,13/11/2017 11:35,16/11/2017 21:02,29/11/2017 18:03,12/12/2017 0:00, 1 ,1 ,1,0 ,1 ,
ab7247404a9215230d6977f0e1dfe5fb,bbab0e16e150f2c43a5250b0e586f839,delivered,6/9/2017 21:30,6/9/2017 21:43,8/9/2017 15:12,2/10/2017 17:27,4/10/2017 0:00, 1 ,1 ,1, 1 ,1 ,
f041636b56e76b6320b39db6f42a9eeb,2f9504882f2ded2fd6c1230a7ca59721,delivered,13/11/2017 11:22,13/11/2017 11:35,16/11/2017 21:02,29/11/2017 18:03,12/12/2017 0:00, 1 ,1 ,1,0 ,1 ,
489191dca3848c2c6ddbf667d4935fc3,36a7fa9b72bfadd847f369c2e58ea92c,delivered,15/1/2018 15:18,15/1/2018 15:31,19/2/2018 12:48,19/4/2018 20:16,6/2/2018 0:00, 1 ,0 ,1, 1 ,1 ,
4a0b498204bb56ab863db1f1acd84288,28c28a770c60db37d33d17a2823dcec6,delivered,20/7/2017 17:52,20/7/2017 18:05,21/7/2017 15:13,7/8/2017 19:22,11/8/2017 0:00, 1 ,1 ,1, 1 ,1 ,
0f1a1c17b6ff23cc7274179c76e2af82,66af0dad10050ee5122fc1b0de8b0e3c,delivered,8/2/2018 20:37,8/2/2018 20:50,9/2/2018 20:57,15/2/2018 2:58,22/2/2018 0:00, 1 ,1 ,1,0 ,1 ,
0f1a1c17b6ff23cc7274179c76e2af82,66af0dad10050ee5122fc1b0de8b0e3c,delivered,8/2/2018 20:37,8/2/2018 20:50,9/2/2018 20:57,15/2/2018 2:58,22/2/2018 0:00, 1 ,1 ,1,0 ,1 ,
0f1a1c17b6ff23cc7274179c76e2af82,66af0dad10050ee5122fc1b0de8b0e3c,delivered,8/2/2018 20:37,8/2/2018 20:50,9/2/2018 20:57,15/2/2018 2:58,22/2/2018 0:00, 1 ,1 ,1,0 ,1 ,
ff564b0dff20427ba484d7e2efe7e7e5,632e2539c6f66f8a0f559f450d24fb5a,delivered,14/9/2017 12:02,14/9/2017 12:15,18/9/2017 22:38,27/9/2017 19:36,6/10/2017 0:00, 1 ,1 ,1, 1 ,1 ,
0a131976e98291762104959158e2bdc6,a396376e9147cf6dedca4eea41c5eafe,delivered,14/7/2018 16:12,14/7/2018 16:25,16/7/2018 12:44,5/8/2018 17:12,7/8/2018 0:00, 1 ,1 ,1,0 ,1 ,
0a131976e98291762104959158e2bdc6,a396376e9147cf6dedca4eea41c5eafe,delivered,14/7/2018 16:12,14/7/2018 16:25,16/7/2018 12:44,5/8/2018 17:12,7/8/2018 0:00, 1 ,1 ,1,0 ,1 ,
a2d61fcc6a85b2662e5ba230a206dd72,fc8bd7a118ce62013dc46aecf4bd3be3,delivered,4/12/2017 19:17,4/12/2017 19:30,6/12/2017 0:51,11/12/2017 19:07,29/12/2017 0:00, 1 ,1 ,1, 1 ,1 ,
03d7dd4730b71e0a310c9b30431c1961,da8dfb2660ba315e2a99e6e3aa2f5c10,shipped,30/5/2018 19:42,30/5/2018 19:55,1/6/2018 14:11,,3/7/2018 0:00,1 ,0 ,1,0 ,0 , Duplicate order id 
03d7dd4730b71e0a310c9b30431c1961,da8dfb2660ba315e2a99e6e3aa2f5c10,shipped,30/5/2018 19:42,30/5/2018 19:55,1/6/2018 14:11,,3/7/2018 0:00,1 ,0 ,1,0 ,0 , Duplicate order id 
07b9e5abd7254b1a85eb14ad3a1117e5,b503f68026d2399428f2e96529c73635,delivered,9/10/2017 8:10,9/10/2017 8:23,10/10/2017 23:12,19/10/2017 21:26,25/10/2017 0:00, 1 ,1 ,1, 1 ,1 ,
0ed1446f58635d09909c65b72da38267,075622c9aca77c074c5b0bfff0dd8957,delivered,8/8/2018 18:12,8/8/2018 18:25,9/8/2018 14:38,14/8/2018 21:32,24/8/2018 0:00, 1 ,1 ,1, 1 ,1 ,
70b125b1e127de57a1145f484705786c,0f6798f2376fb8eb072c4954e4650bf7,delivered,16/7/2017 19:32,16/7/2017 19:45,19/7/2017 18:57,4/8/2017 17:46,10/8/2017 0:00, 1 ,1 ,1, 1 ,1 ,
93afe3c6fc66e7f50b000e621fa6fa49,c0757f19964e56c02b05e41d1ea20879,delivered,22/11/2017 16:58,22/11/2017 17:11,23/11/2017 17:12,27/11/2017 19:27,15/12/2017 0:00, 1 ,1 ,1,0 ,1 ,
93afe3c6fc66e7f50b000e621fa6fa49,c0757f19964e56c02b05e41d1ea20879,delivered,22/11/2017 16:58,22/11/2017 17:11,23/11/2017 17:12,27/11/2017 19:27,15/12/2017 0:00, 1 ,1 ,1,0 ,1 ,
c88921a6cbda2e9973f9cfbd4e771d20,dc29649b0a10811a1a7e96a23c537999,delivered,24/3/2017 15:02,24/3/2017 15:15,28/3/2017 8:33,4/4/2017 15:52,12/4/2017 0:00, 1 ,1 ,1,0 ,1 ,
c88921a6cbda2e9973f9cfbd4e771d20,dc29649b0a10811a1a7e96a23c537999,delivered,24/3/2017 15:02,24/3/2017 15:15,28/3/2017 8:33,4/4/2017 15:52,12/4/2017 0:00, 1 ,1 ,1,0 ,1 ,
35ae6fcf66dba4f6760a20b921867b2b,21c15e55f2358a82a62bab48ff52c772,delivered,21/7/2018 14:51,21/7/2018 15:04,23/7/2018 13:20,30/7/2018 12:03,17/8/2018 0:00, 1 ,1 ,1, 1 ,1 ,
7a1c3f2e9e141807904c824563abb480,752c4dd83fb5869511dace7d6903b8f9,delivered,26/7/2018 19:12,26/7/2018 19:25,27/7/2018 14:32,30/7/2018 19:05,7/8/2018 0:00, 1 ,1 ,1,0 ,1 ,
7a1c3f2e9e141807904c824563abb480,752c4dd83fb5869511dace7d6903b8f9,delivered,26/7/2018 19:12,26/7/2018 19:25,27/7/2018 14:32,30/7/2018 19:05,7/8/2018 0:00, 1 ,1 ,1,0 ,1 ,
130afe1134371f8c69afe4999fc8d671,e42b34f1da8134e1eb83af0ecb8ab308,delivered,3/8/2017 20:52,3/8/2017 21:05,4/8/2017 18:57,14/8/2017 19:10,25/8/2017 0:00, 1 ,1 ,1, 1 ,1 ,
f205c6826655efc71379acaa53d3b83b,25033515ca54549ab33a66e549c6f2de,processing,29/9/2017 0:54,29/9/2017 1:07,,,10/11/2017 0:00,0 ,0 ,1,0 ,0 , Duplicate order id 
f205c6826655efc71379acaa53d3b83b,25033515ca54549ab33a66e549c6f2de,processing,29/9/2017 0:54,29/9/2017 1:07,,,10/11/2017 0:00,0 ,0 ,1,0 ,0 , Duplicate order id 
f205c6826655efc71379acaa53d3b83b,25033515ca54549ab33a66e549c6f2de,processing,29/9/2017 0:54,29/9/2017 1:07,,,10/11/2017 0:00,0 ,0 ,1,0 ,0 , Duplicate order id 
f205c6826655efc71379acaa53d3b83b,25033515ca54549ab33a66e549c6f2de,processing,29/9/2017 0:54,29/9/2017 1:07,,,10/11/2017 0:00,0 ,0 ,1,0 ,0 , Duplicate order id 
361f034789232a97f47cc1d000c930ae,72bf3d263baa8682be8224662f7e3671,delivered,2/7/2017 16:57,2/7/2017 17:10,4/7/2017 12:44,12/7/2017 19:39,28/7/2017 0:00, 1 ,1 ,1, 1 ,1 ,
fe5cc94bdaa0c8c83b6cfb74d01747cf,2e401a3a209079930afd5f9e57ec6bb3,delivered,25/6/2018 12:25,25/6/2018 12:38,25/6/2018 13:57,2/7/2018 18:18,23/7/2018 0:00, 1 ,1 ,1,0 ,1 ,
fe5cc94bdaa0c8c83b6cfb74d01747cf,2e401a3a209079930afd5f9e57ec6bb3,delivered,25/6/2018 12:25,25/6/2018 12:38,25/6/2018 13:57,2/7/2018 18:18,23/7/2018 0:00, 1 ,1 ,1,0 ,1 ,
5907e332dfb01556b0eff58839cc2f75,86c74e1a7c642fe8eb9e3c57c6b95c8d,delivered,5/1/2018 23:22,5/1/2018 23:35,8/1/2018 23:47,29/1/2018 20:22,8/2/2018 0:00, 1 ,1 ,1, 1 ,1 ,
4ee7221f81fc4aa1e0324dac310f87b6,efacbeaf5e411d722010d0b8a4ba859a,delivered,25/9/2017 19:54,25/9/2017 20:07,26/9/2017 20:57,29/9/2017 21:14,20/10/2017 0:00, 1 ,1 ,1,0 ,1 ,
4ee7221f81fc4aa1e0324dac310f87b6,efacbeaf5e411d722010d0b8a4ba859a,delivered,25/9/2017 19:54,25/9/2017 20:07,26/9/2017 20:57,29/9/2017 21:14,20/10/2017 0:00, 1 ,1 ,1,0 ,1 ,
329954a78d93c0af4e24aad8677ba9bb,8cc4f41a7488887dec0be5b5e2674293,delivered,10/9/2017 10:02,10/9/2017 10:15,11/9/2017 21:41,15/9/2017 20:47,29/9/2017 0:00, 1 ,1 ,1, 1 ,1 ,
4ee7221f81fc4aa1e0324dac310f87b6,efacbeaf5e411d722010d0b8a4ba859a,delivered,25/9/2017 19:54,25/9/2017 20:07,26/9/2017 20:57,29/9/2017 21:14,20/10/2017 0:00, 1 ,1 ,1,0 ,1 ,
4ee7221f81fc4aa1e0324dac310f87b6,efacbeaf5e411d722010d0b8a4ba859a,delivered,25/9/2017 19:54,25/9/2017 20:07,26/9/2017 20:57,29/9/2017 21:14,20/10/2017 0:00, 1 ,1 ,1,0 ,1 ,
4ee7221f81fc4aa1e0324dac310f87b6,efacbeaf5e411d722010d0b8a4ba859a,delivered,25/9/2017 19:54,25/9/2017 20:07,26/9/2017 20:57,29/9/2017 21:14,20/10/2017 0:00, 1 ,1 ,1,0 ,1 ,
75cd0e4d0a84e6252212e626a525d06b,92aabcc0f2e279fac9a67392d393abcf,delivered,26/12/2017 11:56,26/12/2017 12:09,27/12/2017 18:56,11/1/2018 13:32,22/1/2018 0:00, 1 ,1 ,1, 1 ,1 ,
d2142399ae9975a18c099e642c5e48f9,c09557607b4707656905142f3e80c1be,delivered,17/4/2017 21:09,17/4/2017 21:22,20/4/2017 16:24,29/5/2017 8:10,25/5/2017 0:00, 1 ,0 ,1, 1 ,1 ,
5f2aaf089bdf0d14f2357066f139c2a4,04fbe9cd7c2f918568c5b4e934a56316,delivered,17/7/2018 1:02,17/7/2018 1:15,27/7/2018 11:54,28/8/2018 21:18,7/8/2018 0:00, 1 ,0 ,1, 1 ,1 ,
eeb725ce8cdcde856d5b39ca2ce110b6,31ea82d50eb91d9f1632f463db556c4d,delivered,9/8/2018 0:12,9/8/2018 0:25,10/8/2018 14:07,22/8/2018 22:38,5/9/2018 0:00, 1 ,1 ,1, 1 ,1 ,
24bff6c6e26ab1c7ba6bafb8f08773b1,62f7e224a1edaff2bca054bf5f6d0ddb,delivered,20/12/2017 17:40,20/12/2017 17:52,21/12/2017 22:51,28/12/2017 19:13,15/1/2018 0:00, 1 ,1 ,1, 1 ,1 ,
e2aa3c8ad14a870e32ae9718c84e0567,ab46e96282251f5c3044ab20b668d88b,delivered,20/1/2018 10:24,20/1/2018 10:37,22/1/2018 18:14,26/2/2018 16:08,23/2/2018 0:00, 1 ,0 ,1, 1 ,1 ,
0e7ad202878ea453373e3ef15835ea33,8422c35d03577f94c15a4eed5504e09b,delivered,5/3/2018 8:58,5/3/2018 9:10,6/3/2018 20:14,16/3/2018 16:18,28/3/2018 0:00, 1 ,1 ,1, 1 ,1 ,
497b22cf27e02673170a190f5c0f621d,c2ebce3c867123caeef82732803f86b4,delivered,21/8/2018 0:18,21/8/2018 0:30,21/8/2018 13:24,24/8/2018 14:06,14/9/2018 0:00, 1 ,1 ,1,0 ,1 ,
497b22cf27e02673170a190f5c0f621d,c2ebce3c867123caeef82732803f86b4,delivered,21/8/2018 0:18,21/8/2018 0:30,21/8/2018 13:24,24/8/2018 14:06,14/9/2018 0:00, 1 ,1 ,1,0 ,1 ,
37754393d4f73d9ef01dc61d6bac379b,21df56ff1891fd112991f116c74b68ba,delivered,16/7/2018 16:12,16/7/2018 16:25,18/7/2018 12:38,24/7/2018 16:46,6/8/2018 0:00, 1 ,1 ,1, 1 ,1 ,
497b22cf27e02673170a190f5c0f621d,c2ebce3c867123caeef82732803f86b4,delivered,21/8/2018 0:18,21/8/2018 0:30,21/8/2018 13:24,24/8/2018 14:06,14/9/2018 0:00, 1 ,1 ,1,0 ,1 ,
2887a3e067f56df09cbc679f3646deb0,d18bff6a3de67eebfab42468ffcc42a5,delivered,16/3/2018 10:36,16/3/2018 10:49,20/3/2018 13:42,29/3/2018 17:34,4/4/2018 0:00, 1 ,1 ,1,0 ,1 ,
2887a3e067f56df09cbc679f3646deb0,d18bff6a3de67eebfab42468ffcc42a5,delivered,16/3/2018 10:36,16/3/2018 10:49,20/3/2018 13:42,29/3/2018 17:34,4/4/2018 0:00, 1 ,1 ,1,0 ,1 ,
2887a3e067f56df09cbc679f3646deb0,d18bff6a3de67eebfab42468ffcc42a5,delivered,16/3/2018 10:36,16/3/2018 10:49,20/3/2018 13:42,29/3/2018 17:34,4/4/2018 0:00, 1 ,1 ,1,0 ,1 ,
babc205f9c18c546dd707728767237dd,0f7233f40c633aae998597e065b1d371,delivered,19/4/2018 16:22,19/4/2018 16:35,20/4/2018 0:48,2/5/2018 23:41,17/5/2018 0:00, 1 ,1 ,1, 1 ,1 ,
fe1e111fae7024187f42e73aecff899d,2e558ce29b3e5b9d52c2e2791802cb7e,delivered,17/8/2018 21:23,17/8/2018 21:35,20/8/2018 19:37,27/8/2018 17:32,31/8/2018 0:00, 1 ,1 ,1,0 ,1 ,
fe1e111fae7024187f42e73aecff899d,2e558ce29b3e5b9d52c2e2791802cb7e,delivered,17/8/2018 21:23,17/8/2018 21:35,20/8/2018 19:37,27/8/2018 17:32,31/8/2018 0:00, 1 ,1 ,1,0 ,1 ,
38934582b8eedc324fe26767c76fb63f,c441fa2338335316a37f3d372ae24a3c,delivered,18/7/2018 13:50,18/7/2018 14:02,24/7/2018 14:09,26/7/2018 20:48,30/7/2018 0:00, 1 ,1 ,1, 1 ,1 ,
20ef4f721610e50167d484f950d19b77,45e50a6d3f743d175e0d778bb74e0c85,delivered,3/4/2017 16:13,3/4/2017 16:25,4/4/2017 10:43,10/4/2017 16:05,24/4/2017 0:00, 1 ,1 ,1,0 ,1 ,
20ef4f721610e50167d484f950d19b77,45e50a6d3f743d175e0d778bb74e0c85,delivered,3/4/2017 16:13,3/4/2017 16:25,4/4/2017 10:43,10/4/2017 16:05,24/4/2017 0:00, 1 ,1 ,1,0 ,1 ,
20ef4f721610e50167d484f950d19b77,45e50a6d3f743d175e0d778bb74e0c85,delivered,3/4/2017 16:13,3/4/2017 16:25,4/4/2017 10:43,10/4/2017 16:05,24/4/2017 0:00, 1 ,1 ,1,0 ,1 ,
20ef4f721610e50167d484f950d19b77,45e50a6d3f743d175e0d778bb74e0c85,delivered,3/4/2017 16:13,3/4/2017 16:25,4/4/2017 10:43,10/4/2017 16:05,24/4/2017 0:00, 1 ,1 ,1,0 ,1 ,
56dc36c0b4aa0d60f98017b5ce97d587,c0fb4bcd57149dfee5a0dbaf5524505d,delivered,19/8/2017 22:03,19/8/2017 22:15,21/8/2017 13:33,23/8/2017 12:37,20/9/2017 0:00, 1 ,1 ,1,0 ,1 ,
56dc36c0b4aa0d60f98017b5ce97d587,c0fb4bcd57149dfee5a0dbaf5524505d,delivered,19/8/2017 22:03,19/8/2017 22:15,21/8/2017 13:33,23/8/2017 12:37,20/9/2017 0:00, 1 ,1 ,1,0 ,1 ,
34be06fa6e60f24cfb03b4b2303d9861,bd5a53ce0ab1105a8f94409062806014,delivered,9/3/2018 16:38,9/3/2018 16:50,12/3/2018 18:18,15/3/2018 21:44,21/3/2018 0:00, 1 ,1 ,1, 1 ,1 ,
0a95a336d341691ae0e6359713af3cd3,2f533dfc8d858dc1947251e5d0d8b157,delivered,27/1/2018 15:05,27/1/2018 15:17,30/1/2018 2:05,5/2/2018 15:33,23/2/2018 0:00, 1 ,1 ,1,0 ,1 ,
0a95a336d341691ae0e6359713af3cd3,2f533dfc8d858dc1947251e5d0d8b157,delivered,27/1/2018 15:05,27/1/2018 15:17,30/1/2018 2:05,5/2/2018 15:33,23/2/2018 0:00, 1 ,1 ,1,0 ,1 ,
48726972f0153574d5167b2db56f5464,8f4412b49832686551c68d31db32e3fb,delivered,3/1/2018 19:54,3/1/2018 20:06,10/1/2018 23:10,22/1/2018 20:45,29/1/2018 0:00, 1 ,1 ,1,0 ,1 ,
48726972f0153574d5167b2db56f5464,8f4412b49832686551c68d31db32e3fb,delivered,3/1/2018 19:54,3/1/2018 20:06,10/1/2018 23:10,22/1/2018 20:45,29/1/2018 0:00, 1 ,1 ,1,0 ,1 ,
14861b02076ed7da9471988265a0104b,06e107f212576eccb2e2adc7781c9705,delivered,12/7/2018 0:03,12/7/2018 0:15,12/7/2018 14:03,13/7/2018 16:48,26/7/2018 0:00, 1 ,1 ,1,0 ,1 ,
b664b3e09fd91f223359961e284bee21,69fdad6a22e2f768d0e0e97da37a9cd6,delivered,19/11/2017 16:38,19/11/2017 16:50,23/11/2017 0:00,1/12/2017 22:38,14/12/2017 0:00, 1 ,1 ,1, 1 ,1 ,
14861b02076ed7da9471988265a0104b,06e107f212576eccb2e2adc7781c9705,delivered,12/7/2018 0:03,12/7/2018 0:15,12/7/2018 14:03,13/7/2018 16:48,26/7/2018 0:00, 1 ,1 ,1,0 ,1 ,
7e472035214881a3939517a7d4e766a8,d5f9198f26562d9150d2480290e7935f,delivered,25/3/2018 16:43,25/3/2018 16:55,26/3/2018 19:02,5/4/2018 21:18,20/4/2018 0:00, 1 ,1 ,1, 1 ,1 ,
87d1cfb06abb3632d70f55d8b2f2735d,413488223a8f96942b9a940fab6ec40a,delivered,4/2/2017 22:10,4/2/2017 22:22,7/2/2017 8:53,8/2/2017 8:08,13/3/2017 0:00, 1 ,1 ,1, 1 ,1 ,
fb8b96cba85572e4fbdaedd04f44fdb6,ec5b500159fbf4029de1759b1cf1e0b0,delivered,22/7/2017 10:23,22/7/2017 10:35,24/7/2017 19:17,26/7/2017 17:49,1/9/2017 0:00, 1 ,1 ,1,0 ,1 ,
fb8b96cba85572e4fbdaedd04f44fdb6,ec5b500159fbf4029de1759b1cf1e0b0,delivered,22/7/2017 10:23,22/7/2017 10:35,24/7/2017 19:17,26/7/2017 17:49,1/9/2017 0:00, 1 ,1 ,1,0 ,1 ,
772b70d3a8f138f49a2d39a138dd7e76,b8cf89e77c8da2d4b77195a00de40ce7,delivered,6/5/2017 15:43,6/5/2017 15:55,9/5/2017 10:16,15/5/2017 8:45,12/6/2017 0:00, 1 ,1 ,1, 1 ,1 ,
70e746af5b44223b32c2e1110cf12001,f035a091bc8d3cbfc3df925912539a8d,delivered,18/1/2018 16:45,18/1/2018 16:57,19/1/2018 20:53,24/1/2018 20:21,14/2/2018 0:00, 1 ,1 ,1, 1 ,1 ,
04c377db9e026afed8d38404a910c00f,40f1bbcb789024d217509ad89d2dd556,delivered,18/2/2018 20:18,18/2/2018 20:30,21/2/2018 18:27,7/3/2018 18:06,16/3/2018 0:00, 1 ,1 ,1, 1 ,1 ,
882c1e2076610adab15e5a68430d2180,97574aee35383afe8577dacb0e15a551,delivered,22/1/2017 17:43,22/1/2017 17:55,24/1/2017 11:43,28/1/2017 6:06,6/3/2017 0:00, 1 ,1 ,1, 1 ,1 ,
1b2b354adeb38c1c308c915faf7d3288,b0962c45b3881a52d605fe965ca9a776,delivered,30/8/2017 9:33,30/8/2017 9:45,31/8/2017 19:32,4/9/2017 20:51,19/9/2017 0:00, 1 ,1 ,1,0 ,1 ,
1b2b354adeb38c1c308c915faf7d3288,b0962c45b3881a52d605fe965ca9a776,delivered,30/8/2017 9:33,30/8/2017 9:45,31/8/2017 19:32,4/9/2017 20:51,19/9/2017 0:00, 1 ,1 ,1,0 ,1 ,
1b2b354adeb38c1c308c915faf7d3288,b0962c45b3881a52d605fe965ca9a776,delivered,30/8/2017 9:33,30/8/2017 9:45,31/8/2017 19:32,4/9/2017 20:51,19/9/2017 0:00, 1 ,1 ,1,0 ,1 ,
41906ad47e1e6076348bfe935ed5e01d,1026e80aea584174e8e7d1fd6717e87a,delivered,8/1/2018 14:42,8/1/2018 14:54,9/1/2018 10:54,22/1/2018 17:09,9/2/2018 0:00, 1 ,1 ,1, 1 ,1 ,
13cefc43767ea15bacf542800eb19f54,9cf25707678a56ff1e859db99c3d1c06,delivered,2/3/2018 19:18,2/3/2018 19:30,5/3/2018 16:38,19/3/2018 22:33,23/3/2018 0:00, 1 ,1 ,1,0 ,1 ,
13cefc43767ea15bacf542800eb19f54,9cf25707678a56ff1e859db99c3d1c06,delivered,2/3/2018 19:18,2/3/2018 19:30,5/3/2018 16:38,19/3/2018 22:33,23/3/2018 0:00, 1 ,1 ,1,0 ,1 ,
13cefc43767ea15bacf542800eb19f54,9cf25707678a56ff1e859db99c3d1c06,delivered,2/3/2018 19:18,2/3/2018 19:30,5/3/2018 16:38,19/3/2018 22:33,23/3/2018 0:00, 1 ,1 ,1,0 ,1 ,
63706f4e2ad2fc1c9fb8562c5702e8a1,d5801b1facc46f4f2ed5c356eb755e5d,delivered,20/11/2017 19:44,20/11/2017 19:56,21/11/2017 17:02,4/12/2017 21:33,12/12/2017 0:00, 1 ,1 ,1,0 ,1 ,
63706f4e2ad2fc1c9fb8562c5702e8a1,d5801b1facc46f4f2ed5c356eb755e5d,delivered,20/11/2017 19:44,20/11/2017 19:56,21/11/2017 17:02,4/12/2017 21:33,12/12/2017 0:00, 1 ,1 ,1,0 ,1 ,
95f9d289eb0d1034066dbe1638e696f7,98bbc5fd5c70c1331d7e5382c6d8f19f,delivered,22/6/2017 10:53,22/6/2017 11:05,22/6/2017 17:21,23/6/2017 11:51,5/7/2017 0:00, 1 ,1 ,1, 1 ,1 ,
78f36af48bdfeb73392e3250be7a9b47,4b5776d05ded0f5a435b56193b33003b,delivered,5/5/2017 20:33,5/5/2017 20:45,9/5/2017 14:19,19/5/2017 14:09,2/6/2017 0:00, 1 ,1 ,1, 1 ,1 ,
6e150190fbe04c642a9cf0b80d83ee16,135a42a465867ff932f1222f71a3efb2,delivered,24/6/2017 16:33,24/6/2017 16:45,29/6/2017 16:08,7/7/2017 18:35,31/7/2017 0:00, 1 ,1 ,1, 1 ,1 ,
3dc9704f804fcd14def080ddb628a245,69321e0f270ea1ff8af1d565826e5a2c,delivered,21/3/2018 13:03,21/3/2018 13:15,22/3/2018 19:33,16/4/2018 23:42,9/4/2018 0:00, 1 ,0 ,1, 1 ,1 ,
7af905809ddbaaed2af20592006857e0,5c9c326c6ba02d6301cb8c68292316f0,delivered,15/4/2018 23:38,15/4/2018 23:50,19/4/2018 1:38,21/4/2018 17:20,11/5/2018 0:00, 1 ,1 ,1, 1 ,1 ,
8b0128d6fee114eb818400897a13c6e7,f1c5f4863531050ba9cb6fbad56f9929,delivered,30/7/2017 14:53,30/7/2017 15:05,1/8/2017 21:32,3/8/2017 20:59,11/8/2017 0:00, 1 ,1 ,1,0 ,1 ,
8b0128d6fee114eb818400897a13c6e7,f1c5f4863531050ba9cb6fbad56f9929,delivered,30/7/2017 14:53,30/7/2017 15:05,1/8/2017 21:32,3/8/2017 20:59,11/8/2017 0:00, 1 ,1 ,1,0 ,1 ,
f815632f08e4f2b7b05794c0b4c60a74,44b2e81b25f63e1aae942096795f2862,delivered,28/6/2018 9:43,28/6/2018 9:55,29/6/2018 13:50,2/7/2018 16:28,12/7/2018 0:00, 1 ,1 ,1, 1 ,1 ,
08dd64e78f26024b266515d5262be17f,b0a04bc50dbacef330e5b369a90220e6,delivered,7/5/2017 22:18,7/5/2017 22:30,15/5/2017 14:04,30/5/2017 8:12,12/6/2017 0:00, 1 ,1 ,1, 1 ,1 ,
5b33495590a02d7e9ce6fbdc52f143d9,b5fbe4b143d1ca0c98e44f346c36b63b,delivered,17/7/2018 9:38,17/7/2018 9:50,18/7/2018 12:06,24/7/2018 21:42,31/7/2018 0:00, 1 ,1 ,1,0 ,1 ,
5b33495590a02d7e9ce6fbdc52f143d9,b5fbe4b143d1ca0c98e44f346c36b63b,delivered,17/7/2018 9:38,17/7/2018 9:50,18/7/2018 12:06,24/7/2018 21:42,31/7/2018 0:00, 1 ,1 ,1,0 ,1 ,
cfc558750a7ad84d94c1348dfd89543c,1af8d640c317b12571dc17ff39aa246c,delivered,30/12/2017 12:15,30/12/2017 12:27,4/1/2018 22:22,11/1/2018 22:33,14/2/2018 0:00, 1 ,1 ,1,0 ,1 ,
cfc558750a7ad84d94c1348dfd89543c,1af8d640c317b12571dc17ff39aa246c,delivered,30/12/2017 12:15,30/12/2017 12:27,4/1/2018 22:22,11/1/2018 22:33,14/2/2018 0:00, 1 ,1 ,1,0 ,1 ,
54b7ba0e3a2e8a0f9f68011432a52575,dd9a99a98bd9d0fb502fefdd2b6eed39,delivered,15/1/2018 18:58,15/1/2018 19:09,18/1/2018 18:13,3/2/2018 16:33,6/2/2018 0:00, 1 ,1 ,1, 1 ,1 ,
12c52aeb1dba3fcbef2e36accacca1e4,0218de8038240591323aa1f89630a1e8,delivered,13/2/2018 15:19,13/2/2018 15:30,14/2/2018 21:04,22/2/2018 15:52,8/3/2018 0:00, 1 ,1 ,1, 1 ,1 ,
623695cd72cc41aa116c10c7c28608a1,a852a1fd87371f874c3f2c1361dedf1a,delivered,4/4/2018 21:04,4/4/2018 21:15,6/4/2018 21:49,9/4/2018 11:51,23/4/2018 0:00, 1 ,1 ,1,0 ,1 ,
623695cd72cc41aa116c10c7c28608a1,a852a1fd87371f874c3f2c1361dedf1a,delivered,4/4/2018 21:04,4/4/2018 21:15,6/4/2018 21:49,9/4/2018 11:51,23/4/2018 0:00, 1 ,1 ,1,0 ,1 ,
7fc849fe7b19291b174ea1ab2a8759a5,fbf1d555f02296c5d568ba0a59b1d0ec,delivered,28/2/2018 15:04,28/2/2018 15:15,1/3/2018 23:53,12/3/2018 17:58,21/3/2018 0:00, 1 ,1 ,1, 1 ,1 ,
a82beeeb2b06557b19fe6b182d9f1a5e,21be47c7ee6be27a895e90abdc843e73,delivered,13/3/2018 21:39,13/3/2018 21:50,16/3/2018 18:08,21/3/2018 17:58,17/4/2018 0:00, 1 ,1 ,1, 1 ,1 ,
ccbd198eb55e22f3b2240d1605961c5f,352289eecb0665692f1020c18c945378,unavailable,7/7/2017 13:24,7/7/2017 13:35,,,31/7/2017 0:00,0 ,0 ,1, 1 ,0 ,
ff1a118ab3b997d4c3f8ffad8e6734b8,2e784ffd9a6730c4637b4d1f088f9172,delivered,15/6/2017 9:34,15/6/2017 9:45,16/6/2017 14:09,5/7/2017 14:17,10/7/2017 0:00, 1 ,1 ,1,0 ,1 ,
ff1a118ab3b997d4c3f8ffad8e6734b8,2e784ffd9a6730c4637b4d1f088f9172,delivered,15/6/2017 9:34,15/6/2017 9:45,16/6/2017 14:09,5/7/2017 14:17,10/7/2017 0:00, 1 ,1 ,1,0 ,1 ,
ff1a118ab3b997d4c3f8ffad8e6734b8,2e784ffd9a6730c4637b4d1f088f9172,delivered,15/6/2017 9:34,15/6/2017 9:45,16/6/2017 14:09,5/7/2017 14:17,10/7/2017 0:00, 1 ,1 ,1,0 ,1 ,
5d7c9ec4aa4d83e0b66b73e3ad2d7c06,c36e7cd497c538831ff5d1a3e5af5e47,delivered,23/8/2018 13:19,23/8/2018 13:30,24/8/2018 11:14,28/8/2018 18:19,25/9/2018 0:00, 1 ,1 ,1,0 ,1 ,
5d7c9ec4aa4d83e0b66b73e3ad2d7c06,c36e7cd497c538831ff5d1a3e5af5e47,delivered,23/8/2018 13:19,23/8/2018 13:30,24/8/2018 11:14,28/8/2018 18:19,25/9/2018 0:00, 1 ,1 ,1,0 ,1 ,
7122fa45d10437278bab815f67002798,f041c33fa5c382bf3eb1433270778594,delivered,20/2/2017 21:44,20/2/2017 21:55,22/2/2017 5:15,23/2/2017 11:30,17/3/2017 0:00, 1 ,1 ,1,0 ,1 ,
7122fa45d10437278bab815f67002798,f041c33fa5c382bf3eb1433270778594,delivered,20/2/2017 21:44,20/2/2017 21:55,22/2/2017 5:15,23/2/2017 11:30,17/3/2017 0:00, 1 ,1 ,1,0 ,1 ,
fd35f76586d33671031d89dc11030a4f,1a1c743fedba1e6a56838f343048daf9,delivered,26/8/2017 0:54,26/8/2017 1:05,29/8/2017 19:12,15/9/2017 22:07,20/10/2017 0:00, 1 ,1 ,1, 1 ,1 ,
2de6a60c0b5386778d202e28d688553c,2177339c6c7841dd2233b686a3566bcc,delivered,12/5/2017 10:24,12/5/2017 10:35,12/5/2017 11:14,16/5/2017 16:53,1/6/2017 0:00, 1 ,1 ,1,0 ,1 ,
2de6a60c0b5386778d202e28d688553c,2177339c6c7841dd2233b686a3566bcc,delivered,12/5/2017 10:24,12/5/2017 10:35,12/5/2017 11:14,16/5/2017 16:53,1/6/2017 0:00, 1 ,1 ,1,0 ,1 ,
2de6a60c0b5386778d202e28d688553c,2177339c6c7841dd2233b686a3566bcc,delivered,12/5/2017 10:24,12/5/2017 10:35,12/5/2017 11:14,16/5/2017 16:53,1/6/2017 0:00, 1 ,1 ,1,0 ,1 ,
2de6a60c0b5386778d202e28d688553c,2177339c6c7841dd2233b686a3566bcc,delivered,12/5/2017 10:24,12/5/2017 10:35,12/5/2017 11:14,16/5/2017 16:53,1/6/2017 0:00, 1 ,1 ,1,0 ,1 ,
2de6a60c0b5386778d202e28d688553c,2177339c6c7841dd2233b686a3566bcc,delivered,12/5/2017 10:24,12/5/2017 10:35,12/5/2017 11:14,16/5/2017 16:53,1/6/2017 0:00, 1 ,1 ,1,0 ,1 ,
2de6a60c0b5386778d202e28d688553c,2177339c6c7841dd2233b686a3566bcc,delivered,12/5/2017 10:24,12/5/2017 10:35,12/5/2017 11:14,16/5/2017 16:53,1/6/2017 0:00, 1 ,1 ,1,0 ,1 ,
2de6a60c0b5386778d202e28d688553c,2177339c6c7841dd2233b686a3566bcc,delivered,12/5/2017 10:24,12/5/2017 10:35,12/5/2017 11:14,16/5/2017 16:53,1/6/2017 0:00, 1 ,1 ,1,0 ,1 ,
b9e44ee22f3a341743c10307b601b363,29439576f6804f546a9d1b4f749ded69,delivered,7/3/2017 17:44,7/3/2017 17:55,8/3/2017 14:59,14/3/2017 13:09,28/3/2017 0:00, 1 ,1 ,1,0 ,1 ,
b9e44ee22f3a341743c10307b601b363,29439576f6804f546a9d1b4f749ded69,delivered,7/3/2017 17:44,7/3/2017 17:55,8/3/2017 14:59,14/3/2017 13:09,28/3/2017 0:00, 1 ,1 ,1,0 ,1 ,
b9e44ee22f3a341743c10307b601b363,29439576f6804f546a9d1b4f749ded69,delivered,7/3/2017 17:44,7/3/2017 17:55,8/3/2017 14:59,14/3/2017 13:09,28/3/2017 0:00, 1 ,1 ,1,0 ,1 ,
55239e09e4cd4de5e2e69452283e9b36,b3e091c31147aa119a2679a245a4fd9f,delivered,22/7/2017 10:44,22/7/2017 10:55,9/8/2017 20:50,9/8/2017 20:50,17/8/2017 0:00, 1 ,0 ,1,0 ,0 , Duplicate order id 
55239e09e4cd4de5e2e69452283e9b36,b3e091c31147aa119a2679a245a4fd9f,delivered,22/7/2017 10:44,22/7/2017 10:55,9/8/2017 20:50,9/8/2017 20:50,17/8/2017 0:00, 1 ,0 ,1,0 ,0 , Duplicate order id 
55239e09e4cd4de5e2e69452283e9b36,b3e091c31147aa119a2679a245a4fd9f,delivered,22/7/2017 10:44,22/7/2017 10:55,9/8/2017 20:50,9/8/2017 20:50,17/8/2017 0:00, 1 ,0 ,1,0 ,0 , Duplicate order id 
156168da8a5dcb5224afcebe8b0a9c88,c0cadbfc48ec27d089138f4e1e479556,delivered,16/12/2017 22:40,16/12/2017 22:51,18/12/2017 17:22,19/12/2017 16:43,5/1/2018 0:00, 1 ,1 ,1, 1 ,1 ,
345de0cb4a0a058abaa652096fd1f89e,faae7c482c489250578077e52576b3e9,delivered,29/6/2017 16:24,29/6/2017 16:35,4/7/2017 14:03,13/7/2017 18:59,25/7/2017 0:00, 1 ,1 ,1,0 ,1 ,
345de0cb4a0a058abaa652096fd1f89e,faae7c482c489250578077e52576b3e9,delivered,29/6/2017 16:24,29/6/2017 16:35,4/7/2017 14:03,13/7/2017 18:59,25/7/2017 0:00, 1 ,1 ,1,0 ,1 ,
345de0cb4a0a058abaa652096fd1f89e,faae7c482c489250578077e52576b3e9,delivered,29/6/2017 16:24,29/6/2017 16:35,4/7/2017 14:03,13/7/2017 18:59,25/7/2017 0:00, 1 ,1 ,1,0 ,1 ,
345de0cb4a0a058abaa652096fd1f89e,faae7c482c489250578077e52576b3e9,delivered,29/6/2017 16:24,29/6/2017 16:35,4/7/2017 14:03,13/7/2017 18:59,25/7/2017 0:00, 1 ,1 ,1,0 ,1 ,
2fc59b5605bf0cfc03638cb2cca26b16,fac64b6875bc7840442069be52752e14,delivered,21/8/2018 18:24,21/8/2018 18:35,22/8/2018 13:09,24/8/2018 21:51,29/8/2018 0:00, 1 ,1 ,1, 1 ,1 ,
0a31cb63d4483ffbef1d5503752a0b5d,d9e90748b0092bb0f5417edccf34783b,delivered,18/7/2017 13:44,18/7/2017 13:55,19/7/2017 19:22,25/7/2017 19:43,9/8/2017 0:00, 1 ,1 ,1,0 ,1 ,
0a31cb63d4483ffbef1d5503752a0b5d,d9e90748b0092bb0f5417edccf34783b,delivered,18/7/2017 13:44,18/7/2017 13:55,19/7/2017 19:22,25/7/2017 19:43,9/8/2017 0:00, 1 ,1 ,1,0 ,1 ,
a99b675cd2dcd649c283ec1ba49b92af,375218fb5cb847e5cdcb129195f11826,delivered,25/4/2017 13:34,25/4/2017 13:45,27/4/2017 8:45,3/5/2017 12:47,22/5/2017 0:00, 1 ,1 ,1, 1 ,1 ,
028e37ed7cdd54ad41506f61df708cf9,5bbc72ac56e6c2d61f23a8a91a6ceac6,delivered,10/4/2018 16:44,10/4/2018 16:55,11/4/2018 18:08,12/4/2018 18:37,25/4/2018 0:00, 1 ,1 ,1,0 ,1 ,
028e37ed7cdd54ad41506f61df708cf9,5bbc72ac56e6c2d61f23a8a91a6ceac6,delivered,10/4/2018 16:44,10/4/2018 16:55,11/4/2018 18:08,12/4/2018 18:37,25/4/2018 0:00, 1 ,1 ,1,0 ,1 ,
028e37ed7cdd54ad41506f61df708cf9,5bbc72ac56e6c2d61f23a8a91a6ceac6,delivered,10/4/2018 16:44,10/4/2018 16:55,11/4/2018 18:08,12/4/2018 18:37,25/4/2018 0:00, 1 ,1 ,1,0 ,1 ,
52692fd13ed3c4d1ec0df879ad5e7a6b,3de3e8522e10142f9c6d2027154ad596,delivered,29/4/2017 19:11,29/4/2017 19:22,3/5/2017 15:33,12/5/2017 11:07,2/6/2017 0:00, 1 ,1 ,1, 1 ,1 ,
44623b600f074e7c76dc280274e437f8,f622cff2f3895f0d5dbbb6772c1476c5,delivered,8/11/2017 20:35,8/11/2017 20:46,16/11/2017 15:02,22/11/2017 19:28,28/11/2017 0:00, 1 ,1 ,1, 1 ,1 ,
94f8ab9447f8eb39ed2c902712caf1bb,cae59be8fe9ba743966352a06bfb1440,delivered,24/1/2018 11:49,24/1/2018 11:59,25/1/2018 15:47,2/2/2018 21:52,21/2/2018 0:00, 1 ,1 ,1,0 ,1 ,
94f8ab9447f8eb39ed2c902712caf1bb,cae59be8fe9ba743966352a06bfb1440,delivered,24/1/2018 11:49,24/1/2018 11:59,25/1/2018 15:47,2/2/2018 21:52,21/2/2018 0:00, 1 ,1 ,1,0 ,1 ,
79ef4ff8ef06547d209ceae576bf9f52,59ee1a82b5aa6bdbc05816e55414b562,delivered,17/6/2018 20:07,17/6/2018 20:17,18/6/2018 14:55,19/6/2018 18:28,28/6/2018 0:00, 1 ,1 ,1, 1 ,1 ,
4c96e6cd1329471164e71b76d8ac0619,7769eebb90b7a387fbf8087dd60024d4,delivered,27/3/2018 22:19,27/3/2018 22:30,2/4/2018 22:26,6/4/2018 17:12,13/4/2018 0:00, 1 ,1 ,1, 1 ,1 ,
936ed73e77adab4aaaf271bddfef8f09,e412a786e2d386eb745399143012e65e,delivered,23/3/2018 7:45,23/3/2018 7:55,28/3/2018 18:57,29/3/2018 20:22,5/4/2018 0:00, 1 ,1 ,1,0 ,1 ,
936ed73e77adab4aaaf271bddfef8f09,e412a786e2d386eb745399143012e65e,delivered,23/3/2018 7:45,23/3/2018 7:55,28/3/2018 18:57,29/3/2018 20:22,5/4/2018 0:00, 1 ,1 ,1,0 ,1 ,
57a82f32fdb1ce036662861d8dbb6a6b,58583807f8901eeed0810e81d58428fa,canceled,20/11/2017 21:36,20/11/2017 21:47,,,1/12/2017 0:00,1 ,0 ,1,0 ,0 , Duplicate order id 
57a82f32fdb1ce036662861d8dbb6a6b,58583807f8901eeed0810e81d58428fa,canceled,20/11/2017 21:36,20/11/2017 21:47,,,1/12/2017 0:00,1 ,0 ,1,0 ,0 , Duplicate order id 
57a82f32fdb1ce036662861d8dbb6a6b,58583807f8901eeed0810e81d58428fa,canceled,20/11/2017 21:36,20/11/2017 21:47,,,1/12/2017 0:00,1 ,0 ,1,0 ,0 , Duplicate order id 
57a82f32fdb1ce036662861d8dbb6a6b,58583807f8901eeed0810e81d58428fa,canceled,20/11/2017 21:36,20/11/2017 21:47,,,1/12/2017 0:00,1 ,0 ,1,0 ,0 , Duplicate order id 
982477fb4aaaa4ce97851852d2a28e90,bf573f9422c8f6b435a16123951aa62d,delivered,16/12/2017 22:40,16/12/2017 22:51,19/12/2017 0:13,15/2/2018 20:28,12/1/2018 0:00, 1 ,0 ,1, 1 ,1 ,
94392cf6467d0d71ec5fcab718cf3094,d20b51ca1b75f352d433945310a4d92f,delivered,5/1/2018 22:22,5/1/2018 22:32,8/1/2018 15:54,29/1/2018 18:38,8/2/2018 0:00, 1 ,1 ,1,0 ,1 ,
94392cf6467d0d71ec5fcab718cf3094,d20b51ca1b75f352d433945310a4d92f,delivered,5/1/2018 22:22,5/1/2018 22:32,8/1/2018 15:54,29/1/2018 18:38,8/2/2018 0:00, 1 ,1 ,1,0 ,1 ,
f6a0e9f2ee368264a84d69d92c9a5b3f,3c5a39f999c141a42792a0f2e1c7726d,delivered,9/7/2017 15:19,9/7/2017 15:30,14/7/2017 19:12,26/7/2017 3:16,15/8/2017 0:00, 1 ,1 ,1, 1 ,1 ,
8dc15e4b00578c78f90a16dd481552f7,24c20c027494f934d8ade6755a88615f,delivered,27/3/2018 10:25,27/3/2018 10:35,30/3/2018 0:05,10/4/2018 18:21,16/4/2018 0:00, 1 ,1 ,1, 1 ,1 ,
4908c7c1919e42e7662e3cbd307edf74,b9c09012685c3318c9a1d921f9b08c3b,delivered,20/9/2017 8:40,20/9/2017 8:50,27/9/2017 14:45,4/10/2017 19:48,10/10/2017 0:00, 1 ,1 ,1,0 ,1 ,
4908c7c1919e42e7662e3cbd307edf74,b9c09012685c3318c9a1d921f9b08c3b,delivered,20/9/2017 8:40,20/9/2017 8:50,27/9/2017 14:45,4/10/2017 19:48,10/10/2017 0:00, 1 ,1 ,1,0 ,1 ,
b03c3813b79abede0217026999c4fd66,edcb0d489e8bf0601ab2ca4ebde3bed1,delivered,3/3/2018 20:45,3/3/2018 20:56,6/3/2018 0:36,20/3/2018 22:53,22/3/2018 0:00, 1 ,1 ,1,0 ,1 ,
b03c3813b79abede0217026999c4fd66,edcb0d489e8bf0601ab2ca4ebde3bed1,delivered,3/3/2018 20:45,3/3/2018 20:56,6/3/2018 0:36,20/3/2018 22:53,22/3/2018 0:00, 1 ,1 ,1,0 ,1 ,
a1ac1b3f6c83ff04fe882ec7f8bf8a1f,62f6fda250fc0df6e11095f86f4316bc,delivered,31/3/2017 13:32,31/3/2017 13:42,4/4/2017 8:32,10/4/2017 13:40,20/4/2017 0:00, 1 ,1 ,1, 1 ,1 ,
222fd80282b4b53ba4affcabaaea6b31,7d2e9de299e7087ef52d931eae2f2345,delivered,10/5/2017 9:00,10/5/2017 9:10,12/5/2017 8:43,22/5/2017 13:39,7/6/2017 0:00, 1 ,1 ,1, 1 ,1 ,
5f674c43ef69fe052df34f1519f7bc12,62c4b72afa074a0214ebbca36c89cbcf,delivered,25/10/2017 18:57,25/10/2017 19:07,6/11/2017 21:25,8/11/2017 21:33,13/11/2017 0:00, 1 ,1 ,1,0 ,1 ,
5f674c43ef69fe052df34f1519f7bc12,62c4b72afa074a0214ebbca36c89cbcf,delivered,25/10/2017 18:57,25/10/2017 19:07,6/11/2017 21:25,8/11/2017 21:33,13/11/2017 0:00, 1 ,1 ,1,0 ,1 ,
0e0fa429a12bc8105554270a3a52ce97,c7f4ae2ceae1c61d7498868443fc755f,delivered,13/7/2018 12:00,13/7/2018 12:10,16/7/2018 15:11,21/7/2018 15:50,31/7/2018 0:00, 1 ,1 ,1, 1 ,1 ,
c2544ad612ec331d963be4a4daa7fcfc,b268920db89279bdd95a06d4e5c703b1,delivered,22/8/2018 18:20,22/8/2018 18:30,23/8/2018 15:05,24/8/2018 19:31,27/8/2018 0:00, 1 ,1 ,1,0 ,1 ,
c2544ad612ec331d963be4a4daa7fcfc,b268920db89279bdd95a06d4e5c703b1,delivered,22/8/2018 18:20,22/8/2018 18:30,23/8/2018 15:05,24/8/2018 19:31,27/8/2018 0:00, 1 ,1 ,1,0 ,1 ,
d247ca22fce9ccacbc4adb556e4083f7,0a4ed5474727fc500c7ceced05c84129,delivered,13/11/2017 23:36,13/11/2017 23:46,30/11/2017 22:56,10/12/2017 10:41,1/12/2017 0:00, 1 ,0 ,1,0 ,0 , Duplicate order id 
d247ca22fce9ccacbc4adb556e4083f7,0a4ed5474727fc500c7ceced05c84129,delivered,13/11/2017 23:36,13/11/2017 23:46,30/11/2017 22:56,10/12/2017 10:41,1/12/2017 0:00, 1 ,0 ,1,0 ,0 , Duplicate order id 
7c92284adbec8033d160303d83065dbf,f4f811f335e7ad2807493faebcb874ef,delivered,17/7/2018 16:55,17/7/2018 17:05,18/7/2018 9:04,26/7/2018 18:26,8/8/2018 0:00, 1 ,1 ,1, 1 ,1 ,
25f881c06011a27d879e9f15328a57e0,633586e0e4e3686ee988c54b28e1f4bf,delivered,15/3/2018 15:45,15/3/2018 15:55,16/3/2018 18:44,27/3/2018 20:08,17/4/2018 0:00, 1 ,1 ,1,0 ,1 ,
25f881c06011a27d879e9f15328a57e0,633586e0e4e3686ee988c54b28e1f4bf,delivered,15/3/2018 15:45,15/3/2018 15:55,16/3/2018 18:44,27/3/2018 20:08,17/4/2018 0:00, 1 ,1 ,1,0 ,1 ,
25f881c06011a27d879e9f15328a57e0,633586e0e4e3686ee988c54b28e1f4bf,delivered,15/3/2018 15:45,15/3/2018 15:55,16/3/2018 18:44,27/3/2018 20:08,17/4/2018 0:00, 1 ,1 ,1,0 ,1 ,
1118f05e23d1a8082fa47f8a377de658,8292e9df852ab7fce9e1bafc08870878,canceled,7/8/2018 15:05,7/8/2018 15:15,,,13/8/2018 0:00,1 ,0 ,1,0 ,0 , Duplicate order id 
1118f05e23d1a8082fa47f8a377de658,8292e9df852ab7fce9e1bafc08870878,canceled,7/8/2018 15:05,7/8/2018 15:15,,,13/8/2018 0:00,1 ,0 ,1,0 ,0 , Duplicate order id 
fab2aac6ff265cb5b66ffec77b3fd882,7712425a53e890f6ffcfd785aaf73f2d,delivered,12/5/2018 11:05,12/5/2018 11:15,14/5/2018 13:53,4/6/2018 22:25,12/6/2018 0:00, 1 ,1 ,1,0 ,1 ,
fab2aac6ff265cb5b66ffec77b3fd882,7712425a53e890f6ffcfd785aaf73f2d,delivered,12/5/2018 11:05,12/5/2018 11:15,14/5/2018 13:53,4/6/2018 22:25,12/6/2018 0:00, 1 ,1 ,1,0 ,1 ,
4019dc88e273c81a8e284257bb938f42,52272e973cc9f7e81b6527d4b780d720,delivered,1/9/2017 7:40,1/9/2017 7:50,5/9/2017 21:57,12/9/2017 19:33,22/9/2017 0:00, 1 ,1 ,1, 1 ,1 ,
72074174b87a13299e5d0aad2dae6137,5f7a3e7c661e0861b20e2580bb51ca20,delivered,16/8/2018 17:40,16/8/2018 17:50,17/8/2018 13:09,21/8/2018 21:11,28/8/2018 0:00, 1 ,1 ,1, 1 ,1 ,
ad9462a4da64add20fbc051616035832,6b384dff2e1e096fe27389503931beec,delivered,10/2/2018 14:00,10/2/2018 14:10,16/2/2018 2:09,6/3/2018 1:26,13/3/2018 0:00, 1 ,1 ,1, 1 ,1 ,
dee8d1d83278b2ec6e50c6472cd24c81,baa484e36b520c9d8931adc896ebc1c8,delivered,5/4/2018 20:25,5/4/2018 20:35,9/4/2018 15:52,17/4/2018 16:32,30/4/2018 0:00, 1 ,1 ,1,0 ,1 ,
dee8d1d83278b2ec6e50c6472cd24c81,baa484e36b520c9d8931adc896ebc1c8,delivered,5/4/2018 20:25,5/4/2018 20:35,9/4/2018 15:52,17/4/2018 16:32,30/4/2018 0:00, 1 ,1 ,1,0 ,1 ,
dee8d1d83278b2ec6e50c6472cd24c81,baa484e36b520c9d8931adc896ebc1c8,delivered,5/4/2018 20:25,5/4/2018 20:35,9/4/2018 15:52,17/4/2018 16:32,30/4/2018 0:00, 1 ,1 ,1,0 ,1 ,
dee8d1d83278b2ec6e50c6472cd24c81,baa484e36b520c9d8931adc896ebc1c8,delivered,5/4/2018 20:25,5/4/2018 20:35,9/4/2018 15:52,17/4/2018 16:32,30/4/2018 0:00, 1 ,1 ,1,0 ,1 ,
82a30f6b1e7a65b2ad078d587ed296af,bfc4ac44365c4048159ebb0e3ea6ce6d,delivered,11/6/2017 15:32,11/6/2017 15:42,13/6/2017 13:21,21/6/2017 15:38,10/7/2017 0:00, 1 ,1 ,1, 1 ,1 ,
38a920f4e80a3be96ecbfc0cba4517d6,313679079420ce50210b4f87c1e23693,delivered,2/4/2018 13:05,2/4/2018 13:15,5/4/2018 22:38,16/4/2018 12:42,15/5/2018 0:00, 1 ,1 ,1,0 ,1 ,
38a920f4e80a3be96ecbfc0cba4517d6,313679079420ce50210b4f87c1e23693,delivered,2/4/2018 13:05,2/4/2018 13:15,5/4/2018 22:38,16/4/2018 12:42,15/5/2018 0:00, 1 ,1 ,1,0 ,1 ,
1ec0f6dd4813ff79c33a11b6c372cfb8,880d3d3c4199a399b6303b5417a8990f,delivered,14/5/2017 10:15,14/5/2017 10:25,15/5/2017 11:43,25/5/2017 9:46,2/6/2017 0:00, 1 ,1 ,1,0 ,1 ,
1ec0f6dd4813ff79c33a11b6c372cfb8,880d3d3c4199a399b6303b5417a8990f,delivered,14/5/2017 10:15,14/5/2017 10:25,15/5/2017 11:43,25/5/2017 9:46,2/6/2017 0:00, 1 ,1 ,1,0 ,1 ,
1ec0f6dd4813ff79c33a11b6c372cfb8,880d3d3c4199a399b6303b5417a8990f,delivered,14/5/2017 10:15,14/5/2017 10:25,15/5/2017 11:43,25/5/2017 9:46,2/6/2017 0:00, 1 ,1 ,1,0 ,1 ,
8526a9a3883c882acce72e212f5b2d17,12943cd75dff4407f19eaf7b7dd80d20,delivered,16/6/2018 17:08,16/6/2018 17:18,18/6/2018 15:03,21/6/2018 23:06,26/7/2018 0:00, 1 ,1 ,1,0 ,1 ,
8526a9a3883c882acce72e212f5b2d17,12943cd75dff4407f19eaf7b7dd80d20,delivered,16/6/2018 17:08,16/6/2018 17:18,18/6/2018 15:03,21/6/2018 23:06,26/7/2018 0:00, 1 ,1 ,1,0 ,1 ,
8526a9a3883c882acce72e212f5b2d17,12943cd75dff4407f19eaf7b7dd80d20,delivered,16/6/2018 17:08,16/6/2018 17:18,18/6/2018 15:03,21/6/2018 23:06,26/7/2018 0:00, 1 ,1 ,1,0 ,1 ,
c374e19bcd2d8e8ea40c216011e8b254,8c20aad00d2f654343fc7d190048235b,delivered,30/11/2017 8:58,30/11/2017 9:08,4/12/2017 21:54,5/12/2017 12:45,19/12/2017 0:00, 1 ,1 ,1,0 ,1 ,
c374e19bcd2d8e8ea40c216011e8b254,8c20aad00d2f654343fc7d190048235b,delivered,30/11/2017 8:58,30/11/2017 9:08,4/12/2017 21:54,5/12/2017 12:45,19/12/2017 0:00, 1 ,1 ,1,0 ,1 ,
c374e19bcd2d8e8ea40c216011e8b254,8c20aad00d2f654343fc7d190048235b,delivered,30/11/2017 8:58,30/11/2017 9:08,4/12/2017 21:54,5/12/2017 12:45,19/12/2017 0:00, 1 ,1 ,1,0 ,1 ,
c374e19bcd2d8e8ea40c216011e8b254,8c20aad00d2f654343fc7d190048235b,delivered,30/11/2017 8:58,30/11/2017 9:08,4/12/2017 21:54,5/12/2017 12:45,19/12/2017 0:00, 1 ,1 ,1,0 ,1 ,
0ba2bc78c04f47c4757a465b7d7e4f79,8718f740a7d11ad0180de2f7b625c7da,delivered,6/12/2017 21:43,6/12/2017 21:52,13/12/2017 17:38,19/12/2017 17:32,3/1/2018 0:00, 1 ,1 ,1,0 ,1 ,
0ba2bc78c04f47c4757a465b7d7e4f79,8718f740a7d11ad0180de2f7b625c7da,delivered,6/12/2017 21:43,6/12/2017 21:52,13/12/2017 17:38,19/12/2017 17:32,3/1/2018 0:00, 1 ,1 ,1,0 ,1 ,
f509a7040093f6d9092290c14fb8cdb2,9fd502a41b84277f49be75af6fbc2738,delivered,10/12/2017 9:09,10/12/2017 9:19,11/12/2017 22:57,17/12/2017 14:51,4/1/2018 0:00, 1 ,1 ,1,0 ,1 ,
f509a7040093f6d9092290c14fb8cdb2,9fd502a41b84277f49be75af6fbc2738,delivered,10/12/2017 9:09,10/12/2017 9:19,11/12/2017 22:57,17/12/2017 14:51,4/1/2018 0:00, 1 ,1 ,1,0 ,1 ,
a6739d71ac53122c06071dad1d765a49,43564b5cdf4b3a18d4956a3f31a14b14,delivered,8/8/2018 18:35,8/8/2018 18:45,13/8/2018 13:30,21/8/2018 11:41,10/9/2018 0:00, 1 ,1 ,1,0 ,1 ,
a6739d71ac53122c06071dad1d765a49,43564b5cdf4b3a18d4956a3f31a14b14,delivered,8/8/2018 18:35,8/8/2018 18:45,13/8/2018 13:30,21/8/2018 11:41,10/9/2018 0:00, 1 ,1 ,1,0 ,1 ,
e0fd66782409b23632b81b1c01c46c24,50c123c170cef36e20c9c01d526338d0,delivered,25/6/2017 14:15,25/6/2017 14:25,27/6/2017 15:07,4/7/2017 17:11,18/7/2017 0:00, 1 ,1 ,1, 1 ,1 ,
fa2b7f457f0624bb344dc3023f557d7e,12d274b678306cdeadad69c63c2f4d2f,delivered,5/8/2018 22:41,5/8/2018 22:50,6/8/2018 14:10,9/8/2018 13:07,22/8/2018 0:00, 1 ,1 ,1,0 ,1 ,
fa2b7f457f0624bb344dc3023f557d7e,12d274b678306cdeadad69c63c2f4d2f,delivered,5/8/2018 22:41,5/8/2018 22:50,6/8/2018 14:10,9/8/2018 13:07,22/8/2018 0:00, 1 ,1 ,1,0 ,1 ,
cf8ba1509b00eca37b08289371dbbf0d,6b17845b9378ecf3d2c326579c38b24a,delivered,8/1/2018 12:29,8/1/2018 12:38,11/1/2018 19:37,25/1/2018 13:57,5/2/2018 0:00, 1 ,1 ,1,0 ,1 ,
cf8ba1509b00eca37b08289371dbbf0d,6b17845b9378ecf3d2c326579c38b24a,delivered,8/1/2018 12:29,8/1/2018 12:38,11/1/2018 19:37,25/1/2018 13:57,5/2/2018 0:00, 1 ,1 ,1,0 ,1 ,
77c820f0779ad518a4a2c6ddba08477c,826edf98e54310d36fac3342e624dab7,delivered,17/10/2017 23:40,17/10/2017 23:49,19/10/2017 23:13,13/11/2017 19:42,21/11/2017 0:00, 1 ,1 ,1,0 ,1 ,
77c820f0779ad518a4a2c6ddba08477c,826edf98e54310d36fac3342e624dab7,delivered,17/10/2017 23:40,17/10/2017 23:49,19/10/2017 23:13,13/11/2017 19:42,21/11/2017 0:00, 1 ,1 ,1,0 ,1 ,
42f1ec56e012e2c2c5b269c7681ff429,3be2672b8530d0f4d342c18d907de378,delivered,2/1/2018 16:46,2/1/2018 16:55,15/1/2018 20:58,24/1/2018 12:54,16/2/2018 0:00, 1 ,1 ,1,0 ,1 ,
42f1ec56e012e2c2c5b269c7681ff429,3be2672b8530d0f4d342c18d907de378,delivered,2/1/2018 16:46,2/1/2018 16:55,15/1/2018 20:58,24/1/2018 12:54,16/2/2018 0:00, 1 ,1 ,1,0 ,1 ,
42f1ec56e012e2c2c5b269c7681ff429,3be2672b8530d0f4d342c18d907de378,delivered,2/1/2018 16:46,2/1/2018 16:55,15/1/2018 20:58,24/1/2018 12:54,16/2/2018 0:00, 1 ,1 ,1,0 ,1 ,
220d88b24d65edc8d4b8d9eaa5ec0796,09ad9d1167eae6f24c762b46f6470aec,delivered,7/8/2017 11:41,7/8/2017 11:50,8/8/2017 19:04,14/8/2017 17:10,29/8/2017 0:00, 1 ,1 ,1, 1 ,1 ,
661e075fa45fa4a73a79dd6972bce18b,0b325ef40af7bb04108befbdcc9b224c,delivered,9/2/2017 11:01,9/2/2017 11:10,9/2/2017 16:08,15/2/2017 11:54,13/3/2017 0:00, 1 ,1 ,1, 1 ,1 ,
072577283d9ec2718f05c37d141d65de,93e5e053fee7863481445ab2f577c8d4,delivered,22/9/2017 9:01,22/9/2017 9:10,25/9/2017 21:52,3/10/2017 20:26,9/10/2017 0:00, 1 ,1 ,1, 1 ,1 ,
b84c178bc4308555f74ed9cdf3a38193,22a1be4f281a33941e88bc790cfb60a6,delivered,25/1/2018 11:03,25/1/2018 11:12,29/1/2018 19:24,7/2/2018 18:36,22/2/2018 0:00, 1 ,1 ,1, 1 ,1 ,
f694a43692e80583d2b5b561d4af4488,b7efbfd326e16ce7203d8306af0d0dbd,delivered,14/5/2018 14:46,14/5/2018 14:55,15/5/2018 14:44,4/6/2018 18:34,30/5/2018 0:00, 1 ,0 ,1, 1 ,1 ,
919f7b191b8ebc3ee9ab62e05ae3b2bb,53516cee27cdbecaa1d122f5ae9a2507,delivered,22/11/2017 11:09,22/11/2017 11:18,1/12/2017 15:11,8/12/2017 23:47,20/12/2017 0:00, 1 ,1 ,1,0 ,1 ,
55a924f9f03b8eefb1d0ed3c312263ce,f632c808918636bee977a68126b32188,delivered,27/12/2017 21:08,27/12/2017 21:17,28/12/2017 22:19,3/1/2018 21:22,22/1/2018 0:00, 1 ,1 ,1, 1 ,1 ,
919f7b191b8ebc3ee9ab62e05ae3b2bb,53516cee27cdbecaa1d122f5ae9a2507,delivered,22/11/2017 11:09,22/11/2017 11:18,1/12/2017 15:11,8/12/2017 23:47,20/12/2017 0:00, 1 ,1 ,1,0 ,1 ,
845af102c87e1c1bbcb900956ca08e90,c38c4b830f5c4a3825eea988694fb0af,delivered,15/7/2017 14:01,15/7/2017 14:10,17/7/2017 19:13,26/7/2017 20:27,10/8/2017 0:00, 1 ,1 ,1, 1 ,1 ,
d72897662eb03d6b058a063d27c6e5e7,6745f0b95b60ead308db72ce7fff278c,delivered,8/6/2018 9:47,8/6/2018 9:56,8/6/2018 14:59,11/6/2018 19:17,26/6/2018 0:00, 1 ,1 ,1, 1 ,1 ,
7ced17eac048bb56b535174eae0bcb7d,c85bb283fa5d77323cdbeb754b936e99,delivered,6/5/2017 17:47,6/5/2017 17:55,9/5/2017 15:21,22/5/2017 17:36,31/5/2017 0:00, 1 ,1 ,1,0 ,1 ,
7ced17eac048bb56b535174eae0bcb7d,c85bb283fa5d77323cdbeb754b936e99,delivered,6/5/2017 17:47,6/5/2017 17:55,9/5/2017 15:21,22/5/2017 17:36,31/5/2017 0:00, 1 ,1 ,1,0 ,1 ,
fa1ef91c1e8b0e6058d8d16cfe230ff4,5aea25930a6a9c51f4df7dc5c90dbeea,delivered,24/7/2017 18:27,24/7/2017 18:35,26/7/2017 0:55,2/8/2017 20:41,15/8/2017 0:00, 1 ,1 ,1, 1 ,1 ,
973f596fdd2295f00754dd37ab7eb684,01cc68904d33964bd2e7bd52d10efe18,delivered,6/2/2017 22:47,6/2/2017 22:55,10/2/2017 15:27,15/2/2017 4:35,1/3/2017 0:00, 1 ,1 ,1,0 ,1 ,
973f596fdd2295f00754dd37ab7eb684,01cc68904d33964bd2e7bd52d10efe18,delivered,6/2/2017 22:47,6/2/2017 22:55,10/2/2017 15:27,15/2/2017 4:35,1/3/2017 0:00, 1 ,1 ,1,0 ,1 ,
3eedc4839b9894c9cf39f1893b3169e9,53970e844c3e666d2eb588000127a4fd,delivered,25/5/2017 11:22,25/5/2017 11:30,30/5/2017 10:32,5/6/2017 13:56,14/6/2017 0:00, 1 ,1 ,1,0 ,1 ,
3eedc4839b9894c9cf39f1893b3169e9,53970e844c3e666d2eb588000127a4fd,delivered,25/5/2017 11:22,25/5/2017 11:30,30/5/2017 10:32,5/6/2017 13:56,14/6/2017 0:00, 1 ,1 ,1,0 ,1 ,
bc2ca758b82d10e0d335c8eb12349128,71470c77752ae4d613157eadefe91165,delivered,25/6/2017 1:02,25/6/2017 1:10,26/6/2017 14:40,6/7/2017 14:37,20/7/2017 0:00, 1 ,1 ,1, 1 ,1 ,
60cbc2a85ecd535c911397c150d60627,910636a4f7f8671c368176ea6dbb4277,delivered,11/8/2018 11:27,11/8/2018 11:35,17/8/2018 15:41,24/8/2018 14:34,29/8/2018 0:00, 1 ,1 ,1, 1 ,1 ,
06f157e2c7fe91f2e7ae8d344c6fd456,c11041983dbb097b3e7f8054edb680d7,delivered,26/8/2017 22:27,26/8/2017 22:35,28/8/2017 19:12,31/8/2017 15:26,14/9/2017 0:00, 1 ,1 ,1, 1 ,1 ,
d6ae7c61d30bf46350c4c3a7c6627f26,e11ea1af27379694ad1f1fcd1b16ee6c,processing,3/1/2018 11:20,3/1/2018 11:28,,,1/2/2018 0:00,0 ,0 ,1, 1 ,0 ,
27a22bb13b2fc366ab20226479a22f5a,f5d8a545323f03c74139eb656ad7c355,delivered,18/9/2017 20:07,18/9/2017 20:15,20/9/2017 13:42,5/10/2017 22:04,13/10/2017 0:00, 1 ,1 ,1, 1 ,1 ,
a0a61328bad595cbe8e180cc3cdd4ced,438488a4ee40335948e2e3f5cfc74111,delivered,13/3/2018 17:47,13/3/2018 17:55,14/3/2018 21:35,16/3/2018 22:52,26/3/2018 0:00, 1 ,1 ,1,0 ,1 ,
a0a61328bad595cbe8e180cc3cdd4ced,438488a4ee40335948e2e3f5cfc74111,delivered,13/3/2018 17:47,13/3/2018 17:55,14/3/2018 21:35,16/3/2018 22:52,26/3/2018 0:00, 1 ,1 ,1,0 ,1 ,
b04215f2cbc4e1fdd167427e657c7d16,beb649b39fa226baecfc1b5333671de8,delivered,10/2/2017 20:22,10/2/2017 20:30,15/3/2017 11:37,20/3/2017 9:37,9/3/2017 0:00, 1 ,0 ,1, 1 ,1 ,
6448006dfb006e20493015dc6358de41,04f257b05acbafc20d4886c8b12d0244,delivered,5/6/2017 2:27,5/6/2017 2:35,7/6/2017 5:39,22/6/2017 16:25,4/7/2017 0:00, 1 ,1 ,1, 1 ,1 ,
a8eab0b579c3288c60cd6f4933c48626,fbaaeb1f5b3f3cc5c226cb5b95d18584,delivered,3/12/2017 16:52,3/12/2017 16:59,6/12/2017 22:22,11/12/2017 17:49,28/12/2017 0:00, 1 ,1 ,1,0 ,1 ,
a8eab0b579c3288c60cd6f4933c48626,fbaaeb1f5b3f3cc5c226cb5b95d18584,delivered,3/12/2017 16:52,3/12/2017 16:59,6/12/2017 22:22,11/12/2017 17:49,28/12/2017 0:00, 1 ,1 ,1,0 ,1 ,
a8eab0b579c3288c60cd6f4933c48626,fbaaeb1f5b3f3cc5c226cb5b95d18584,delivered,3/12/2017 16:52,3/12/2017 16:59,6/12/2017 22:22,11/12/2017 17:49,28/12/2017 0:00, 1 ,1 ,1,0 ,1 ,
f28d2797b047549663f2e82b4afbdc1e,fa60dc846cc1ab755dd1768fc500b400,delivered,6/4/2017 18:47,6/4/2017 18:55,10/4/2017 14:24,12/4/2017 8:22,19/5/2017 0:00, 1 ,1 ,1, 1 ,1 ,
bbe6905304b4ffcdd776c85a16a71976,347502050ad2af3db43a5e9f3867c471,delivered,3/6/2017 20:28,3/6/2017 20:35,5/6/2017 16:18,7/6/2017 8:46,19/6/2017 0:00, 1 ,1 ,1, 1 ,1 ,
6e0261934103e060a0bed9e878373374,66a470a0e1d8c76b9a21cb40912bca2f,delivered,17/1/2018 10:11,17/1/2018 10:18,18/1/2018 10:17,2/2/2018 18:46,14/2/2018 0:00, 1 ,1 ,1, 1 ,1 ,
8fd361858abba7604b18a32f16483a8d,8392e3d4cfeec63f2a8bfea68bf1f91f,delivered,22/5/2017 19:23,22/5/2017 19:30,24/5/2017 13:40,2/6/2017 13:06,27/6/2017 0:00, 1 ,1 ,1, 1 ,1 ,
b79f1a780ca7d2e25fdd46f7cce4db04,d85d3d50ccfd1a908e83cc3e2ad32622,delivered,25/4/2017 16:48,25/4/2017 16:55,26/4/2017 7:58,5/5/2017 15:47,17/5/2017 0:00, 1 ,1 ,1, 1 ,1 ,
1cbcd6f5fd482df88073ad0e5a411b39,8697c05aef3093605f0667354b8c7769,delivered,22/3/2017 11:40,22/3/2017 11:40,23/3/2017 11:08,28/3/2017 14:06,12/4/2017 0:00, 1 ,0 ,0,0 ,0 , Duplicate order id 
c40ef1f09f4ba772a63865df0274f6b8,910061024aad54e0227ec718b29297e6,delivered,8/3/2017 16:06,8/3/2017 16:06,10/3/2017 4:43,7/4/2017 12:23,10/4/2017 0:00, 1 ,0 ,0,0 ,0 , Duplicate order id 
513d0aea6e84d49ab30dda9ab70053b1,09703c9d52696df6b0c0f4dd1c8729f8,delivered,15/3/2017 8:08,15/3/2017 8:08,21/3/2017 3:08,23/3/2017 12:58,5/4/2017 0:00, 1 ,0 ,0,0 ,0 , Duplicate order id 
513d0aea6e84d49ab30dda9ab70053b1,09703c9d52696df6b0c0f4dd1c8729f8,delivered,15/3/2017 8:08,15/3/2017 8:08,21/3/2017 3:08,23/3/2017 12:58,5/4/2017 0:00, 1 ,0 ,0,0 ,0 , Duplicate order id 
771c4f1f521f462e4b95619e648aaeab,d424b3ce4c850247e8c84ff8752de868,delivered,22/3/2017 20:15,22/3/2017 20:15,30/3/2017 13:14,28/3/2017 17:28,12/4/2017 0:00, 1 ,0 ,0, 1 ,0 ,
c40ef1f09f4ba772a63865df0274f6b8,910061024aad54e0227ec718b29297e6,delivered,8/3/2017 16:06,8/3/2017 16:06,10/3/2017 4:43,7/4/2017 12:23,10/4/2017 0:00, 1 ,0 ,0,0 ,0 , Duplicate order id 
839c39b7b79ea017a465dd95ba970a42,911d90f1add50839cfbdb9eedc2177e4,delivered,20/3/2017 14:37,20/3/2017 14:37,21/3/2017 9:36,27/3/2017 14:04,12/4/2017 0:00, 1 ,0 ,0,0 ,0 , Duplicate order id 
f18c6aa6a5d583e8ec36beaabb81d9a0,fa7ec8b2b45b5b6517357a5c5e82740d,delivered,17/3/2017 11:37,17/3/2017 11:37,23/3/2017 8:03,3/4/2017 9:34,18/4/2017 0:00, 1 ,0 ,0, 1 ,0 ,
18323bf515bec81ec824b51f618d2429,2dd5c9999a479a9e240d42bd38b4266a,delivered,10/3/2017 19:32,10/3/2017 19:32,13/3/2017 4:13,21/3/2017 17:45,6/4/2017 0:00, 1 ,0 ,0,0 ,0 , Duplicate order id 
839c39b7b79ea017a465dd95ba970a42,911d90f1add50839cfbdb9eedc2177e4,delivered,20/3/2017 14:37,20/3/2017 14:37,21/3/2017 9:36,27/3/2017 14:04,12/4/2017 0:00, 1 ,0 ,0,0 ,0 , Duplicate order id 
c40ef1f09f4ba772a63865df0274f6b8,910061024aad54e0227ec718b29297e6,delivered,8/3/2017 16:06,8/3/2017 16:06,10/3/2017 4:43,7/4/2017 12:23,10/4/2017 0:00, 1 ,0 ,0,0 ,0 , Duplicate order id 
1cbcd6f5fd482df88073ad0e5a411b39,8697c05aef3093605f0667354b8c7769,delivered,22/3/2017 11:40,22/3/2017 11:40,23/3/2017 11:08,28/3/2017 14:06,12/4/2017 0:00, 1 ,0 ,0,0 ,0 , Duplicate order id 
18323bf515bec81ec824b51f618d2429,2dd5c9999a479a9e240d42bd38b4266a,delivered,10/3/2017 19:32,10/3/2017 19:32,13/3/2017 4:13,21/3/2017 17:45,6/4/2017 0:00, 1 ,0 ,0,0 ,0 , Duplicate order id 
82ff294d1970490323910cdd6c463977,2923538b48ba4910e980aa90a89c3a2e,delivered,11/3/2017 8:18,11/3/2017 8:18,14/3/2017 10:44,22/3/2017 12:53,6/4/2017 0:00, 1 ,0 ,0, 1 ,0 ,
18323bf515bec81ec824b51f618d2429,2dd5c9999a479a9e240d42bd38b4266a,delivered,10/3/2017 19:32,10/3/2017 19:32,13/3/2017 4:13,21/3/2017 17:45,6/4/2017 0:00, 1 ,0 ,0,0 ,0 , Duplicate order id 
513d0aea6e84d49ab30dda9ab70053b1,09703c9d52696df6b0c0f4dd1c8729f8,delivered,15/3/2017 8:08,15/3/2017 8:08,21/3/2017 3:08,23/3/2017 12:58,5/4/2017 0:00, 1 ,0 ,0,0 ,0 , Duplicate order id 
