order_id,customer_id,order_status,order_purchase_timestamp,order_approved_at,order_delivered_carrier_date,order_delivered_customer_date,order_estimated_delivery_date
431018542d8303268a574ea80da4cfb5,99a5a40178ddd41b526250426a60f363,delivered,2017-05-26 14:26:53,2017-05-26 14:42:33,2017-06-01 13:57:44,2017-06-14 16:07:43,2017-06-26 00:00:00
982477fb4aaaa4ce97851852d2a28e90,bf573f9422c8f6b435a16123951aa62d,delivered,2017-12-16 22:40:37,2017-12-16 22:51:00,2017-12-19 00:13:33,2018-02-15 20:28:40,2018-01-12 00:00:00
8526a9a3883c882acce72e212f5b2d17,12943cd75dff4407f19eaf7b7dd80d20,delivered,2018-06-16 17:08:36,2018-06-16 17:18:11,2018-06-18 15:03:00,2018-06-21 23:06:40,2018-07-26 00:00:00
fc3eb1dcbbc011d4693b4efc280fc462,8ead9cc614e48a395252b1825a9bbe71,delivered,2017-09-30 02:38:39,2017-09-30 02:56:07,2017-10-02 20:49:59,2017-10-05 21:35:53,2017-10-25 00:00:00
222fd80282b4b53ba4affcabaaea6b31,7d2e9de299e7087ef52d931eae2f2345,delivered,2017-05-10 09:00:07,2017-05-10 09:10:17,2017-05-12 08:43:28,2017-05-22 13:39:38,2017-06-07 00:00:00
f28d2797b047549663f2e82b4afbdc1e,fa60dc846cc1ab755dd1768fc500b400,delivered,2017-04-06 18:47:46,2017-04-06 18:55:12,2017-04-10 14:24:52,2017-04-12 08:22:43,2017-05-19 00:00:00
bbb0e248cd5ad3480165a7ed356a9d1b,438fcfe9666d1e6d343db1a978811313,delivered,2018-04-30 12:06:49,2018-05-03 03:53:09,2018-05-04 11:24:00,2018-05-05 18:03:48,2018-05-16 00:00:00
7122fa45d10437278bab815f67002798,f041c33fa5c382bf3eb1433270778594,delivered,2017-02-20 21:44:03,2017-02-20 21:55:11,2017-02-22 05:15:33,2017-02-23 11:30:12,2017-03-17 00:00:00
e46cadf63ee53cca6065ae0affdd1d83,bb63bb88b869f39f4334da43ec942775,delivered,2018-03-23 13:01:28,2018-03-23 13:15:23,2018-03-27 02:04:04,2018-04-03 16:03:21,2018-04-19 00:00:00
725cf8e9c24e679a8a5a32cb92c9ce1e,74be082247cd677a147d83ee670e9d53,delivered,2017-06-08 21:00:36,2017-06-08 21:15:16,2017-06-23 13:03:27,2017-07-06 09:22:00,2017-08-02 00:00:00
54b7ba0e3a2e8a0f9f68011432a52575,dd9a99a98bd9d0fb502fefdd2b6eed39,delivered,2018-01-15 18:58:23,2018-01-15 19:09:51,2018-01-18 18:13:19,2018-02-03 16:33:12,2018-02-06 00:00:00
941b2fd26e5b95866e364344706f66c0,990e231928ac749b44d8826008cb048b,delivered,2017-08-23 10:36:41,2017-08-24 03:06:24,2017-08-29 19:22:49,2017-09-14 22:17:00,2017-10-04 00:00:00
919f7b191b8ebc3ee9ab62e05ae3b2bb,53516cee27cdbecaa1d122f5ae9a2507,delivered,2017-11-22 11:09:39,2017-11-22 11:18:17,2017-12-01 15:11:50,2017-12-08 23:47:00,2017-12-20 00:00:00
b84c178bc4308555f74ed9cdf3a38193,22a1be4f281a33941e88bc790cfb60a6,delivered,2018-01-25 11:03:37,2018-01-25 11:12:33,2018-01-29 19:24:48,2018-02-07 18:36:54,2018-02-22 00:00:00
3198a007090c3a630beb0fe82d14a0c6,134224848047da7d93f50ce13565f1d1,delivered,2017-05-24 20:02:36,2017-05-25 02:50:19,2017-05-25 09:27:11,2017-06-01 13:15:43,2017-06-27 00:00:00
c374e19bcd2d8e8ea40c216011e8b254,8c20aad00d2f654343fc7d190048235b,delivered,2017-11-30 08:58:59,2017-11-30 09:08:31,2017-12-04 21:54:38,2017-12-05 12:45:01,2017-12-19 00:00:00
fa8161b19b784110a75dfd84c5c63b1a,5c5ca003c071d601217cee768b2a4b28,delivered,2017-05-07 12:01:10,2017-05-07 13:05:42,2017-05-09 07:46:00,2017-05-13 11:56:58,2017-06-02 00:00:00
e2ae0065226927a2f9a53f2f05b12c72,17e8bd2e948117e1412cada1efec067a,delivered,2018-07-02 20:31:39,2018-07-05 16:14:52,2018-07-17 10:28:00,2018-07-24 00:21:52,2018-07-27 00:00:00
8c2a426cd8a3c5fbe7d79b4696a5d20b,642e3b504a61c1898bf061f0d48dae51,delivered,2018-03-17 23:06:17,2018-03-17 23:27:44,2018-03-20 16:11:43,2018-03-21 17:13:25,2018-04-02 00:00:00
ff1a118ab3b997d4c3f8ffad8e6734b8,2e784ffd9a6730c4637b4d1f088f9172,delivered,2017-06-15 09:34:03,2017-06-15 09:45:16,2017-06-16 14:09:41,2017-07-05 14:17:46,2017-07-10 00:00:00
729efff80ae9b31f5435169b08c8bf8a,a1b34e0298e44c75495c32a71bca8949,delivered,2018-03-06 09:51:17,2018-03-06 10:09:41,2018-03-08 00:05:27,2018-03-15 17:08:35,2018-03-23 00:00:00
07b9e5abd7254b1a85eb14ad3a1117e5,b503f68026d2399428f2e96529c73635,delivered,2017-10-09 08:10:30,2017-10-09 08:23:28,2017-10-10 23:12:51,2017-10-19 21:26:57,2017-10-25 00:00:00
227f6b7df58413c52832b11ec24b30a1,ada4af8902da278c18ba8834a1c1faf4,delivered,2018-05-30 22:27:55,2018-05-30 22:55:19,2018-06-01 06:42:00,2018-06-19 16:34:55,2018-07-16 00:00:00
0e0b2c3867ebecdb54f64e443e7f1921,8cb3cf719a82ef35da063198b29ae4a3,delivered,2017-11-06 14:37:36,2017-11-08 03:50:21,2017-11-10 20:28:33,2017-11-23 15:04:51,2017-11-30 00:00:00
94392cf6467d0d71ec5fcab718cf3094,d20b51ca1b75f352d433945310a4d92f,delivered,2018-01-05 22:22:05,2018-01-05 22:32:28,2018-01-08 15:54:42,2018-01-29 18:38:40,2018-02-08 00:00:00
1e1f2f647008bb63f8fb6cfe18d64467,fb07a605560bc106800598d5f35f408f,delivered,2017-12-21 17:03:45,2017-12-22 02:51:16,2017-12-22 19:42:34,2018-01-04 17:33:48,2018-01-24 00:00:00
d8aa886bfa7d140c2ec1c7f9a310e007,ad30e92f85cdcc70fe82d0b048915ead,delivered,2018-06-03 19:41:06,2018-06-03 19:55:18,2018-06-21 14:04:00,2018-07-11 17:08:32,2018-07-16 00:00:00
57c8b21903ac8ad8de52488bbb4ada7b,dff7d214d0b7746cf254bddfb43add02,delivered,2017-11-25 08:13:21,2017-11-25 08:29:55,2017-12-07 23:48:51,2018-01-17 23:07:14,2017-12-20 00:00:00
5480f040b65927b72574473cce844a76,3ae0ee80becb5e9de195f3cdd8487ebb,delivered,2017-08-30 17:53:35,2017-08-30 18:07:47,2017-08-31 19:32:28,2017-09-11 20:29:52,2017-09-21 00:00:00
c2544ad612ec331d963be4a4daa7fcfc,b268920db89279bdd95a06d4e5c703b1,delivered,2018-08-22 18:20:04,2018-08-22 18:30:13,2018-08-23 15:05:00,2018-08-24 19:31:48,2018-08-27 00:00:00
2124d1e1d8114cf8b7637b46d40ce9c2,3f56c3e805e0659f2691c78f4997c86c,delivered,2017-10-15 15:27:23,2017-10-15 15:49:08,2017-10-18 21:47:45,2017-10-19 21:47:41,2017-11-06 00:00:00
0084209c576daad6ff4534902fcb4892,7bfe2d37d3643c4bd9fe6fd5c4228d0e,delivered,2017-07-05 13:14:26,2017-07-05 17:41:17,2017-07-06 15:29:25,2017-07-18 12:34:02,2017-07-27 00:00:00
23c9d37f66d443b16767321d11d70821,c0c87406b399231a6da7f06fa1a14c8d,delivered,2018-01-16 16:45:04,2018-01-18 02:12:50,2018-01-20 00:14:42,2018-01-29 21:08:52,2018-02-06 00:00:00
77c820f0779ad518a4a2c6ddba08477c,826edf98e54310d36fac3342e624dab7,delivered,2017-10-17 23:40:33,2017-10-17 23:49:42,2017-10-19 23:13:32,2017-11-13 19:42:08,2017-11-21 00:00:00
1726692d7d3bf55b3bf72214ed9e6f7e,693d02fe5397d7acda742a75d955610e,delivered,2017-02-04 13:00:52,2017-02-04 13:15:12,2017-02-06 14:17:36,2017-02-08 14:05:10,2017-03-01 00:00:00
4ee7221f81fc4aa1e0324dac310f87b6,efacbeaf5e411d722010d0b8a4ba859a,delivered,2017-09-25 19:54:39,2017-09-25 20:07:14,2017-09-26 20:57:40,2017-09-29 21:14:08,2017-10-20 00:00:00
81d52605792f2c2b77cef8c1023ea1e5,9dbc089a544895189a7842dc0a35aba0,delivered,2018-05-01 14:16:45,2018-05-01 14:34:10,2018-05-02 10:20:00,2018-05-10 22:32:41,2018-06-04 00:00:00
9d9551f39ab1dfc1287b84fe2da6f55f,6955b02fbb91a54af55310ac2ce3b3c3,delivered,2018-06-26 10:41:19,2018-06-26 10:58:08,2018-06-26 14:44:00,2018-07-02 20:26:52,2018-07-23 00:00:00
6dfff5dc8b9368cf190410e804128695,eab5e0e258310f3454b56e95368ad183,delivered,2018-02-16 01:01:23,2018-02-17 03:47:56,2018-02-19 15:52:57,2018-03-13 00:29:47,2018-03-19 00:00:00
48726972f0153574d5167b2db56f5464,8f4412b49832686551c68d31db32e3fb,delivered,2018-01-03 19:54:33,2018-01-03 20:06:38,2018-01-10 23:10:24,2018-01-22 20:45:26,2018-01-29 00:00:00
709503c0d4ce76c2fdb6627c0ca8738a,57b74a2a339ded39c128788bec370de7,delivered,2017-04-11 22:01:04,2017-04-11 22:15:15,2017-04-12 11:51:10,2017-04-25 11:28:06,2017-05-09 00:00:00
bd67f781813f153083d633f8c81d0820,d7e165ba90f233742894011d725448c1,delivered,2018-01-19 14:58:55,2018-01-19 15:13:01,2018-01-22 21:21:52,2018-01-29 14:47:42,2018-02-16 00:00:00
dee8d1d83278b2ec6e50c6472cd24c81,baa484e36b520c9d8931adc896ebc1c8,delivered,2018-04-05 20:25:28,2018-04-05 20:35:21,2018-04-09 15:52:10,2018-04-17 16:32:44,2018-04-30 00:00:00
4ef685e6dcade551ce14cb3783ca664d,0e8e2f7bf1242ec3421144a8c8c5128e,delivered,2018-01-23 21:03:23,2018-01-23 21:20:22,2018-01-24 18:22:57,2018-02-23 01:17:38,2018-02-16 00:00:00
b79c572e995becc5a19efc2e211b5742,2da80b9d24204c38f09c8bfdb0e3b0b6,delivered,2018-04-24 10:27:53,2018-04-24 18:27:56,2018-04-25 14:42:00,2018-04-30 18:02:58,2018-05-21 00:00:00
0ed1446f58635d09909c65b72da38267,075622c9aca77c074c5b0bfff0dd8957,delivered,2018-08-08 18:12:16,2018-08-08 18:25:10,2018-08-09 14:38:00,2018-08-14 21:32:50,2018-08-24 00:00:00
ea2885f040ff7729e3d94488802e2917,667851f75c78e125a443fece275f310b,delivered,2018-05-12 17:27:38,2018-05-13 17:33:36,2018-05-14 13:57:00,2018-05-17 17:18:48,2018-06-19 00:00:00
e97c5b2fbc059aff15280edf4ff75dab,096998a766ecdf5781ac34029965b83f,delivered,2017-08-15 17:31:14,2017-08-16 03:30:23,2017-08-16 17:07:46,2017-08-17 15:39:38,2017-08-28 00:00:00
bc14a141bbb47b18a33d0a1747cab119,80cd6471cc015cdc037bb17791e1ccc6,delivered,2018-08-17 09:51:45,2018-08-21 04:55:38,2018-08-21 15:54:00,2018-08-24 17:33:37,2018-08-28 00:00:00
60e973e2a18fd001d175e5bdd83a2e2f,b58fbf23126951dc9923dac0a51e0dbe,delivered,2018-04-20 17:07:28,2018-04-24 18:13:25,2018-04-24 18:18:39,2018-04-27 18:58:40,2018-05-17 00:00:00
bc14a141bbb47b18a33d0a1747cab119,80cd6471cc015cdc037bb17791e1ccc6,delivered,2018-08-17 09:51:45,2018-08-21 04:55:38,2018-08-21 15:54:00,2018-08-24 17:33:37,2018-08-28 00:00:00
80128feb8f15a7ebaa8371aa0a718604,35026c49c3db4516456765fc5df0bcff,delivered,2018-02-14 17:52:02,2018-02-16 07:55:44,2018-02-16 20:59:14,2018-02-26 18:22:25,2018-03-07 00:00:00
9a7fc3b0802afc9b2b46c1e2f323a738,c3860745545e4c4f20c349a4dac765a5,delivered,2018-07-19 11:12:30,2018-07-21 03:30:17,2018-07-24 13:58:00,2018-07-31 18:22:49,2018-08-16 00:00:00
b85a7527aeed7648354efec94c8db7fd,d9c2e17e0fbeebd71fa661d9d6bf65bf,delivered,2018-02-22 17:42:15,2018-02-22 17:55:50,2018-02-23 22:59:33,2018-03-13 11:46:47,2018-03-21 00:00:00
ff564b0dff20427ba484d7e2efe7e7e5,632e2539c6f66f8a0f559f450d24fb5a,delivered,2017-09-14 12:02:08,2017-09-14 12:15:12,2017-09-18 22:38:00,2017-09-27 19:36:44,2017-10-06 00:00:00
110bb98db579131adc6f4d8bbd97c673,28b81bdab1b97c8081cdd453dbef9778,delivered,2018-06-17 11:30:39,2018-06-17 11:54:01,2018-06-18 12:03:00,2018-06-19 18:38:50,2018-06-28 00:00:00
baad5004c5d12ad2ed5467f21914396b,16fd28bae68d51e34f732ae6d1337918,delivered,2018-01-29 10:54:36,2018-01-30 04:31:05,2018-01-31 22:48:12,2018-02-14 23:53:36,2018-02-20 00:00:00
ff1a118ab3b997d4c3f8ffad8e6734b8,2e784ffd9a6730c4637b4d1f088f9172,delivered,2017-06-15 09:34:03,2017-06-15 09:45:16,2017-06-16 14:09:41,2017-07-05 14:17:46,2017-07-10 00:00:00
bbb45005fd322e2f3349b9b764a34d50,d74286e9f56b6926ec98bee130a867b6,delivered,2018-01-09 08:50:14,2018-01-09 09:08:28,2018-01-09 23:57:43,2018-01-10 20:43:13,2018-02-09 00:00:00
1fc147ecded099d8acf876cfaf66f731,ec7234ad72696a39eb528dc1720a962f,delivered,2018-06-18 11:55:25,2018-06-20 02:37:51,2018-07-04 11:37:00,2018-07-24 21:48:47,2018-08-07 00:00:00
4e5a9a16a51f946e82d4922064b9bd96,2e552907be728e91fb7033c374a4facc,delivered,2018-03-29 14:03:06,2018-03-30 23:07:59,2018-04-02 22:38:32,2018-04-11 19:42:05,2018-04-18 00:00:00
7122fa45d10437278bab815f67002798,f041c33fa5c382bf3eb1433270778594,delivered,2017-02-20 21:44:03,2017-02-20 21:55:11,2017-02-22 05:15:33,2017-02-23 11:30:12,2017-03-17 00:00:00
3ba7bbd7b7686df219611578ece6918c,f3dfadecc341dcdcb6c252a55192041c,delivered,2018-06-23 08:11:51,2018-06-23 08:35:04,2018-06-26 14:30:00,2018-06-27 19:51:00,2018-07-13 00:00:00
14e4ba20c3a5b38de7c1e5edab904bf9,ee62bc8402e533e9711aa2f3d56f4b0c,delivered,2017-07-14 09:20:21,2017-07-14 09:43:48,2017-07-18 16:14:58,2017-07-26 18:18:01,2017-08-08 00:00:00
09ff646bb8e18894b907e5b76f5fca59,08ba3f633e08284c827e14b9700d8949,delivered,2017-09-09 03:20:20,2017-09-09 03:36:47,2017-09-12 12:38:51,2017-09-20 19:14:04,2017-09-27 00:00:00
98de0bad1834d3a90eb4180333a4fd2d,ced61c5cb8db0e02a11af8e5a2f3deea,delivered,2017-11-12 21:29:12,2017-11-14 03:50:33,2017-11-14 22:52:50,2017-11-17 18:31:49,2017-12-01 00:00:00
a0a61328bad595cbe8e180cc3cdd4ced,438488a4ee40335948e2e3f5cfc74111,delivered,2018-03-13 17:47:54,2018-03-13 17:55:44,2018-03-14 21:35:43,2018-03-16 22:52:02,2018-03-26 00:00:00
adf1d1f9f725c103056bae5f78d77513,e7aa8f71ce6a66684f90103ab313cfd1,delivered,2017-10-13 15:32:47,2017-10-17 03:56:32,2017-10-19 15:48:57,2017-10-25 21:04:41,2017-10-31 00:00:00
661e075fa45fa4a73a79dd6972bce18b,0b325ef40af7bb04108befbdcc9b224c,delivered,2017-02-09 11:01:15,2017-02-09 11:10:17,2017-02-09 16:08:35,2017-02-15 11:54:38,2017-03-13 00:00:00
92be217451e443e50d816ab21286d00d,55fc561cdd959beb7c1b679f4f42c732,delivered,2017-09-06 12:30:18,2017-09-06 12:45:18,2017-09-08 17:10:15,2017-09-13 20:17:37,2017-09-25 00:00:00
e8a8ff2fda1e5eeeed6e56a9a882f648,86eb5f9093235e1e5e2f6db715b98ac8,delivered,2018-05-30 15:58:17,2018-05-30 16:16:36,2018-06-02 08:57:00,2018-06-19 18:22:28,2018-07-17 00:00:00
57a82f32fdb1ce036662861d8dbb6a6b,58583807f8901eeed0810e81d58428fa,canceled,2017-11-20 21:36:39,2017-11-20 21:47:03,,,2017-12-01 00:00:00
fb35078c4e6b1e02054bbc697aea411f,1ad3986272341934a66dc1ba2f26c752,delivered,2018-02-25 17:01:29,2018-02-27 04:31:06,2018-02-27 21:13:57,2018-03-16 13:36:48,2018-03-28 00:00:00
808a117545d27f5c0ea7cad158f70600,6899257ef9335343fd6eaa0daa8c52a8,delivered,2018-07-29 12:54:54,2018-07-30 19:32:09,2018-07-31 14:07:00,2018-08-06 21:38:35,2018-08-16 00:00:00
93afe3c6fc66e7f50b000e621fa6fa49,c0757f19964e56c02b05e41d1ea20879,delivered,2017-11-22 16:58:38,2017-11-22 17:11:28,2017-11-23 17:12:42,2017-11-27 19:27:07,2017-12-15 00:00:00
1873fcb129d137537b45d35990b5d734,1ff886d030252e3a0b3a86d4cbfb3503,delivered,2017-05-01 20:29:52,2017-05-01 20:45:08,2017-05-03 15:37:12,2017-05-16 07:47:49,2017-05-24 00:00:00
f041636b56e76b6320b39db6f42a9eeb,2f9504882f2ded2fd6c1230a7ca59721,delivered,2017-11-13 11:22:05,2017-11-13 11:35:26,2017-11-16 21:02:43,2017-11-29 18:03:12,2017-12-12 00:00:00
c2544ad612ec331d963be4a4daa7fcfc,b268920db89279bdd95a06d4e5c703b1,delivered,2018-08-22 18:20:04,2018-08-22 18:30:13,2018-08-23 15:05:00,2018-08-24 19:31:48,2018-08-27 00:00:00
b74bc3b933611bea834fda513928328e,d9e02253975d2de2009e95eb19bd9681,delivered,2018-01-29 13:36:45,2018-01-29 13:57:08,2018-01-30 20:38:00,2018-02-08 20:52:38,2018-02-20 00:00:00
e6878ac5a9f0035c1d0a4e3310abe17c,face248ece2a747c58f14eb3d1ada150,delivered,2017-12-13 14:21:19,2017-12-14 02:16:24,2017-12-15 16:35:26,2017-12-27 16:38:57,2018-01-15 00:00:00
41906ad47e1e6076348bfe935ed5e01d,1026e80aea584174e8e7d1fd6717e87a,delivered,2018-01-08 14:42:31,2018-01-08 14:54:23,2018-01-09 10:54:11,2018-01-22 17:09:30,2018-02-09 00:00:00
7683e28d403c6a04e30902e9e415eec8,856d198a0f044d71737a4f922b50b0f8,delivered,2018-05-04 15:38:57,2018-05-04 15:55:22,2018-05-08 15:46:00,2018-05-14 15:54:50,2018-06-04 00:00:00
f26f902bdbbc733c04384af07f954c19,e04fc9722632182bd8740b612e764f2f,delivered,2018-08-20 14:25:47,2018-08-20 16:15:30,2018-08-22 12:48:00,2018-08-24 23:18:57,2018-08-24 00:00:00
1cbcd6f5fd482df88073ad0e5a411b39,8697c05aef3093605f0667354b8c7769,delivered,2017-03-22 11:40:21,2017-03-22 11:40:21,2017-03-23 11:08:55,2017-03-28 14:06:52,2017-04-12 00:00:00
ab6087eb8ea6d8f8a36d6e787567bc64,955719867f907f671d614150a5436c10,delivered,2017-08-17 20:12:07,2017-08-17 20:55:15,2017-08-21 20:17:44,2017-08-29 18:16:09,2017-09-13 00:00:00
3eedc4839b9894c9cf39f1893b3169e9,53970e844c3e666d2eb588000127a4fd,delivered,2017-05-25 11:22:02,2017-05-25 11:30:08,2017-05-30 10:32:24,2017-06-05 13:56:10,2017-06-14 00:00:00
2ff04f721a0ccf086506b4ba443d924a,4e2c2516338a95c5199f59106b5c79c3,delivered,2018-08-12 13:52:05,2018-08-14 04:24:29,2018-08-14 15:34:00,2018-08-17 22:20:57,2018-08-24 00:00:00
393e604943de623d0c4d474259214378,10bb4c6dde360660c6c9c841cb172580,shipped,2018-02-23 13:07:38,2018-02-23 13:29:37,2018-02-28 22:14:16,,2018-04-03 00:00:00
e2ae0065226927a2f9a53f2f05b12c72,17e8bd2e948117e1412cada1efec067a,delivered,2018-07-02 20:31:39,2018-07-05 16:14:52,2018-07-17 10:28:00,2018-07-24 00:21:52,2018-07-27 00:00:00
98de0bad1834d3a90eb4180333a4fd2d,ced61c5cb8db0e02a11af8e5a2f3deea,delivered,2017-11-12 21:29:12,2017-11-14 03:50:33,2017-11-14 22:52:50,2017-11-17 18:31:49,2017-12-01 00:00:00
d2292ff2201e74c5db154d1b7ae68cbb,53a400fdb22676639e4cbf33197e2a6e,delivered,2016-10-04 16:05:29,2016-10-06 15:59:12,2016-10-21 14:23:38,2016-11-03 10:08:51,2016-11-24 00:00:00
96ed1598c0605903e3a112a907f54700,25a3a47970e525f12550605082758b98,delivered,2017-11-18 22:11:10,2017-11-21 04:06:32,2017-11-22 16:57:06,2017-11-30 23:58:47,2017-12-07 00:00:00
63be17dc5497f1941b4d15f7be530387,884a2e9a1b0c6fd2d9011ee7b4cbf21a,delivered,2018-02-17 16:39:55,2018-02-18 16:35:23,2018-02-19 19:57:02,2018-04-10 21:51:39,2018-03-21 00:00:00
7ced17eac048bb56b535174eae0bcb7d,c85bb283fa5d77323cdbeb754b936e99,delivered,2017-05-06 17:47:06,2017-05-06 17:55:19,2017-05-09 15:21:06,2017-05-22 17:36:57,2017-05-31 00:00:00
afcf3863fcb506587dd64998940c5785,0980d1bf97df05137f76ff388b1b2ec9,delivered,2018-05-18 09:43:47,2018-05-19 03:38:38,2018-05-21 13:59:00,2018-06-07 16:38:35,2018-06-12 00:00:00
5b8e4e84a2e2822c4a1e704ef4b20f92,b955b2fb6c219be7ae9be4de79f310fc,delivered,2018-06-06 10:57:16,2018-06-06 20:34:24,2018-06-07 09:03:00,2018-06-11 15:03:10,2018-07-13 00:00:00
2519026edcd7320570b0aa09727ed70f,f94425245e3774567effcd6ee149f770,delivered,2018-01-17 08:56:52,2018-01-18 02:13:06,2018-01-19 01:09:32,2018-01-26 22:53:02,2018-02-09 00:00:00
d08af97946f43d83db8dfda3f21dfc94,170de57eb76b3ff6a2badb236c0afa5f,delivered,2018-04-24 02:19:18,2018-04-24 18:53:46,2018-04-25 16:07:00,2018-05-03 19:28:49,2018-05-25 00:00:00
0ba2bc78c04f47c4757a465b7d7e4f79,8718f740a7d11ad0180de2f7b625c7da,delivered,2017-12-06 21:43:24,2017-12-06 21:52:55,2017-12-13 17:38:35,2017-12-19 17:32:27,2018-01-03 00:00:00
ffc2926aeab97ab6dc7585276c9b9371,d75338bef05f07c317d8285a806ff68e,delivered,2018-04-13 09:29:56,2018-04-14 02:30:57,2018-04-19 23:46:30,2018-04-25 14:52:17,2018-05-10 00:00:00
98c9c5c7df242bfccd1ad3510eff89f2,2879df7ed1e90a3f0bad2a69eaa904ba,delivered,2018-02-02 16:45:13,2018-02-02 17:43:16,2018-02-05 16:07:45,2018-02-20 17:22:10,2018-03-01 00:00:00
9c7da05dae70be359391ea6cd8790045,934193e1fd8122b3380fe12dd0807ad7,delivered,2017-07-27 11:19:48,2017-07-27 11:37:09,2017-08-04 18:27:06,2017-08-16 11:19:59,2017-08-30 00:00:00
bd1d2815016a0d22c926101c1c99d140,d520089f0783d83ef336bd06aa8923f9,delivered,2017-08-24 20:39:03,2017-08-26 02:16:19,2017-08-28 16:56:30,2017-09-06 14:39:59,2017-09-26 00:00:00
bc14a141bbb47b18a33d0a1747cab119,80cd6471cc015cdc037bb17791e1ccc6,delivered,2018-08-17 09:51:45,2018-08-21 04:55:38,2018-08-21 15:54:00,2018-08-24 17:33:37,2018-08-28 00:00:00
fa099a53d48227d20d9eb52f139a6d8c,e50c59f4bada8680913f519f6f104e06,delivered,2017-09-12 11:22:56,2017-09-12 11:38:32,2017-09-18 23:49:50,2017-09-27 21:21:33,2017-10-09 00:00:00
4dca9eeee0f0444664e0bb2522fea8c9,ef9ef05d74ccfb0d256e22fcfce20a03,delivered,2018-06-17 22:34:48,2018-06-17 22:58:53,2018-06-18 10:55:00,2018-07-03 17:05:11,2018-07-18 00:00:00
92a327e7271313540958cf048ff5c2cd,d0c71544b9d999fd56911fbce19fb35b,delivered,2018-06-14 15:23:38,2018-06-14 15:38:52,2018-06-14 15:41:00,2018-06-18 20:48:48,2018-06-29 00:00:00
fc3eb1dcbbc011d4693b4efc280fc462,8ead9cc614e48a395252b1825a9bbe71,delivered,2017-09-30 02:38:39,2017-09-30 02:56:07,2017-10-02 20:49:59,2017-10-05 21:35:53,2017-10-25 00:00:00
58a1e508f021717acbcf12f9f328f497,9551c9f70be99f31e88354c565e543f0,delivered,2018-01-15 23:15:27,2018-01-15 23:29:51,2018-01-17 21:04:27,2018-01-27 12:38:43,2018-02-16 00:00:00
c9d576bba5cffe5797794e2a5ff5d70b,a170300e0506e2e9660c4bbd3f4149a7,delivered,2018-01-30 21:30:05,2018-02-01 02:35:39,2018-02-02 21:32:51,2018-02-14 20:59:06,2018-03-06 00:00:00
028e37ed7cdd54ad41506f61df708cf9,5bbc72ac56e6c2d61f23a8a91a6ceac6,delivered,2018-04-10 16:44:54,2018-04-10 16:55:40,2018-04-11 18:08:43,2018-04-12 18:37:36,2018-04-25 00:00:00
d82ef777bb562af6d9a927bd6f3e7357,a0ed1a42e302ac466ddda7c0496b928a,delivered,2017-09-10 20:14:28,2017-09-12 04:45:57,2017-09-15 19:02:46,2017-09-21 22:12:29,2017-09-28 00:00:00
7ec1b2259b08869d945fd8fd76e8ee2f,4849374c3189ec40c89b978357e07e0f,delivered,2018-04-09 11:56:14,2018-04-09 12:10:31,2018-04-10 16:50:52,2018-04-13 18:21:17,2018-05-02 00:00:00
b4a1c1abe13b0e2adafb21da024cef98,81aef10a9af8f93cbfbf20e884277260,delivered,2017-10-02 21:11:56,2017-10-02 21:28:27,2017-10-04 01:02:54,2017-10-09 16:50:20,2017-10-24 00:00:00
ce96e1f727877ff03577e45707a78265,0a89839c1ac53ef740c64b6ac372e550,delivered,2018-04-13 10:15:50,2018-04-13 10:32:33,2018-04-16 17:54:55,2018-04-23 16:31:59,2018-05-15 00:00:00
bfc2b97037cfb3d63579f4a3f877a912,e1e09210e58d30df8e147c5a53eeaaf0,delivered,2018-04-20 08:09:59,2018-04-20 08:32:37,2018-05-02 15:03:00,2018-05-03 19:36:50,2018-05-04 00:00:00
6c3808960b526766ea7a00ae22c020ab,30475771653cbc88a01817e3af381214,delivered,2018-05-16 09:39:07,2018-05-16 09:57:16,2018-05-21 08:34:00,2018-06-09 15:03:18,2018-06-26 00:00:00
2b9fcc0b86e42aaa05818596c7d9299a,95ac0014a9d1cd441615173651fa0a1d,delivered,2017-11-16 17:00:37,2017-11-18 02:49:04,2017-11-21 22:35:43,2017-12-01 21:29:33,2017-12-18 00:00:00
13e22fa9743822ef30f7e3bdcfff69ee,5771758fad047028c6b772fe0adffced,delivered,2018-07-22 14:04:41,2018-07-24 11:31:40,2018-07-25 12:57:00,2018-07-28 16:39:30,2018-07-31 00:00:00
c40ef1f09f4ba772a63865df0274f6b8,910061024aad54e0227ec718b29297e6,delivered,2017-03-08 16:06:00,2017-03-08 16:06:00,2017-03-10 04:43:45,2017-04-07 12:23:52,2017-04-10 00:00:00
0f4fb5e0b20cdd9ef2fe37b2627f2cfe,1f3d03a5979d8a4cb8858252df331d14,delivered,2018-05-16 22:06:09,2018-05-16 22:34:34,2018-05-17 14:33:00,2018-05-18 15:51:36,2018-05-28 00:00:00
53ec23d3e71b749fd840c22675065007,8338b4460e3b0a968cafd391715d6ae4,shipped,2018-07-10 21:19:18,2018-07-10 21:35:18,2018-07-12 15:13:00,,2018-08-10 00:00:00
1b2b354adeb38c1c308c915faf7d3288,b0962c45b3881a52d605fe965ca9a776,delivered,2017-08-30 09:33:21,2017-08-30 09:45:15,2017-08-31 19:32:28,2017-09-04 20:51:33,2017-09-19 00:00:00
da199a7491e600f839b6a5f580902cd9,b8a5c16528757594028cc97c84dae4c8,delivered,2018-05-21 11:54:32,2018-05-21 15:31:58,2018-05-22 07:58:00,2018-05-24 15:28:35,2018-06-04 00:00:00
dad7fd1c4434137c836f09ae15ec86a4,14555edc3920d5f094b0f2278bfbd438,delivered,2017-07-18 08:54:51,2017-07-19 09:03:14,2017-07-19 18:22:30,2017-08-23 17:20:34,2017-08-11 00:00:00
a494244817c043c16eb0c72c5d0384ad,c691fa8d8cf769ea3b4b02572b606a6b,delivered,2017-11-29 10:40:13,2017-11-29 11:00:14,2017-11-30 19:49:02,2017-12-19 22:53:20,2017-12-28 00:00:00
4bd03dd6a8e45ca2f88013cf71bd22f8,28010f664ab68f8a7a67b4d249f46291,delivered,2018-01-13 21:44:25,2018-01-16 03:34:48,2018-01-16 23:42:56,2018-01-25 16:12:16,2018-02-15 00:00:00
513d0aea6e84d49ab30dda9ab70053b1,09703c9d52696df6b0c0f4dd1c8729f8,delivered,2017-03-15 08:08:39,2017-03-15 08:08:39,2017-03-21 03:08:12,2017-03-23 12:58:35,2017-04-05 00:00:00
f6a0e9f2ee368264a84d69d92c9a5b3f,3c5a39f999c141a42792a0f2e1c7726d,delivered,2017-07-09 15:19:58,2017-07-09 15:30:16,2017-07-14 19:12:13,2017-07-26 03:16:50,2017-08-15 00:00:00
3ac0423d1e7e335f83c8fa3600ae47d7,90b628e6e1e90b38b06cde74092a0ced,delivered,2017-02-14 17:04:00,2017-02-15 17:10:12,2017-03-10 05:02:49,2017-03-29 18:53:09,2017-03-15 00:00:00
60c821245c90f135828d088e25c3ffb6,60b7c6b75aef6b90ad544ee8b85c7901,delivered,2018-06-10 10:40:25,2018-06-10 10:58:08,2018-06-11 13:33:00,2018-06-18 12:11:06,2018-07-11 00:00:00
3d6031aba8562253267cc241b6113b98,7a33b68891edd3370f13fc2adbb312ac,delivered,2017-04-19 22:15:27,2017-04-19 22:30:18,2017-04-20 16:15:48,2017-05-15 09:45:43,2017-05-09 00:00:00
9d9551f39ab1dfc1287b84fe2da6f55f,6955b02fbb91a54af55310ac2ce3b3c3,delivered,2018-06-26 10:41:19,2018-06-26 10:58:08,2018-06-26 14:44:00,2018-07-02 20:26:52,2018-07-23 00:00:00
1f1eea532cdd1978a4a9438a5373ebca,e192295a80bc140473d53f22afc589f4,delivered,2018-06-17 12:33:48,2018-06-19 04:16:58,2018-06-20 13:56:00,2018-06-22 16:18:49,2018-07-03 00:00:00
5bc2a7b8f0817443a86b69461e742cc9,e24c95c7fcea91f9d8e06c7b2a139301,delivered,2018-01-03 12:40:29,2018-01-03 13:31:57,2018-01-03 22:25:00,2018-01-12 21:59:18,2018-02-01 00:00:00
0e0b2c3867ebecdb54f64e443e7f1921,8cb3cf719a82ef35da063198b29ae4a3,delivered,2017-11-06 14:37:36,2017-11-08 03:50:21,2017-11-10 20:28:33,2017-11-23 15:04:51,2017-11-30 00:00:00
7dcf28f5c87ece1d91e794b803e494f2,119aa198a9f4d3894c1b4bca5dc8ebc7,processing,2017-06-01 12:48:34,2017-06-01 13:10:39,,,2017-06-26 00:00:00
2887a3e067f56df09cbc679f3646deb0,d18bff6a3de67eebfab42468ffcc42a5,delivered,2018-03-16 10:36:42,2018-03-16 10:49:01,2018-03-20 13:42:44,2018-03-29 17:34:08,2018-04-04 00:00:00
94f8ab9447f8eb39ed2c902712caf1bb,cae59be8fe9ba743966352a06bfb1440,delivered,2018-01-24 11:49:08,2018-01-24 11:59:47,2018-01-25 15:47:58,2018-02-02 21:52:17,2018-02-21 00:00:00
52692fd13ed3c4d1ec0df879ad5e7a6b,3de3e8522e10142f9c6d2027154ad596,delivered,2017-04-29 19:11:54,2017-04-29 19:22:37,2017-05-03 15:33:56,2017-05-12 11:07:38,2017-06-02 00:00:00
e0fd66782409b23632b81b1c01c46c24,50c123c170cef36e20c9c01d526338d0,delivered,2017-06-25 14:15:58,2017-06-25 14:25:17,2017-06-27 15:07:33,2017-07-04 17:11:36,2017-07-18 00:00:00
accd8ec914c1ab328cfbafe6a5339c85,82a238f8e3cd8ba8688cd74ada659cf1,delivered,2018-01-25 13:20:00,2018-01-25 13:38:52,2018-01-26 18:05:52,2018-01-29 22:28:40,2018-02-09 00:00:00
04c377db9e026afed8d38404a910c00f,40f1bbcb789024d217509ad89d2dd556,delivered,2018-02-18 20:18:36,2018-02-18 20:30:31,2018-02-21 18:27:21,2018-03-07 18:06:38,2018-03-16 00:00:00
9950e10864fad6c02ade4829884ebd39,ceb4667fc3851809ade8a13953032538,delivered,2017-11-25 00:50:58,2017-11-25 03:17:23,2017-11-30 00:02:58,2017-12-12 18:52:52,2017-12-18 00:00:00
8426778a02661989b8520457d7045886,00f4202fec304d8f984a33eddc630e0f,delivered,2018-04-09 18:53:07,2018-04-09 19:11:34,2018-04-11 16:38:58,2018-04-25 00:28:30,2018-05-11 00:00:00
55a924f9f03b8eefb1d0ed3c312263ce,f632c808918636bee977a68126b32188,delivered,2017-12-27 21:08:49,2017-12-27 21:17:27,2017-12-28 22:19:18,2018-01-03 21:22:18,2018-01-22 00:00:00
d9dd31d18506394e89644f5e0b9664e3,525386e5496dcb6a38723359f7450144,delivered,2017-10-11 12:32:56,2017-10-11 14:43:04,2017-10-13 23:13:49,2017-10-17 18:30:07,2017-10-30 00:00:00
a757a56d0e861a38647169019a35ef8d,c6ff821f69a0dec55cfc2694414e45e4,delivered,2017-11-20 11:46:59,2017-11-20 12:09:22,2017-11-23 00:12:13,2017-12-13 19:12:46,2017-12-12 00:00:00
2380ca3ffd1097862f0f1f9b8f7c566f,731723e171b17d3d3d478ea3a1f4151d,delivered,2018-05-12 13:38:34,2018-05-12 13:54:45,2018-05-14 12:42:00,2018-05-23 17:32:53,2018-06-06 00:00:00
fdf6635fc014c7f771754eefe24ff684,d204659d7a7e5e8d95820be143be3acc,delivered,2018-01-14 18:50:16,2018-01-14 19:09:18,2018-01-15 23:39:49,2018-02-02 02:50:58,2018-02-14 00:00:00
bd5c96897aa0d348c89df8ebc8f13c3d,82452ba1984cdfcfb649c4628a41190c,delivered,2017-08-15 15:41:57,2017-08-15 17:35:20,2017-08-18 15:43:58,2017-08-31 19:27:43,2017-09-06 00:00:00
513d0aea6e84d49ab30dda9ab70053b1,09703c9d52696df6b0c0f4dd1c8729f8,delivered,2017-03-15 08:08:39,2017-03-15 08:08:39,2017-03-21 03:08:12,2017-03-23 12:58:35,2017-04-05 00:00:00
973f596fdd2295f00754dd37ab7eb684,01cc68904d33964bd2e7bd52d10efe18,delivered,2017-02-06 22:47:03,2017-02-06 22:55:13,2017-02-10 15:27:04,2017-02-15 04:35:01,2017-03-01 00:00:00
a476749332fa1502701657ec467468fb,c1f0fe3bb2fc6c29afff6b671b1b27c0,delivered,2017-06-14 13:29:02,2017-06-15 02:50:23,2017-06-16 14:09:35,2017-06-26 15:10:02,2017-07-07 00:00:00
4f2d5b2e994088d66bfbfc72e7ccc002,fa8a4bda569c794150f39cda0dfe0734,delivered,2017-08-21 10:44:56,2017-08-21 11:04:40,2017-08-22 15:08:24,2017-08-29 19:22:49,2017-09-13 00:00:00
27f60f8461adbfd9213bd35b38206bfe,3036fcbb292e7d1ad4c25c254b5e246f,delivered,2018-06-05 18:47:47,2018-06-05 19:13:41,2018-06-06 12:26:00,2018-06-13 12:02:24,2018-07-11 00:00:00
03181fddac1b424c893821ec539b2abf,2e3c87a1fe28dc56e695f7584818c62b,delivered,2018-05-05 16:35:57,2018-05-05 16:53:39,2018-05-07 11:37:00,2018-05-08 16:08:40,2018-05-18 00:00:00
374d4811c6f3657ec62ffec582801ccd,3e9aca248d1d381339c86c8682cd7647,delivered,2018-08-03 17:53:36,2018-08-03 18:24:00,2018-08-08 14:21:00,2018-08-14 14:32:03,2018-08-17 00:00:00
6ee77fd090a49ec9c4e15bd1a94e100e,d24a0f00aa18133811d0aa666da75ff6,delivered,2017-03-23 17:44:48,2017-03-25 02:15:36,2017-04-07 15:15:50,2017-04-12 12:39:05,2017-04-26 00:00:00
771c4f1f521f462e4b95619e648aaeab,d424b3ce4c850247e8c84ff8752de868,delivered,2017-03-22 20:15:15,2017-03-22 20:15:15,2017-03-30 13:14:34,2017-03-28 17:28:32,2017-04-12 00:00:00
4259b9850303df4a05fb8b708405b75e,b168384955d47d20478b0a540d870068,delivered,2018-01-22 12:14:12,2018-01-22 14:19:11,2018-01-25 15:52:53,2018-01-31 21:32:32,2018-02-14 00:00:00
6255b494d1f33dd8dc68c7e80c4a7119,7676a6b51ce4574665467c5c9987eea0,delivered,2017-12-04 16:55:45,2017-12-04 18:30:43,2017-12-06 20:43:02,2017-12-21 00:58:51,2017-12-29 00:00:00
dd74aa86ac49c4818ea173b6a376d8de,2dd21bcff00bdf23764d180e6b65e7c9,delivered,2018-02-03 14:05:15,2018-02-03 14:30:19,2018-02-08 23:57:47,2018-02-26 20:43:20,2018-03-01 00:00:00
d17638ac2491f744bd174a75e2b9c4dc,61d03c7d32818bdb8eb0aad9e29332c1,delivered,2018-04-04 21:08:38,2018-04-04 21:28:31,2018-04-06 00:28:23,2018-04-14 00:58:54,2018-04-23 00:00:00
6e41c1b023ea08cb4744bbe97eedb35c,27a88f58c6d8d6be880c80c424c16202,delivered,2018-06-28 18:50:51,2018-06-28 19:11:39,2018-06-29 14:21:00,2018-07-04 15:32:11,2018-07-25 00:00:00
2de6a60c0b5386778d202e28d688553c,2177339c6c7841dd2233b686a3566bcc,delivered,2017-05-12 10:24:16,2017-05-12 10:35:17,2017-05-12 11:14:43,2017-05-16 16:53:38,2017-06-01 00:00:00
b958441e8e334c3996a9b0c55e5c797b,b2ed2acbaaf621b391406a133bcb1c96,delivered,2018-04-10 15:24:04,2018-04-10 15:50:24,2018-04-11 19:45:23,2018-04-12 20:02:34,2018-04-20 00:00:00
e2ae0065226927a2f9a53f2f05b12c72,17e8bd2e948117e1412cada1efec067a,delivered,2018-07-02 20:31:39,2018-07-05 16:14:52,2018-07-17 10:28:00,2018-07-24 00:21:52,2018-07-27 00:00:00
6bfefd597dae9bcdc38e087a154ab6e5,c0fd6186a94fc6fe13f085e45a2b5045,delivered,2018-04-25 21:55:09,2018-04-25 22:10:23,2018-04-27 12:56:00,2018-05-08 15:45:39,2018-05-18 00:00:00
a46e7e8e02915adecb392ad065121a51,0ef4273145d74465c180b6a9fbb9799b,delivered,2018-08-17 10:59:18,2018-08-18 10:50:41,2018-08-24 14:21:00,2018-08-29 20:03:26,2018-09-27 00:00:00
0f1a1c17b6ff23cc7274179c76e2af82,66af0dad10050ee5122fc1b0de8b0e3c,delivered,2018-02-08 20:37:19,2018-02-08 20:50:30,2018-02-09 20:57:53,2018-02-15 02:58:26,2018-02-22 00:00:00
149bca3daf097d7695389efb9b491653,2af13ca2d0e14a998266edf6afa7291d,delivered,2018-08-20 03:59:40,2018-08-20 14:11:03,2018-08-20 15:12:00,2018-08-30 16:40:36,2018-08-23 00:00:00
03d7dd4730b71e0a310c9b30431c1961,da8dfb2660ba315e2a99e6e3aa2f5c10,shipped,2018-05-30 19:42:15,2018-05-30 19:55:16,2018-06-01 14:11:00,,2018-07-03 00:00:00
0f6896ec061c74612b3a5ab4f2146d0e,ee185cc1e2f628edb1634c85c6a8cd20,delivered,2018-03-12 13:07:37,2018-03-13 09:51:09,2018-03-14 18:03:24,2018-04-24 22:11:57,2018-04-12 00:00:00
f26f902bdbbc733c04384af07f954c19,e04fc9722632182bd8740b612e764f2f,delivered,2018-08-20 14:25:47,2018-08-20 16:15:30,2018-08-22 12:48:00,2018-08-24 23:18:57,2018-08-24 00:00:00
c9d576bba5cffe5797794e2a5ff5d70b,a170300e0506e2e9660c4bbd3f4149a7,delivered,2018-01-30 21:30:05,2018-02-01 02:35:39,2018-02-02 21:32:51,2018-02-14 20:59:06,2018-03-06 00:00:00
3dc9704f804fcd14def080ddb628a245,69321e0f270ea1ff8af1d565826e5a2c,delivered,2018-03-21 13:03:52,2018-03-21 13:15:30,2018-03-22 19:33:02,2018-04-16 23:42:52,2018-04-09 00:00:00
f33bb10a8083242acc69681587de119f,7f2c7852591133faac4da0fce82fb87d,delivered,2018-05-28 23:15:15,2018-05-28 23:29:50,2018-05-29 12:17:00,2018-06-04 17:34:46,2018-06-29 00:00:00
bd50a7fe9fd97ea4b7663031a319e150,0975c3cf2e418ebfa5d1191a2dffd59d,delivered,2016-12-23 23:16:47,2016-12-23 23:31:37,2016-12-27 06:14:27,2016-12-28 15:54:44,2017-01-19 00:00:00
e105d0f5799042c758b417e6dce2c3a5,c329c0883d4e70ebb322ddf77e68fecb,delivered,2017-08-09 12:30:18,2017-08-11 04:26:18,2017-08-14 21:12:52,2017-08-25 18:05:13,2017-08-31 00:00:00
4259b9850303df4a05fb8b708405b75e,b168384955d47d20478b0a540d870068,delivered,2018-01-22 12:14:12,2018-01-22 14:19:11,2018-01-25 15:52:53,2018-01-31 21:32:32,2018-02-14 00:00:00
07ea296aee6d3fc7e722d3d2716448c9,72bda37cce8718fda2c702b1a23d4ac5,delivered,2018-05-01 12:57:12,2018-05-01 13:36:11,2018-05-02 15:44:00,2018-05-03 17:39:36,2018-05-14 00:00:00
190f1efcb8b7f7fdcf6690c0c3e78c39,0975b736f07ef1af2adb4e91cba4a035,delivered,2017-12-23 22:51:50,2017-12-23 23:08:39,2017-12-26 18:52:27,2018-01-11 22:34:10,2018-02-06 00:00:00
a7947c0869dbc1d6a6efb0c567cb0099,b1db5d94490687ac415441231056307d,delivered,2018-07-19 18:36:37,2018-07-19 18:50:14,2018-07-23 16:41:00,2018-07-24 22:42:43,2018-07-30 00:00:00
45de27572f22822e03786f094dee22f3,5eaca6dbb83458bc7094070e23ab592e,delivered,2018-05-21 08:13:46,2018-05-21 08:31:04,2018-05-21 16:11:00,2018-06-05 15:42:55,2018-06-07 00:00:00
4d5abe7999d76d1fb6237d3677706af0,88aac7b0942dcdb41ebabf7811b106fc,delivered,2017-11-23 18:13:30,2017-11-23 18:55:39,2017-11-28 20:07:50,2017-12-19 08:58:58,2018-01-04 00:00:00
130afe1134371f8c69afe4999fc8d671,e42b34f1da8134e1eb83af0ecb8ab308,delivered,2017-08-03 20:52:33,2017-08-03 21:05:14,2017-08-04 18:57:38,2017-08-14 19:10:00,2017-08-25 00:00:00
3ac0423d1e7e335f83c8fa3600ae47d7,90b628e6e1e90b38b06cde74092a0ced,delivered,2017-02-14 17:04:00,2017-02-15 17:10:12,2017-03-10 05:02:49,2017-03-29 18:53:09,2017-03-15 00:00:00
03cd43eb7c373b23a0b55c1c8f76c861,14d70a0cee529bb63fec5712914c3938,delivered,2018-06-28 10:17:16,2018-06-28 10:31:33,2018-06-29 14:45:00,2018-07-04 00:51:59,2018-07-23 00:00:00
15565710182cd35455ee0abf4b701ea9,5e7bb90d4342e8086e9a9acc1360a1e0,delivered,2018-02-17 08:27:55,2018-02-20 07:27:53,2018-02-23 23:14:50,2018-03-02 23:29:03,2018-03-16 00:00:00
b74a684e587b26938063adffbe35f41d,863aaf463c23aafb865f575f0e58432a,delivered,2018-07-01 22:31:33,2018-07-01 22:49:58,2018-07-03 12:07:00,2018-07-11 16:29:45,2018-08-01 00:00:00
d71541c100c5e5c1c55d5db9290f8851,ee3dd5769faf8ff6cde4f3120f191d4f,delivered,2018-01-09 20:23:38,2018-01-10 10:32:35,2018-01-10 22:20:10,2018-01-17 14:28:51,2018-02-07 00:00:00
b8cbd785d723a9bb46690512ee7b5440,3f107d24eaa727aacad371b02a0efdea,delivered,2018-04-25 15:25:21,2018-04-26 15:32:59,2018-04-30 10:42:00,2018-05-07 11:38:28,2018-05-11 00:00:00
9ae8993f1d41f39505759f4683e0d2ad,04bb960a2876e66f7874886ca00ebb88,delivered,2018-02-11 15:06:24,2018-02-11 15:27:25,2018-02-16 21:04:08,2018-02-27 00:16:31,2018-03-05 00:00:00
c07ddbce3f94a335544e744012c52f0f,ea2ecf4a8368958eee851ed4f09dfcc1,delivered,2018-06-16 11:21:25,2018-06-16 11:37:54,2018-06-19 14:14:00,2018-06-20 21:04:42,2018-06-28 00:00:00
67dfef90831fae7aa3b82e90e93ed02a,4f2aca9e9d7d67b1b3f30feaba2323c6,delivered,2018-05-10 14:27:42,2018-05-10 14:56:46,2018-05-10 19:56:00,2018-05-18 22:46:41,2018-06-01 00:00:00
da6f3c22dc38f6e133f8a8f14f5d3cdb,80a76c0a8a6700d1b4a7c5d0a0820b76,delivered,2017-09-18 17:53:53,2017-09-19 03:55:27,2017-09-19 19:32:41,2017-09-28 20:57:50,2017-10-06 00:00:00
c3c27f7cd6104efcb1a0d7793dd66fd2,faac546cb986bf69ac3fe11b519c3c43,delivered,2018-02-21 20:48:49,2018-02-21 21:49:05,2018-02-27 17:05:47,2018-03-05 19:37:22,2018-03-23 00:00:00
1ec0f6dd4813ff79c33a11b6c372cfb8,880d3d3c4199a399b6303b5417a8990f,delivered,2017-05-14 10:15:33,2017-05-14 10:25:10,2017-05-15 11:43:46,2017-05-25 09:46:54,2017-06-02 00:00:00
1329f69c4d3811f5a7bc6be850089a0d,840b47362264dfde96bdc04f1d702d0c,delivered,2018-07-27 11:30:02,2018-07-31 04:31:40,2018-07-31 15:17:00,2018-08-06 16:32:39,2018-08-29 00:00:00
24b438f705e768756df250d282036292,d1c425b2df58e8d9c491e705299eb8f6,delivered,2018-04-23 08:41:31,2018-04-24 19:08:44,2018-04-30 13:52:00,2018-05-14 21:34:42,2018-05-21 00:00:00
bbb45005fd322e2f3349b9b764a34d50,d74286e9f56b6926ec98bee130a867b6,delivered,2018-01-09 08:50:14,2018-01-09 09:08:28,2018-01-09 23:57:43,2018-01-10 20:43:13,2018-02-09 00:00:00
6255b494d1f33dd8dc68c7e80c4a7119,7676a6b51ce4574665467c5c9987eea0,delivered,2017-12-04 16:55:45,2017-12-04 18:30:43,2017-12-06 20:43:02,2017-12-21 00:58:51,2017-12-29 00:00:00
bd5c96897aa0d348c89df8ebc8f13c3d,82452ba1984cdfcfb649c4628a41190c,delivered,2017-08-15 15:41:57,2017-08-15 17:35:20,2017-08-18 15:43:58,2017-08-31 19:27:43,2017-09-06 00:00:00
6c3808960b526766ea7a00ae22c020ab,30475771653cbc88a01817e3af381214,delivered,2018-05-16 09:39:07,2018-05-16 09:57:16,2018-05-21 08:34:00,2018-06-09 15:03:18,2018-06-26 00:00:00
4415361bddc6491e81dff0a462283bb7,878fdb568a2cc05dce77c30f729f439a,delivered,2018-03-28 20:52:11,2018-03-30 03:10:31,2018-04-04 00:34:26,2018-04-05 18:32:45,2018-04-10 00:00:00
d43ec367e36ab5844465e6127f159862,aca5529c3c611cc45b4907b4046e4bd1,delivered,2017-07-01 20:25:32,2017-07-04 04:44:38,2017-07-06 06:23:45,2017-07-14 18:53:45,2017-08-02 00:00:00
6b0eaae462243e328c81413a0b1968ed,d76e9fe365aae1bb4307f9676894d9c3,delivered,2018-02-19 10:53:23,2018-02-20 14:35:27,2018-02-21 20:37:04,2018-02-24 14:48:54,2018-03-05 00:00:00
c88921a6cbda2e9973f9cfbd4e771d20,dc29649b0a10811a1a7e96a23c537999,delivered,2017-03-24 15:02:23,2017-03-24 15:15:12,2017-03-28 08:33:19,2017-04-04 15:52:26,2017-04-12 00:00:00
3aea5a83ca5bc41e6ecd21afd19bbd81,aff521ae3a328c4c9601f45f907cc7a5,delivered,2018-01-15 15:47:39,2018-01-16 15:36:25,2018-01-17 21:04:25,2018-02-06 22:28:35,2018-02-16 00:00:00
55239e09e4cd4de5e2e69452283e9b36,b3e091c31147aa119a2679a245a4fd9f,delivered,2017-07-22 10:44:10,2017-07-22 10:55:08,2017-08-09 20:50:10,2017-08-09 20:50:10,2017-08-17 00:00:00
1f1eea532cdd1978a4a9438a5373ebca,e192295a80bc140473d53f22afc589f4,delivered,2018-06-17 12:33:48,2018-06-19 04:16:58,2018-06-20 13:56:00,2018-06-22 16:18:49,2018-07-03 00:00:00
649fbfef8ead059794ca4dff975904d0,4a4a9d30308a7275440ff5514f22d367,delivered,2018-04-23 16:20:13,2018-04-24 17:43:52,2018-04-24 02:17:23,2018-05-03 19:51:27,2018-05-11 00:00:00
ab7247404a9215230d6977f0e1dfe5fb,bbab0e16e150f2c43a5250b0e586f839,delivered,2017-09-06 21:30:23,2017-09-06 21:43:44,2017-09-08 15:12:11,2017-10-02 17:27:12,2017-10-04 00:00:00
aff8085aa67afd7180c91552d939a4dd,aac4712a1869e7e6c81ad015c0f098aa,delivered,2017-05-29 13:06:03,2017-05-30 04:30:30,2017-05-31 09:07:44,2017-06-13 11:53:57,2017-06-27 00:00:00
29c5a7f7a7e0947fa6d28f355cd28c5f,8b5ac3704c58f8ab8591a68d5427f41e,delivered,2018-05-15 13:53:23,2018-05-15 14:30:39,2018-05-21 16:30:00,2018-06-06 15:04:08,2018-06-05 00:00:00
228fe28497863cfa489cfd0177809d45,d218b51d7923b68503ae5ccc23c77bb5,delivered,2018-02-12 11:28:37,2018-02-13 12:15:31,2018-02-15 16:28:33,2018-02-17 00:28:41,2018-02-26 00:00:00
dee8d1d83278b2ec6e50c6472cd24c81,baa484e36b520c9d8931adc896ebc1c8,delivered,2018-04-05 20:25:28,2018-04-05 20:35:21,2018-04-09 15:52:10,2018-04-17 16:32:44,2018-04-30 00:00:00
9eb558dc91f57ce1f1fb9ebc60bf8963,8d7a21a72282d71b2bef61355e5f1b88,delivered,2018-02-06 12:48:56,2018-02-06 13:08:28,2018-02-09 23:09:39,2018-03-02 20:56:47,2018-03-06 00:00:00
dd74aa86ac49c4818ea173b6a376d8de,2dd21bcff00bdf23764d180e6b65e7c9,delivered,2018-02-03 14:05:15,2018-02-03 14:30:19,2018-02-08 23:57:47,2018-02-26 20:43:20,2018-03-01 00:00:00
497b22cf27e02673170a190f5c0f621d,c2ebce3c867123caeef82732803f86b4,delivered,2018-08-21 00:18:05,2018-08-21 00:30:25,2018-08-21 13:24:00,2018-08-24 14:06:28,2018-09-14 00:00:00
5ce67f8655ea16aca378fdb87e3a8665,a7f2c8702670c3daa643060f32eba202,delivered,2018-03-02 00:29:29,2018-03-02 01:20:32,2018-03-02 22:14:52,2018-03-07 17:46:09,2018-03-14 00:00:00
29c5a7f7a7e0947fa6d28f355cd28c5f,8b5ac3704c58f8ab8591a68d5427f41e,delivered,2018-05-15 13:53:23,2018-05-15 14:30:39,2018-05-21 16:30:00,2018-06-06 15:04:08,2018-06-05 00:00:00
973f596fdd2295f00754dd37ab7eb684,01cc68904d33964bd2e7bd52d10efe18,delivered,2017-02-06 22:47:03,2017-02-06 22:55:13,2017-02-10 15:27:04,2017-02-15 04:35:01,2017-03-01 00:00:00
fd86c80924b4be8fb7f58c4ecc680dae,db76ebd0d51c2b3cc44d84cd6df46336,delivered,2018-03-08 19:37:45,2018-03-08 20:28:42,2018-03-09 18:04:46,2018-03-16 01:30:56,2018-03-27 00:00:00
98c9c5c7df242bfccd1ad3510eff89f2,2879df7ed1e90a3f0bad2a69eaa904ba,delivered,2018-02-02 16:45:13,2018-02-02 17:43:16,2018-02-05 16:07:45,2018-02-20 17:22:10,2018-03-01 00:00:00
93afe3c6fc66e7f50b000e621fa6fa49,c0757f19964e56c02b05e41d1ea20879,delivered,2017-11-22 16:58:38,2017-11-22 17:11:28,2017-11-23 17:12:42,2017-11-27 19:27:07,2017-12-15 00:00:00
71f9826cc06707008c91a2192b11728e,ac5872796a8e17fa078a88cabc2e4578,delivered,2018-05-01 14:14:10,2018-05-01 14:34:14,2018-05-03 19:04:00,2018-05-04 16:09:05,2018-05-21 00:00:00
bc14a141bbb47b18a33d0a1747cab119,80cd6471cc015cdc037bb17791e1ccc6,delivered,2018-08-17 09:51:45,2018-08-21 04:55:38,2018-08-21 15:54:00,2018-08-24 17:33:37,2018-08-28 00:00:00
919f7b191b8ebc3ee9ab62e05ae3b2bb,53516cee27cdbecaa1d122f5ae9a2507,delivered,2017-11-22 11:09:39,2017-11-22 11:18:17,2017-12-01 15:11:50,2017-12-08 23:47:00,2017-12-20 00:00:00
25f881c06011a27d879e9f15328a57e0,633586e0e4e3686ee988c54b28e1f4bf,delivered,2018-03-15 15:45:18,2018-03-15 15:55:25,2018-03-16 18:44:26,2018-03-27 20:08:50,2018-04-17 00:00:00
42f1ec56e012e2c2c5b269c7681ff429,3be2672b8530d0f4d342c18d907de378,delivered,2018-01-02 16:46:47,2018-01-02 16:55:56,2018-01-15 20:58:39,2018-01-24 12:54:30,2018-02-16 00:00:00
4ab6fc6c373a975bb90e462b81260198,c655ad65c7fb69b14d38b1544b44830c,delivered,2017-11-14 16:19:50,2017-11-14 17:03:45,2017-11-17 10:55:03,2017-11-23 18:07:36,2017-12-04 00:00:00
b2127a179063646c6e1e80f4617156fd,c007979976672f82a106285c9426d7c0,delivered,2018-01-11 17:49:13,2018-01-11 18:20:37,2018-01-17 22:23:28,2018-01-24 01:32:45,2018-02-09 00:00:00
bd5c96897aa0d348c89df8ebc8f13c3d,82452ba1984cdfcfb649c4628a41190c,delivered,2017-08-15 15:41:57,2017-08-15 17:35:20,2017-08-18 15:43:58,2017-08-31 19:27:43,2017-09-06 00:00:00
e97c5b2fbc059aff15280edf4ff75dab,096998a766ecdf5781ac34029965b83f,delivered,2017-08-15 17:31:14,2017-08-16 03:30:23,2017-08-16 17:07:46,2017-08-17 15:39:38,2017-08-28 00:00:00
709e7bb6791d4380ca6db3451e9e6a68,dc1de95ecee234f733b2ea358c00cc01,delivered,2017-08-27 19:48:58,2017-08-29 04:25:45,2017-08-29 20:17:35,2017-08-31 22:37:41,2017-09-15 00:00:00
63706f4e2ad2fc1c9fb8562c5702e8a1,d5801b1facc46f4f2ed5c356eb755e5d,delivered,2017-11-20 19:44:38,2017-11-20 19:56:24,2017-11-21 17:02:41,2017-12-04 21:33:07,2017-12-12 00:00:00
c1f81880aca45c52130764058999025e,cc665602c5a3f9487780d90695667353,delivered,2017-11-24 13:04:14,2017-11-24 15:14:34,2017-11-28 18:48:55,2017-11-30 19:14:10,2017-12-08 00:00:00
ade0863d75391c3ca83985f0b3c681e9,7606a0ab620848954d04ab711d463100,delivered,2017-10-09 08:07:47,2017-10-10 03:27:10,2017-10-11 12:53:33,2017-10-19 19:18:47,2017-11-06 00:00:00
bc14a141bbb47b18a33d0a1747cab119,80cd6471cc015cdc037bb17791e1ccc6,delivered,2018-08-17 09:51:45,2018-08-21 04:55:38,2018-08-21 15:54:00,2018-08-24 17:33:37,2018-08-28 00:00:00
7e472035214881a3939517a7d4e766a8,d5f9198f26562d9150d2480290e7935f,delivered,2018-03-25 16:43:44,2018-03-25 16:55:48,2018-03-26 19:02:34,2018-04-05 21:18:48,2018-04-20 00:00:00
ba637aace31b817e0f186405ae78ccca,f8e504ca6e18fe0afcf86d5b30817489,delivered,2018-03-27 14:32:43,2018-03-27 14:48:00,2018-03-28 18:24:56,2018-04-09 12:38:20,2018-04-13 00:00:00
a6739d71ac53122c06071dad1d765a49,43564b5cdf4b3a18d4956a3f31a14b14,delivered,2018-08-08 18:35:51,2018-08-08 18:45:17,2018-08-13 13:30:00,2018-08-21 11:41:55,2018-09-10 00:00:00
fab2aac6ff265cb5b66ffec77b3fd882,7712425a53e890f6ffcfd785aaf73f2d,delivered,2018-05-12 11:05:06,2018-05-12 11:15:10,2018-05-14 13:53:00,2018-06-04 22:25:25,2018-06-12 00:00:00
68fac48a2dd22ab289df2ce0a499dcab,2cd4fd79fa21cdab9cc8a7de105555ac,delivered,2017-09-09 19:36:44,2017-09-12 05:32:50,2017-09-15 18:35:08,2017-09-26 19:07:50,2017-10-04 00:00:00
7fd8bee2cb90a93904966af3fa39ff3a,ef514bcda50ae5f53d2cf47b150a2b52,delivered,2017-11-23 19:17:08,2017-11-25 19:14:36,2017-11-28 14:29:27,2017-12-01 19:48:45,2017-12-13 00:00:00
e1d6acaba6d1e84b8514575b9ef6fd71,5a0367f1c6acdbf73e18d97acc43df80,delivered,2018-04-18 20:54:45,2018-04-18 21:11:26,2018-04-19 19:21:46,2018-05-02 17:52:07,2018-05-11 00:00:00
58a1e508f021717acbcf12f9f328f497,9551c9f70be99f31e88354c565e543f0,delivered,2018-01-15 23:15:27,2018-01-15 23:29:51,2018-01-17 21:04:27,2018-01-27 12:38:43,2018-02-16 00:00:00
b98085eb7a06a725fb101c43ef721275,55527293ed99c8e2993e522addfb7615,delivered,2017-12-26 12:52:21,2017-12-26 13:08:48,2017-12-27 23:28:56,2018-01-04 17:53:06,2018-01-15 00:00:00
8dc15e4b00578c78f90a16dd481552f7,24c20c027494f934d8ade6755a88615f,delivered,2018-03-27 10:25:08,2018-03-27 10:35:24,2018-03-30 00:05:22,2018-04-10 18:21:51,2018-04-16 00:00:00
0512553e39efd59a9572ce7eebacd43a,0fb9deeb22eef8579c6104c8b1007f19,delivered,2017-10-26 08:48:12,2017-10-27 03:07:02,2017-10-27 19:03:25,2017-11-20 18:22:05,2017-11-16 00:00:00
30cc18e46e6a888afe8a75262a6f021d,29d38f9bf6cf71f4db95a87da5ad5086,delivered,2018-04-12 20:57:47,2018-04-14 02:30:31,2018-04-16 23:19:16,2018-04-23 22:54:48,2018-05-10 00:00:00
709e7bb6791d4380ca6db3451e9e6a68,dc1de95ecee234f733b2ea358c00cc01,delivered,2017-08-27 19:48:58,2017-08-29 04:25:45,2017-08-29 20:17:35,2017-08-31 22:37:41,2017-09-15 00:00:00
1fc147ecded099d8acf876cfaf66f731,ec7234ad72696a39eb528dc1720a962f,delivered,2018-06-18 11:55:25,2018-06-20 02:37:51,2018-07-04 11:37:00,2018-07-24 21:48:47,2018-08-07 00:00:00
4019dc88e273c81a8e284257bb938f42,52272e973cc9f7e81b6527d4b780d720,delivered,2017-09-01 07:40:27,2017-09-01 07:50:29,2017-09-05 21:57:53,2017-09-12 19:33:31,2017-09-22 00:00:00
b958441e8e334c3996a9b0c55e5c797b,b2ed2acbaaf621b391406a133bcb1c96,delivered,2018-04-10 15:24:04,2018-04-10 15:50:24,2018-04-11 19:45:23,2018-04-12 20:02:34,2018-04-20 00:00:00
8c2a426cd8a3c5fbe7d79b4696a5d20b,642e3b504a61c1898bf061f0d48dae51,delivered,2018-03-17 23:06:17,2018-03-17 23:27:44,2018-03-20 16:11:43,2018-03-21 17:13:25,2018-04-02 00:00:00
b06a6fd759132f4b7e369314ab5ae2d5,a27a41d6a0a297911bd22dbfbc2975e1,delivered,2018-08-21 11:02:43,2018-08-22 03:50:10,2018-08-22 11:24:00,2018-08-29 01:08:38,2018-08-30 00:00:00
79ef4ff8ef06547d209ceae576bf9f52,59ee1a82b5aa6bdbc05816e55414b562,delivered,2018-06-17 20:07:20,2018-06-17 20:17:56,2018-06-18 14:55:00,2018-06-19 18:28:30,2018-06-28 00:00:00
d95c7210ba7d2249083e45536f2d0a27,50c3d604564366cc6e2e3e920cfe6a36,delivered,2017-11-09 16:05:47,2017-11-09 16:26:32,2017-11-23 22:15:04,2017-11-26 17:17:05,2017-12-05 00:00:00
26b66bcb4cb37fe553c114832d3a5e45,e75cd2b8044ef17f9fb52badd80a76d2,delivered,2018-04-11 18:17:34,2018-04-11 18:31:29,2018-04-13 16:04:32,2018-04-15 14:04:32,2018-04-27 00:00:00
b03c3813b79abede0217026999c4fd66,edcb0d489e8bf0601ab2ca4ebde3bed1,delivered,2018-03-03 20:45:49,2018-03-03 20:56:04,2018-03-06 00:36:55,2018-03-20 22:53:44,2018-03-22 00:00:00
94f8ab9447f8eb39ed2c902712caf1bb,cae59be8fe9ba743966352a06bfb1440,delivered,2018-01-24 11:49:08,2018-01-24 11:59:47,2018-01-25 15:47:58,2018-02-02 21:52:17,2018-02-21 00:00:00
f205c6826655efc71379acaa53d3b83b,25033515ca54549ab33a66e549c6f2de,processing,2017-09-29 00:54:27,2017-09-29 01:07:07,,,2017-11-10 00:00:00
c28999f880aa66431b70511211d4ac6a,2827c6ef386603030760339bd1976189,delivered,2018-04-28 21:06:58,2018-04-28 21:32:25,2018-05-03 08:05:00,2018-05-04 12:09:04,2018-05-16 00:00:00
e5cb8cec63271f7ad2569b86e2eae45e,b31eaa661afe014345c3f985657e7743,delivered,2017-05-23 15:27:58,2017-05-23 15:43:27,2017-05-24 09:28:20,2017-05-27 16:52:56,2017-06-12 00:00:00
f940971157111a7fe49e332623c9fec0,914db96caec65d45202426db4679490e,delivered,2018-06-14 11:13:34,2018-06-14 11:42:47,2018-06-15 13:20:00,2018-06-19 21:08:30,2018-06-26 00:00:00
5c0f36da2753c3794d51c7be947e5843,7fc1aee92f41c50a308472ea5053eb53,delivered,2018-01-16 15:54:37,2018-01-17 03:38:52,2018-01-17 21:21:13,2018-01-26 16:33:04,2018-02-20 00:00:00
1449e2bfe7a48a4534cd242f0d60e414,9e6512d352103b6ecbbfebfe637ab5df,delivered,2017-12-30 16:52:49,2017-12-30 17:06:51,2018-01-03 21:53:28,2018-01-15 21:18:53,2018-01-31 00:00:00
c3c27f7cd6104efcb1a0d7793dd66fd2,faac546cb986bf69ac3fe11b519c3c43,delivered,2018-02-21 20:48:49,2018-02-21 21:49:05,2018-02-27 17:05:47,2018-03-05 19:37:22,2018-03-23 00:00:00
b3a63aeb668343cbf7b37e72abb932f3,88312bc5fe4c1c594abf422b854b6677,delivered,2017-09-11 10:09:19,2017-09-11 10:24:13,2017-09-12 14:54:57,2017-09-14 15:38:48,2017-09-27 00:00:00
0a95a336d341691ae0e6359713af3cd3,2f533dfc8d858dc1947251e5d0d8b157,delivered,2018-01-27 15:05:15,2018-01-27 15:17:23,2018-01-30 02:05:26,2018-02-05 15:33:20,2018-02-23 00:00:00
4e000d94b48474ed259893d52b57d357,0b3e90a83c52a1db4ffd061f30cbb865,delivered,2018-06-18 15:43:44,2018-06-18 16:40:53,2018-06-19 14:19:00,2018-06-25 15:12:52,2018-07-17 00:00:00
57c8b21903ac8ad8de52488bbb4ada7b,dff7d214d0b7746cf254bddfb43add02,delivered,2017-11-25 08:13:21,2017-11-25 08:29:55,2017-12-07 23:48:51,2018-01-17 23:07:14,2017-12-20 00:00:00
1454fd9eec5f4140bdbea254680361e5,d4b31b56a3fa1b91fa8d21f6f4466b6b,delivered,2017-11-24 21:05:51,2017-11-24 23:56:34,2017-11-27 12:48:56,2017-12-20 16:23:54,2017-12-27 00:00:00
e5cb8cec63271f7ad2569b86e2eae45e,b31eaa661afe014345c3f985657e7743,delivered,2017-05-23 15:27:58,2017-05-23 15:43:27,2017-05-24 09:28:20,2017-05-27 16:52:56,2017-06-12 00:00:00
0f6896ec061c74612b3a5ab4f2146d0e,ee185cc1e2f628edb1634c85c6a8cd20,delivered,2018-03-12 13:07:37,2018-03-13 09:51:09,2018-03-14 18:03:24,2018-04-24 22:11:57,2018-04-12 00:00:00
978ffd045ad7d5a208393ca5bae978a6,7d612ccc0b2f698ac19966fff0b767db,delivered,2018-03-23 17:04:27,2018-03-24 17:07:59,2018-03-26 23:03:57,2018-04-04 22:16:28,2018-04-11 00:00:00
652dd1e43c57c5f82622cd0d4ec1c376,7dbed95882f0d8bdb7279f822f09bd96,delivered,2018-08-01 10:52:29,2018-08-02 05:05:17,2018-08-02 12:09:00,2018-08-08 00:12:26,2018-08-16 00:00:00
3eedc4839b9894c9cf39f1893b3169e9,53970e844c3e666d2eb588000127a4fd,delivered,2017-05-25 11:22:02,2017-05-25 11:30:08,2017-05-30 10:32:24,2017-06-05 13:56:10,2017-06-14 00:00:00
649fbfef8ead059794ca4dff975904d0,4a4a9d30308a7275440ff5514f22d367,delivered,2018-04-23 16:20:13,2018-04-24 17:43:52,2018-04-24 02:17:23,2018-05-03 19:51:27,2018-05-11 00:00:00
e5cb8cec63271f7ad2569b86e2eae45e,b31eaa661afe014345c3f985657e7743,delivered,2017-05-23 15:27:58,2017-05-23 15:43:27,2017-05-24 09:28:20,2017-05-27 16:52:56,2017-06-12 00:00:00
d2292ff2201e74c5db154d1b7ae68cbb,53a400fdb22676639e4cbf33197e2a6e,delivered,2016-10-04 16:05:29,2016-10-06 15:59:12,2016-10-21 14:23:38,2016-11-03 10:08:51,2016-11-24 00:00:00
e0be013981866fa58c41c93cab57594a,ac2c4889c5a253bb3cd48204cf7c93ee,delivered,2018-03-01 16:36:58,2018-03-01 16:50:26,2018-03-08 02:16:44,2018-04-10 17:29:54,2018-03-22 00:00:00
bf2e7a6b9cf62bcc5d4276e1fa90f9bc,e63a81aeb874228ba9b2eaab33d9fbc3,delivered,2017-08-18 13:01:45,2017-08-18 13:15:25,2017-08-22 18:09:20,2017-09-01 18:53:07,2017-09-12 00:00:00
63be17dc5497f1941b4d15f7be530387,884a2e9a1b0c6fd2d9011ee7b4cbf21a,delivered,2018-02-17 16:39:55,2018-02-18 16:35:23,2018-02-19 19:57:02,2018-04-10 21:51:39,2018-03-21 00:00:00
9dff990dca94f688d5a005c3da5d9a6e,fbcc01ea41e282f7de6a6161940f32b2,delivered,2018-06-11 20:19:59,2018-06-11 20:40:42,2018-06-13 14:19:00,2018-06-18 22:38:40,2018-06-28 00:00:00
6709606f3773c59d8bed53c0d9bb614d,0be4ccac4dad0eece92dc788cd5e9260,delivered,2018-05-21 00:26:19,2018-05-22 07:54:02,2018-05-24 14:54:00,2018-06-08 09:51:58,2018-06-11 00:00:00
709e7bb6791d4380ca6db3451e9e6a68,dc1de95ecee234f733b2ea358c00cc01,delivered,2017-08-27 19:48:58,2017-08-29 04:25:45,2017-08-29 20:17:35,2017-08-31 22:37:41,2017-09-15 00:00:00
63706f4e2ad2fc1c9fb8562c5702e8a1,d5801b1facc46f4f2ed5c356eb755e5d,delivered,2017-11-20 19:44:38,2017-11-20 19:56:24,2017-11-21 17:02:41,2017-12-04 21:33:07,2017-12-12 00:00:00
f509a7040093f6d9092290c14fb8cdb2,9fd502a41b84277f49be75af6fbc2738,delivered,2017-12-10 09:09:56,2017-12-10 09:19:24,2017-12-11 22:57:53,2017-12-17 14:51:37,2018-01-04 00:00:00
bdd49e833a618b2e10096e4bd5725977,9edf4e2bfac35f5d2d41782e8c06f0b3,delivered,2018-03-14 22:19:41,2018-03-15 17:35:37,2018-03-19 18:38:47,2018-04-06 19:55:37,2018-04-02 00:00:00
82a30f6b1e7a65b2ad078d587ed296af,bfc4ac44365c4048159ebb0e3ea6ce6d,delivered,2017-06-11 15:32:38,2017-06-11 15:42:26,2017-06-13 13:21:45,2017-06-21 15:38:51,2017-07-10 00:00:00
c40ef1f09f4ba772a63865df0274f6b8,910061024aad54e0227ec718b29297e6,delivered,2017-03-08 16:06:00,2017-03-08 16:06:00,2017-03-10 04:43:45,2017-04-07 12:23:52,2017-04-10 00:00:00
b958441e8e334c3996a9b0c55e5c797b,b2ed2acbaaf621b391406a133bcb1c96,delivered,2018-04-10 15:24:04,2018-04-10 15:50:24,2018-04-11 19:45:23,2018-04-12 20:02:34,2018-04-20 00:00:00
ffc2926aeab97ab6dc7585276c9b9371,d75338bef05f07c317d8285a806ff68e,delivered,2018-04-13 09:29:56,2018-04-14 02:30:57,2018-04-19 23:46:30,2018-04-25 14:52:17,2018-05-10 00:00:00
26b66bcb4cb37fe553c114832d3a5e45,e75cd2b8044ef17f9fb52badd80a76d2,delivered,2018-04-11 18:17:34,2018-04-11 18:31:29,2018-04-13 16:04:32,2018-04-15 14:04:32,2018-04-27 00:00:00
e1d6acaba6d1e84b8514575b9ef6fd71,5a0367f1c6acdbf73e18d97acc43df80,delivered,2018-04-18 20:54:45,2018-04-18 21:11:26,2018-04-19 19:21:46,2018-05-02 17:52:07,2018-05-11 00:00:00
bd59d6b6646e18c7a1a97a639ff49e0f,04445deee7383ac75ad3026150466867,delivered,2017-12-06 16:08:05,2017-12-06 16:31:10,2017-12-08 13:53:22,2017-12-12 19:26:55,2017-12-22 00:00:00
4908c7c1919e42e7662e3cbd307edf74,b9c09012685c3318c9a1d921f9b08c3b,delivered,2017-09-20 08:40:04,2017-09-20 08:50:20,2017-09-27 14:45:22,2017-10-04 19:48:35,2017-10-10 00:00:00
7ea3b6e314e533719b7dbc3ad951aef3,f51abbc1aedad3c2043a901fcb09f93e,delivered,2018-06-01 14:45:02,2018-06-02 14:51:41,2018-06-04 15:03:00,2018-06-12 19:58:33,2018-07-11 00:00:00
62f85456fc470d391e292c649d8f0124,8578b195ef00d35534b548af9e9a152d,delivered,2017-12-28 08:28:20,2017-12-29 08:27:31,2017-12-29 16:38:45,2018-01-09 15:18:40,2018-01-30 00:00:00
b1334405900ad1c02d3521d59b962c6a,6a1c413924ef359fa6e250b31387ff81,delivered,2017-08-09 11:36:31,2017-08-09 11:50:20,2017-08-10 18:15:46,2017-08-21 19:12:43,2017-09-13 00:00:00
e7d942c97ee9fd9ff765a96b3f34c48a,444a1621608ff176511eeb4776a7fb9d,delivered,2017-07-02 19:40:54,2017-07-04 04:45:11,2017-07-05 15:16:31,2017-07-18 12:18:18,2017-07-21 00:00:00
e3968a0c251516530db38b5cc66111d7,452f6eb6e66d0232d1e44b98f09e8a62,delivered,2017-06-10 00:37:41,2017-06-10 01:22:42,2017-06-12 09:14:38,2017-06-23 10:22:22,2017-07-13 00:00:00
31cee66926e60ce4e5af0e4b9e2886d7,235e370b48423c2e8fed39564743df8f,delivered,2017-12-02 08:50:05,2017-12-02 09:09:17,2017-12-04 20:10:22,2017-12-11 20:18:58,2017-12-29 00:00:00
07ea296aee6d3fc7e722d3d2716448c9,72bda37cce8718fda2c702b1a23d4ac5,delivered,2018-05-01 12:57:12,2018-05-01 13:36:11,2018-05-02 15:44:00,2018-05-03 17:39:36,2018-05-14 00:00:00
d8764a0bfdbd63c0dbcb665b8eafb7d8,5a9b4246a7ab1a2994158a7f5d0e5a17,delivered,2017-10-19 12:09:46,2017-10-20 03:05:55,2017-10-20 18:57:51,2017-10-25 19:04:07,2017-11-07 00:00:00
5f674c43ef69fe052df34f1519f7bc12,62c4b72afa074a0214ebbca36c89cbcf,delivered,2017-10-25 18:57:29,2017-10-25 19:07:39,2017-11-06 21:25:31,2017-11-08 21:33:01,2017-11-13 00:00:00
fe5cc94bdaa0c8c83b6cfb74d01747cf,2e401a3a209079930afd5f9e57ec6bb3,delivered,2018-06-25 12:25:23,2018-06-25 12:38:01,2018-06-25 13:57:00,2018-07-02 18:18:44,2018-07-23 00:00:00
5b33495590a02d7e9ce6fbdc52f143d9,b5fbe4b143d1ca0c98e44f346c36b63b,delivered,2018-07-17 09:38:48,2018-07-17 09:50:17,2018-07-18 12:06:00,2018-07-24 21:42:37,2018-07-31 00:00:00
824d7ceed6163ed2e8693f90f0400db8,887d3d832d661c9cec2fbdaedb821f6d,delivered,2018-03-14 20:01:12,2018-03-15 19:55:36,2018-03-24 02:03:31,2018-04-18 19:02:02,2018-04-19 00:00:00
e3e5126cb05e7c16dd2ef864271fa8e6,f28ff42f4a3d29ba87737305a4d73212,delivered,2017-08-02 18:32:55,2017-08-04 02:30:36,2017-08-07 20:11:56,2017-08-14 20:45:09,2017-08-25 00:00:00
bf1884f9aca840a9b8738d4bef0945b0,d62f9d8739e6373565e73644f442f555,delivered,2018-08-02 12:54:36,2018-08-02 13:30:18,2018-08-03 07:55:00,2018-08-15 00:12:20,2018-08-07 00:00:00
5f2aaf089bdf0d14f2357066f139c2a4,04fbe9cd7c2f918568c5b4e934a56316,delivered,2018-07-17 01:02:41,2018-07-17 01:15:12,2018-07-27 11:54:00,2018-08-28 21:18:35,2018-08-07 00:00:00
bd67f781813f153083d633f8c81d0820,d7e165ba90f233742894011d725448c1,delivered,2018-01-19 14:58:55,2018-01-19 15:13:01,2018-01-22 21:21:52,2018-01-29 14:47:42,2018-02-16 00:00:00
a057392bd88e2acf040eb2a5674b557c,911ce2749529dc52f4f4b75ae306cc42,delivered,2018-05-22 21:44:43,2018-05-23 01:35:37,2018-05-23 15:11:00,2018-05-25 13:44:37,2018-05-30 00:00:00
345de0cb4a0a058abaa652096fd1f89e,faae7c482c489250578077e52576b3e9,delivered,2017-06-29 16:24:53,2017-06-29 16:35:45,2017-07-04 14:03:00,2017-07-13 18:59:56,2017-07-25 00:00:00
db145d39d51668d2934a47dbae8e5e66,8bcd806bfdc8aec049be3a61872fb021,delivered,2018-03-19 14:29:39,2018-03-20 03:48:59,2018-03-20 21:22:07,2018-04-11 12:36:42,2018-04-12 00:00:00
4f2d5b2e994088d66bfbfc72e7ccc002,fa8a4bda569c794150f39cda0dfe0734,delivered,2017-08-21 10:44:56,2017-08-21 11:04:40,2017-08-22 15:08:24,2017-08-29 19:22:49,2017-09-13 00:00:00
cd3d84e6743d5f2e14233c017e9bd10a,3de7da4ef84ac238c26ed09b06c7e792,delivered,2017-06-07 21:40:50,2017-06-07 21:55:17,2017-06-08 17:33:14,2017-06-13 12:08:10,2017-06-21 00:00:00
9fde8604e48e3fb51e7768a2c218b76c,9a03a5c2cf2c847c51d56eba03e00031,delivered,2017-07-04 18:25:23,2017-07-05 17:41:05,2017-07-07 18:25:36,2017-07-17 17:36:56,2017-07-26 00:00:00
6d231a099f98f5a590ad78db56ae82f1,6ee311afc0adb5663ad53868d46ba39d,delivered,2017-11-11 22:16:49,2017-11-11 22:30:25,2017-11-13 21:32:01,2017-11-16 21:48:37,2017-11-27 00:00:00
afed4d2938154fa926667651aa232e9e,9bbd165a1b2443025f44284e749d890b,delivered,2018-01-08 17:56:10,2018-01-09 07:17:41,2018-01-10 17:20:08,2018-01-22 15:11:10,2018-01-26 00:00:00
d247ca22fce9ccacbc4adb556e4083f7,0a4ed5474727fc500c7ceced05c84129,delivered,2017-11-13 23:36:32,2017-11-13 23:46:40,2017-11-30 22:56:46,2017-12-10 10:41:44,2017-12-01 00:00:00
0094bd07f49fed90209ffa62d1ef26d6,de0c1a4d8c367c58d66e61dfa379f4cf,delivered,2018-05-01 02:04:16,2018-05-03 04:12:53,2018-05-10 19:19:00,2018-05-16 21:12:15,2018-05-14 00:00:00
5cdaa660eb08635df23ca69011e9b5ce,1fc4cb255f4388f910777214ac9021c6,delivered,2018-03-23 11:29:51,2018-03-24 02:15:47,2018-03-27 21:34:29,2018-03-28 22:58:35,2018-04-05 00:00:00
da199a7491e600f839b6a5f580902cd9,b8a5c16528757594028cc97c84dae4c8,delivered,2018-05-21 11:54:32,2018-05-21 15:31:58,2018-05-22 07:58:00,2018-05-24 15:28:35,2018-06-04 00:00:00
48b4f1f96d5ae13b404fe7d041a8d393,77151da438a727054ce6430fd175793a,delivered,2018-08-09 13:41:59,2018-08-09 14:35:22,2018-08-09 13:57:00,2018-08-24 16:44:28,2018-09-26 00:00:00
2ff04f721a0ccf086506b4ba443d924a,4e2c2516338a95c5199f59106b5c79c3,delivered,2018-08-12 13:52:05,2018-08-14 04:24:29,2018-08-14 15:34:00,2018-08-17 22:20:57,2018-08-24 00:00:00
f509a7040093f6d9092290c14fb8cdb2,9fd502a41b84277f49be75af6fbc2738,delivered,2017-12-10 09:09:56,2017-12-10 09:19:24,2017-12-11 22:57:53,2017-12-17 14:51:37,2018-01-04 00:00:00
57a82f32fdb1ce036662861d8dbb6a6b,58583807f8901eeed0810e81d58428fa,canceled,2017-11-20 21:36:39,2017-11-20 21:47:03,,,2017-12-01 00:00:00
9fce4af6a15c3fa67e2ee1b52839d6dc,7e4b0829dda8a60be1eaeece2b9dbe51,delivered,2018-08-16 00:54:09,2018-08-16 16:40:48,2018-08-20 13:45:00,2018-08-28 21:11:37,2018-09-03 00:00:00
bd67f781813f153083d633f8c81d0820,d7e165ba90f233742894011d725448c1,delivered,2018-01-19 14:58:55,2018-01-19 15:13:01,2018-01-22 21:21:52,2018-01-29 14:47:42,2018-02-16 00:00:00
fa84bb10b3e22907ee72175763051dca,c400d925fe66cbabb0bc2a8397e562a4,delivered,2017-06-05 20:49:23,2017-06-05 21:05:11,2017-06-06 14:51:41,2017-06-16 15:51:57,2017-06-27 00:00:00
7cdee3742b0259f2780e96bdd9602f0e,475f823c98a1ca65d8fdcbd15167a443,delivered,2017-06-14 21:58:11,2017-06-14 22:15:19,2017-06-19 20:05:57,2017-06-30 12:09:16,2017-07-21 00:00:00
c07ddbce3f94a335544e744012c52f0f,ea2ecf4a8368958eee851ed4f09dfcc1,delivered,2018-06-16 11:21:25,2018-06-16 11:37:54,2018-06-19 14:14:00,2018-06-20 21:04:42,2018-06-28 00:00:00
4f851e6056e99764b563bff8fa90cd99,971c855da055149bf4a129ed983de936,delivered,2018-04-10 07:36:20,2018-04-11 14:31:24,2018-04-12 18:19:03,2018-04-13 19:01:20,2018-04-26 00:00:00
5cd1e199b5a1a3c27407766b2788851c,446e5d4f61445564a962e11953a4d5ec,delivered,2018-06-14 19:21:17,2018-06-14 19:37:58,2018-06-21 05:31:00,2018-06-27 17:52:47,2018-07-18 00:00:00
6e0261934103e060a0bed9e878373374,66a470a0e1d8c76b9a21cb40912bca2f,delivered,2018-01-17 10:11:03,2018-01-17 10:18:25,2018-01-18 10:17:25,2018-02-02 18:46:55,2018-02-14 00:00:00
4d544ef55956dd8aadf1162dc1b82ae1,50ffd1f49d653ce5b5d70d54db3468cf,delivered,2018-08-20 10:09:33,2018-08-20 14:55:28,2018-08-22 22:07:00,2018-08-23 18:45:45,2018-08-27 00:00:00
fa2b7f457f0624bb344dc3023f557d7e,12d274b678306cdeadad69c63c2f4d2f,delivered,2018-08-05 22:41:00,2018-08-05 22:50:16,2018-08-06 14:10:00,2018-08-09 13:07:42,2018-08-22 00:00:00
25f881c06011a27d879e9f15328a57e0,633586e0e4e3686ee988c54b28e1f4bf,delivered,2018-03-15 15:45:18,2018-03-15 15:55:25,2018-03-16 18:44:26,2018-03-27 20:08:50,2018-04-17 00:00:00
6be5314bc611a32a245f5111c8ba1089,c780e173716b253dd27f73f0f738a559,delivered,2018-02-22 18:16:01,2018-02-22 18:30:35,2018-02-27 21:24:02,2018-03-10 20:18:35,2018-03-13 00:00:00
2b9fcc0b86e42aaa05818596c7d9299a,95ac0014a9d1cd441615173651fa0a1d,delivered,2017-11-16 17:00:37,2017-11-18 02:49:04,2017-11-21 22:35:43,2017-12-01 21:29:33,2017-12-18 00:00:00
e2ae0065226927a2f9a53f2f05b12c72,17e8bd2e948117e1412cada1efec067a,delivered,2018-07-02 20:31:39,2018-07-05 16:14:52,2018-07-17 10:28:00,2018-07-24 00:21:52,2018-07-27 00:00:00
cb59b92296f398684c3959ad783f6402,e3714a321bd62a15f10dada6db668fb1,delivered,2018-03-22 13:58:17,2018-03-23 02:15:54,2018-03-23 18:32:34,2018-03-26 18:51:58,2018-04-05 00:00:00
430227c0d7f4c842813ccd5e0801e17d,2d5d432f3d019335618910f2def0fbb8,delivered,2018-05-11 13:30:58,2018-05-15 04:52:38,2018-05-16 14:29:00,2018-05-23 21:33:59,2018-06-12 00:00:00
a373ffc34c4613f5136ec29b5af247e4,a9c5aae74c11eee456dac27069df9201,delivered,2018-08-08 16:42:07,2018-08-09 03:55:14,2018-08-10 15:58:00,2018-08-16 20:28:50,2018-08-20 00:00:00
497b22cf27e02673170a190f5c0f621d,c2ebce3c867123caeef82732803f86b4,delivered,2018-08-21 00:18:05,2018-08-21 00:30:25,2018-08-21 13:24:00,2018-08-24 14:06:28,2018-09-14 00:00:00
b2127a179063646c6e1e80f4617156fd,c007979976672f82a106285c9426d7c0,delivered,2018-01-11 17:49:13,2018-01-11 18:20:37,2018-01-17 22:23:28,2018-01-24 01:32:45,2018-02-09 00:00:00
fe1e111fae7024187f42e73aecff899d,2e558ce29b3e5b9d52c2e2791802cb7e,delivered,2018-08-17 21:23:04,2018-08-17 21:35:19,2018-08-20 19:37:00,2018-08-27 17:32:14,2018-08-31 00:00:00
fb8b96cba85572e4fbdaedd04f44fdb6,ec5b500159fbf4029de1759b1cf1e0b0,delivered,2017-07-22 10:23:10,2017-07-22 10:35:11,2017-07-24 19:17:43,2017-07-26 17:49:30,2017-09-01 00:00:00
a8eab0b579c3288c60cd6f4933c48626,fbaaeb1f5b3f3cc5c226cb5b95d18584,delivered,2017-12-03 16:52:02,2017-12-03 16:59:29,2017-12-06 22:22:18,2017-12-11 17:49:22,2017-12-28 00:00:00
fef34b6fb683748342c85724a3fddfd3,f6365c594e14b2f842241a4845631c38,delivered,2018-08-01 13:19:12,2018-08-02 05:30:57,2018-08-03 12:20:00,2018-08-09 21:21:58,2018-08-16 00:00:00
e51859ab3a4df4a9dd8d6f60a060148b,1d84ab68816537ec824426841b34e696,delivered,2017-10-01 13:57:15,2017-10-01 14:14:17,2017-10-02 20:57:32,2017-10-04 22:08:07,2017-10-18 00:00:00
0e7ad202878ea453373e3ef15835ea33,8422c35d03577f94c15a4eed5504e09b,delivered,2018-03-05 08:58:05,2018-03-05 09:10:26,2018-03-06 20:14:01,2018-03-16 16:18:43,2018-03-28 00:00:00
ccfc23e8a089afcb9b3e98ad1eadb5fc,7517dfb47f94b65d6cfd8b50ee0eaaa4,delivered,2017-09-04 22:55:23,2017-09-04 23:10:09,2017-09-06 22:12:50,2017-09-18 18:43:01,2017-09-27 00:00:00
da199a7491e600f839b6a5f580902cd9,b8a5c16528757594028cc97c84dae4c8,delivered,2018-05-21 11:54:32,2018-05-21 15:31:58,2018-05-22 07:58:00,2018-05-24 15:28:35,2018-06-04 00:00:00
345de0cb4a0a058abaa652096fd1f89e,faae7c482c489250578077e52576b3e9,delivered,2017-06-29 16:24:53,2017-06-29 16:35:45,2017-07-04 14:03:00,2017-07-13 18:59:56,2017-07-25 00:00:00
57a82f32fdb1ce036662861d8dbb6a6b,58583807f8901eeed0810e81d58428fa,canceled,2017-11-20 21:36:39,2017-11-20 21:47:03,,,2017-12-01 00:00:00
34be06fa6e60f24cfb03b4b2303d9861,bd5a53ce0ab1105a8f94409062806014,delivered,2018-03-09 16:38:46,2018-03-09 16:50:54,2018-03-12 18:18:32,2018-03-15 21:44:52,2018-03-21 00:00:00
7c9cc21a1d8d2008364a92d9f0873b66,0fe659cea15a1e88642bb0723ac69e20,delivered,2018-02-07 12:29:42,2018-02-07 12:49:47,2018-02-09 19:48:02,2018-02-22 21:29:05,2018-03-12 00:00:00
14861b02076ed7da9471988265a0104b,06e107f212576eccb2e2adc7781c9705,delivered,2018-07-12 00:03:11,2018-07-12 00:15:15,2018-07-12 14:03:00,2018-07-13 16:48:34,2018-07-26 00:00:00
d2292ff2201e74c5db154d1b7ae68cbb,53a400fdb22676639e4cbf33197e2a6e,delivered,2016-10-04 16:05:29,2016-10-06 15:59:12,2016-10-21 14:23:38,2016-11-03 10:08:51,2016-11-24 00:00:00
f8b9e2dd99eccea8ac036c6a02afafa0,49a4a6ad871b869b17d18093427d5fb6,delivered,2018-07-22 23:03:17,2018-07-23 12:31:41,2018-07-26 09:42:00,2018-08-02 18:10:53,2018-08-10 00:00:00
d185b3d0bd26a99d5c96601c1fcd2fc7,10af370476c83fd83030e8c170e52466,delivered,2017-10-18 10:14:50,2017-10-18 10:36:24,2017-10-20 16:07:58,2017-10-23 15:43:13,2017-10-30 00:00:00
ae84411ef203ed6a3cdc4e239536b958,b435b489e4d9921ea0ac305e4e9ae452,delivered,2017-09-21 11:48:14,2017-09-21 12:06:52,2017-09-22 18:07:08,2017-09-29 19:18:50,2017-10-16 00:00:00
029de66f2ffa0e793ca2aad5e304a748,af36102025fd8041e660558de504dade,delivered,2018-03-04 17:04:40,2018-03-06 03:35:31,2018-03-08 21:16:26,2018-03-20 11:56:53,2018-03-27 00:00:00
f8b6d271cb2c002baa7fd9d98d258577,2cd756bc2589c1bccff1bd60a783f05b,delivered,2017-12-18 14:29:33,2017-12-18 16:31:58,2017-12-22 22:44:36,2017-12-28 16:23:31,2018-01-11 00:00:00
f4501c0e013275ff49c4a0c3d16c50ee,377f47be1e40177751881844802d210e,delivered,2017-03-23 00:48:00,2017-03-25 02:11:05,2017-04-08 03:26:49,2017-05-05 17:05:10,2017-04-27 00:00:00
55239e09e4cd4de5e2e69452283e9b36,b3e091c31147aa119a2679a245a4fd9f,delivered,2017-07-22 10:44:10,2017-07-22 10:55:08,2017-08-09 20:50:10,2017-08-09 20:50:10,2017-08-17 00:00:00
c6522dab7d6b83ada4140b653c4db0b5,0792343f0465acf2c7aee7e4fce852d8,delivered,2017-01-30 16:07:38,2017-01-30 17:31:22,2017-02-01 13:57:48,2017-02-16 12:35:23,2017-03-07 00:00:00
f205c6826655efc71379acaa53d3b83b,25033515ca54549ab33a66e549c6f2de,processing,2017-09-29 00:54:27,2017-09-29 01:07:07,,,2017-11-10 00:00:00
2de6a60c0b5386778d202e28d688553c,2177339c6c7841dd2233b686a3566bcc,delivered,2017-05-12 10:24:16,2017-05-12 10:35:17,2017-05-12 11:14:43,2017-05-16 16:53:38,2017-06-01 00:00:00
0656252be8b31ab4b264a730f9e600cb,a553a10c8f858e664fe7cb71db0697a4,delivered,2018-03-07 14:11:18,2018-03-07 14:29:49,2018-03-20 16:50:18,2018-03-22 19:13:41,2018-04-04 00:00:00
92a327e7271313540958cf048ff5c2cd,d0c71544b9d999fd56911fbce19fb35b,delivered,2018-06-14 15:23:38,2018-06-14 15:38:52,2018-06-14 15:41:00,2018-06-18 20:48:48,2018-06-29 00:00:00
fd35f76586d33671031d89dc11030a4f,1a1c743fedba1e6a56838f343048daf9,delivered,2017-08-26 00:54:09,2017-08-26 01:05:12,2017-08-29 19:12:53,2017-09-15 22:07:20,2017-10-20 00:00:00
ff1a118ab3b997d4c3f8ffad8e6734b8,2e784ffd9a6730c4637b4d1f088f9172,delivered,2017-06-15 09:34:03,2017-06-15 09:45:16,2017-06-16 14:09:41,2017-07-05 14:17:46,2017-07-10 00:00:00
24bff6c6e26ab1c7ba6bafb8f08773b1,62f7e224a1edaff2bca054bf5f6d0ddb,delivered,2017-12-20 17:40:00,2017-12-20 17:52:26,2017-12-21 22:51:37,2017-12-28 19:13:43,2018-01-15 00:00:00
1cf13598b7e6449603960c24184dee24,5a530074a06a772c8a9a6bb90151f04d,delivered,2017-07-26 09:44:12,2017-07-26 10:50:11,2017-07-26 19:47:51,2017-08-04 19:33:04,2017-08-29 00:00:00
839c39b7b79ea017a465dd95ba970a42,911d90f1add50839cfbdb9eedc2177e4,delivered,2017-03-20 14:37:32,2017-03-20 14:37:32,2017-03-21 09:36:57,2017-03-27 14:04:17,2017-04-12 00:00:00
fa2e103e8d7fa0d07f04bd9fafb74d75,b47393771b85e7fe166f11a17423e4a1,delivered,2017-06-16 17:19:31,2017-06-16 17:35:23,2017-06-19 20:23:26,2017-06-27 14:23:32,2017-07-10 00:00:00
d2ee62caaa93703fb0562d3bd6f74dcd,38247382c098741cabd562674561e72f,delivered,2018-04-17 16:34:47,2018-04-17 16:52:13,2018-04-20 19:48:32,2018-04-30 23:02:06,2018-05-17 00:00:00
aae1b0d4a875d809965f0ea19c86ff95,7fb06cf41183d4ff1eca879247681b56,delivered,2018-07-30 11:11:27,2018-07-30 11:44:30,2018-07-31 11:38:00,2018-08-01 15:38:39,2018-08-03 00:00:00
ba637aace31b817e0f186405ae78ccca,f8e504ca6e18fe0afcf86d5b30817489,delivered,2018-03-27 14:32:43,2018-03-27 14:48:00,2018-03-28 18:24:56,2018-04-09 12:38:20,2018-04-13 00:00:00
8acc22f310ec4d7164182c209ad650b3,2cc0514f5b758396c8e4f946aee21dca,delivered,2018-02-20 19:31:45,2018-02-20 19:47:45,2018-02-22 00:45:39,2018-03-12 15:04:39,2018-03-15 00:00:00
978ffd045ad7d5a208393ca5bae978a6,7d612ccc0b2f698ac19966fff0b767db,delivered,2018-03-23 17:04:27,2018-03-24 17:07:59,2018-03-26 23:03:57,2018-04-04 22:16:28,2018-04-11 00:00:00
4154bf1348caac78152fe76e3e9c4af8,90ce0548c953a250526eac9fbc2c2951,delivered,2018-08-23 20:34:07,2018-08-23 20:55:32,2018-08-27 13:41:00,2018-08-30 16:43:34,2018-08-31 00:00:00
cbb8697212a65198772c9406834180f8,c2b7ffaec7595810b1c1f71e75081c39,delivered,2017-12-12 17:52:38,2017-12-12 18:10:52,2017-12-13 21:45:48,2017-12-28 15:53:05,2018-01-12 00:00:00
bde06a769a934fd5e54ef3a8019a4e72,04eec7a0a61d36a9fc40fbce299ea2a0,delivered,2017-12-18 16:45:55,2017-12-18 17:51:12,2018-01-05 17:59:50,2018-02-21 00:21:44,2018-01-26 00:00:00
b084a8f61aa45461c76604d752a993f8,3f9b89f44fa0f0a8a673166eb3854789,delivered,2017-05-10 20:32:02,2017-05-12 02:50:16,2017-05-12 11:21:45,2017-05-25 09:00:08,2017-05-30 00:00:00
8e213471c11bcad28837b1442a6f041a,61d08c372ebb31964180a47ac8159b52,delivered,2018-06-11 15:46:48,2018-06-12 05:16:27,2018-06-12 13:09:00,2018-06-14 13:38:51,2018-06-28 00:00:00
ae84411ef203ed6a3cdc4e239536b958,b435b489e4d9921ea0ac305e4e9ae452,delivered,2017-09-21 11:48:14,2017-09-21 12:06:52,2017-09-22 18:07:08,2017-09-29 19:18:50,2017-10-16 00:00:00
d3b1c54aad50f3222af70ad725e9c481,cb0c81b581cd0cfdff0e7ebfdb068738,delivered,2017-08-01 14:11:57,2017-08-01 14:30:12,2017-08-02 15:37:09,2017-08-08 19:04:52,2017-08-23 00:00:00
772b70d3a8f138f49a2d39a138dd7e76,b8cf89e77c8da2d4b77195a00de40ce7,delivered,2017-05-06 15:43:19,2017-05-06 15:55:19,2017-05-09 10:16:47,2017-05-15 08:45:45,2017-06-12 00:00:00
0a95a336d341691ae0e6359713af3cd3,2f533dfc8d858dc1947251e5d0d8b157,delivered,2018-01-27 15:05:15,2018-01-27 15:17:23,2018-01-30 02:05:26,2018-02-05 15:33:20,2018-02-23 00:00:00
b2127a179063646c6e1e80f4617156fd,c007979976672f82a106285c9426d7c0,delivered,2018-01-11 17:49:13,2018-01-11 18:20:37,2018-01-17 22:23:28,2018-01-24 01:32:45,2018-02-09 00:00:00
2de6a60c0b5386778d202e28d688553c,2177339c6c7841dd2233b686a3566bcc,delivered,2017-05-12 10:24:16,2017-05-12 10:35:17,2017-05-12 11:14:43,2017-05-16 16:53:38,2017-06-01 00:00:00
d9a40c62c40151c4710705c2b92b4a50,deb19dc4202f498d4189969a9cc38a27,delivered,2017-07-07 10:00:20,2017-07-08 07:05:10,2017-07-18 15:23:45,2017-08-05 01:12:02,2017-08-10 00:00:00
8526a9a3883c882acce72e212f5b2d17,12943cd75dff4407f19eaf7b7dd80d20,delivered,2018-06-16 17:08:36,2018-06-16 17:18:11,2018-06-18 15:03:00,2018-06-21 23:06:40,2018-07-26 00:00:00
38934582b8eedc324fe26767c76fb63f,c441fa2338335316a37f3d372ae24a3c,delivered,2018-07-18 13:50:09,2018-07-18 14:02:23,2018-07-24 14:09:00,2018-07-26 20:48:46,2018-07-30 00:00:00
3e93213bb8fdda91186b4018b2fe0030,353e6a256f90a009d3e801b655f33b98,delivered,2018-07-17 23:49:21,2018-07-18 00:05:19,2018-07-27 11:54:00,2018-08-07 00:02:47,2018-08-09 00:00:00
53b788f7cb182a99dbcf654bbdf21933,350285f2b060dd3b8df76551d0c113a4,delivered,2018-07-08 10:48:22,2018-07-08 11:05:26,2018-07-10 15:13:00,2018-07-31 02:04:14,2018-07-27 00:00:00
2b9fcc0b86e42aaa05818596c7d9299a,95ac0014a9d1cd441615173651fa0a1d,delivered,2017-11-16 17:00:37,2017-11-18 02:49:04,2017-11-21 22:35:43,2017-12-01 21:29:33,2017-12-18 00:00:00
7f9e3a613e4d2212870577798bc8965a,543000d24bdcd4410f2e0c13b7a0b4f7,delivered,2018-04-02 22:03:20,2018-04-02 22:35:31,2018-04-05 21:41:55,2018-04-16 20:03:13,2018-05-03 00:00:00
5b8e4e84a2e2822c4a1e704ef4b20f92,b955b2fb6c219be7ae9be4de79f310fc,delivered,2018-06-06 10:57:16,2018-06-06 20:34:24,2018-06-07 09:03:00,2018-06-11 15:03:10,2018-07-13 00:00:00
8b0128d6fee114eb818400897a13c6e7,f1c5f4863531050ba9cb6fbad56f9929,delivered,2017-07-30 14:53:43,2017-07-30 15:05:17,2017-08-01 21:32:49,2017-08-03 20:59:40,2017-08-11 00:00:00
bfc2b97037cfb3d63579f4a3f877a912,e1e09210e58d30df8e147c5a53eeaaf0,delivered,2018-04-20 08:09:59,2018-04-20 08:32:37,2018-05-02 15:03:00,2018-05-03 19:36:50,2018-05-04 00:00:00
d338e94a703f4d7af1612be068a85bb6,f8d047b3dd09b4c6f4e873d925f56c4b,delivered,2018-08-10 15:06:18,2018-08-10 15:24:36,2018-08-13 14:55:00,2018-08-14 19:58:47,2018-08-22 00:00:00
8b50d4c9560cac1625c6fd9f536fc780,7372fb39ddd5b2bcfb9466a66fa69dd3,delivered,2018-04-24 21:34:35,2018-04-25 21:30:24,2018-04-26 07:17:00,2018-05-03 17:12:37,2018-05-22 00:00:00
0084209c576daad6ff4534902fcb4892,7bfe2d37d3643c4bd9fe6fd5c4228d0e,delivered,2017-07-05 13:14:26,2017-07-05 17:41:17,2017-07-06 15:29:25,2017-07-18 12:34:02,2017-07-27 00:00:00
865e82f5110c9e32b37dc8909994c6da,6d3c3278aac44c028da7a4cade667b41,delivered,2018-02-11 12:01:01,2018-02-14 17:08:16,2018-02-16 21:13:02,2018-02-26 10:29:01,2018-03-07 00:00:00
c1e31d7c0b816af8539eaeee20379889,bf4786deca0a046ee35f4ce5c1514c89,shipped,2018-05-24 13:19:53,2018-05-25 18:58:30,2018-05-29 12:09:00,,2018-06-26 00:00:00
190f1efcb8b7f7fdcf6690c0c3e78c39,0975b736f07ef1af2adb4e91cba4a035,delivered,2017-12-23 22:51:50,2017-12-23 23:08:39,2017-12-26 18:52:27,2018-01-11 22:34:10,2018-02-06 00:00:00
2124d1e1d8114cf8b7637b46d40ce9c2,3f56c3e805e0659f2691c78f4997c86c,delivered,2017-10-15 15:27:23,2017-10-15 15:49:08,2017-10-18 21:47:45,2017-10-19 21:47:41,2017-11-06 00:00:00
92a327e7271313540958cf048ff5c2cd,d0c71544b9d999fd56911fbce19fb35b,delivered,2018-06-14 15:23:38,2018-06-14 15:38:52,2018-06-14 15:41:00,2018-06-18 20:48:48,2018-06-29 00:00:00
37754393d4f73d9ef01dc61d6bac379b,21df56ff1891fd112991f116c74b68ba,delivered,2018-07-16 16:12:59,2018-07-16 16:25:19,2018-07-18 12:38:00,2018-07-24 16:46:35,2018-08-06 00:00:00
d6ae7c61d30bf46350c4c3a7c6627f26,e11ea1af27379694ad1f1fcd1b16ee6c,processing,2018-01-03 11:20:29,2018-01-03 11:28:27,,,2018-02-01 00:00:00
3e93213bb8fdda91186b4018b2fe0030,353e6a256f90a009d3e801b655f33b98,delivered,2018-07-17 23:49:21,2018-07-18 00:05:19,2018-07-27 11:54:00,2018-08-07 00:02:47,2018-08-09 00:00:00
9950e10864fad6c02ade4829884ebd39,ceb4667fc3851809ade8a13953032538,delivered,2017-11-25 00:50:58,2017-11-25 03:17:23,2017-11-30 00:02:58,2017-12-12 18:52:52,2017-12-18 00:00:00
a476749332fa1502701657ec467468fb,c1f0fe3bb2fc6c29afff6b671b1b27c0,delivered,2017-06-14 13:29:02,2017-06-15 02:50:23,2017-06-16 14:09:35,2017-06-26 15:10:02,2017-07-07 00:00:00
32fdcc586467aa637465758e27c36f6c,f9db12713a1ee58b8ecbfef4943a95d6,delivered,2017-08-13 14:22:44,2017-08-15 03:50:21,2017-08-16 17:04:38,2017-08-29 18:05:18,2017-09-11 00:00:00
31cee66926e60ce4e5af0e4b9e2886d7,235e370b48423c2e8fed39564743df8f,delivered,2017-12-02 08:50:05,2017-12-02 09:09:17,2017-12-04 20:10:22,2017-12-11 20:18:58,2017-12-29 00:00:00
25f881c06011a27d879e9f15328a57e0,633586e0e4e3686ee988c54b28e1f4bf,delivered,2018-03-15 15:45:18,2018-03-15 15:55:25,2018-03-16 18:44:26,2018-03-27 20:08:50,2018-04-17 00:00:00
6ee77fd090a49ec9c4e15bd1a94e100e,d24a0f00aa18133811d0aa666da75ff6,delivered,2017-03-23 17:44:48,2017-03-25 02:15:36,2017-04-07 15:15:50,2017-04-12 12:39:05,2017-04-26 00:00:00
9a2b443dc8e6673e4fc330b3ea033569,20c93357daf05d1c3a092be59aea2c2b,delivered,2018-04-13 10:09:10,2018-04-17 05:50:06,2018-04-17 16:54:45,2018-04-23 23:22:07,2018-05-08 00:00:00
23c9d37f66d443b16767321d11d70821,c0c87406b399231a6da7f06fa1a14c8d,delivered,2018-01-16 16:45:04,2018-01-18 02:12:50,2018-01-20 00:14:42,2018-01-29 21:08:52,2018-02-06 00:00:00
48b4f1f96d5ae13b404fe7d041a8d393,77151da438a727054ce6430fd175793a,delivered,2018-08-09 13:41:59,2018-08-09 14:35:22,2018-08-09 13:57:00,2018-08-24 16:44:28,2018-09-26 00:00:00
a69cfdf2a1c59f8ff05718f69d021e81,a4a6227ac25717d6495f0ac16be85017,delivered,2018-07-19 11:29:25,2018-07-19 11:42:55,2018-07-20 13:41:00,2018-07-26 17:58:43,2018-08-06 00:00:00
3e99c48e3a2093f5d222df8f00b5a6f1,8aff0cb3e073d9508eb9b614cc02f42f,delivered,2018-01-20 15:37:45,2018-01-20 16:00:27,2018-01-23 18:35:38,2018-01-24 23:52:44,2018-02-06 00:00:00
a6b961bbc6456602f652d926ee9ccd0a,925ec3754a8d9564f2c424924db3a937,delivered,2017-11-08 08:27:31,2017-11-08 08:46:14,2017-11-13 16:21:12,2017-11-16 16:09:44,2017-11-29 00:00:00
1726692d7d3bf55b3bf72214ed9e6f7e,693d02fe5397d7acda742a75d955610e,delivered,2017-02-04 13:00:52,2017-02-04 13:15:12,2017-02-06 14:17:36,2017-02-08 14:05:10,2017-03-01 00:00:00
665a012cd7368e5609ab518539d91adf,8d2502669799c13d5a67d873981ac627,delivered,2018-05-09 01:46:14,2018-05-10 02:35:13,2018-05-11 15:23:00,2018-05-15 18:07:55,2018-05-21 00:00:00
0149c597dcc0963d7315f904495b631c,a9bb000979210a35541c29601f2dc03e,delivered,2018-04-26 00:35:14,2018-04-26 03:15:13,2018-04-26 12:55:00,2018-04-30 16:36:50,2018-05-11 00:00:00
a1ac1b3f6c83ff04fe882ec7f8bf8a1f,62f6fda250fc0df6e11095f86f4316bc,delivered,2017-03-31 13:32:04,2017-03-31 13:42:18,2017-04-04 08:32:13,2017-04-10 13:40:00,2017-04-20 00:00:00
bd5d52497dd09bba18a9c06890c2e2c5,b81903860cd300ddda44b87124a88002,delivered,2017-08-06 22:26:37,2017-08-06 23:20:09,2017-08-08 19:11:59,2017-09-05 22:07:08,2017-09-06 00:00:00
0d694d4d413750922e42f63577896916,9b87b9bb4f1b6cd001096294c21970c8,delivered,2017-11-24 23:20:02,2017-11-25 02:16:32,2017-11-28 21:59:58,2017-12-30 00:06:59,2017-12-20 00:00:00
80128feb8f15a7ebaa8371aa0a718604,35026c49c3db4516456765fc5df0bcff,delivered,2018-02-14 17:52:02,2018-02-16 07:55:44,2018-02-16 20:59:14,2018-02-26 18:22:25,2018-03-07 00:00:00
c4d7d5a8e5e6c168142085d231c65b79,64a7d42cdb49cee6490de85c12d56403,delivered,2017-12-06 13:56:13,2017-12-06 14:12:30,2017-12-07 00:22:16,2017-12-07 22:10:47,2017-12-26 00:00:00
7683e28d403c6a04e30902e9e415eec8,856d198a0f044d71737a4f922b50b0f8,delivered,2018-05-04 15:38:57,2018-05-04 15:55:22,2018-05-08 15:46:00,2018-05-14 15:54:50,2018-06-04 00:00:00
ade0863d75391c3ca83985f0b3c681e9,7606a0ab620848954d04ab711d463100,delivered,2017-10-09 08:07:47,2017-10-10 03:27:10,2017-10-11 12:53:33,2017-10-19 19:18:47,2017-11-06 00:00:00
a380e6e7800d5e6d6fb008fe587e4202,0adafec56047601ede5352ba02a5c5bf,delivered,2017-02-22 16:30:40,2017-02-23 16:42:49,2017-03-21 11:08:55,2017-03-23 12:51:35,2017-03-21 00:00:00
220d88b24d65edc8d4b8d9eaa5ec0796,09ad9d1167eae6f24c762b46f6470aec,delivered,2017-08-07 11:41:03,2017-08-07 11:50:10,2017-08-08 19:04:50,2017-08-14 17:10:11,2017-08-29 00:00:00
2124d1e1d8114cf8b7637b46d40ce9c2,3f56c3e805e0659f2691c78f4997c86c,delivered,2017-10-15 15:27:23,2017-10-15 15:49:08,2017-10-18 21:47:45,2017-10-19 21:47:41,2017-11-06 00:00:00
71f9826cc06707008c91a2192b11728e,ac5872796a8e17fa078a88cabc2e4578,delivered,2018-05-01 14:14:10,2018-05-01 14:34:14,2018-05-03 19:04:00,2018-05-04 16:09:05,2018-05-21 00:00:00
db145d39d51668d2934a47dbae8e5e66,8bcd806bfdc8aec049be3a61872fb021,delivered,2018-03-19 14:29:39,2018-03-20 03:48:59,2018-03-20 21:22:07,2018-04-11 12:36:42,2018-04-12 00:00:00
4e075adf6d3b9cb5ae61093b5e61a14a,d392810b0b45525cc8e79ba4b2286e69,delivered,2017-10-12 14:07:33,2017-10-12 14:26:21,2017-10-16 15:23:43,2017-10-17 21:52:35,2017-10-25 00:00:00
13e22fa9743822ef30f7e3bdcfff69ee,5771758fad047028c6b772fe0adffced,delivered,2018-07-22 14:04:41,2018-07-24 11:31:40,2018-07-25 12:57:00,2018-07-28 16:39:30,2018-07-31 00:00:00
b5c4db08aa2596516e8e23acee055374,c3ab592349e6996a4568be61ce122ed7,delivered,2018-08-18 15:46:23,2018-08-18 16:09:45,2018-08-20 14:28:00,2018-08-30 13:46:33,2018-09-24 00:00:00
972de859f5e4986651981a283159a3b0,c9dbab4b73e48bd978bb5a5114ee6e3c,delivered,2018-01-09 11:53:29,2018-01-09 12:09:17,2018-01-09 19:27:12,2018-01-19 23:47:22,2018-02-07 00:00:00
f8b6d271cb2c002baa7fd9d98d258577,2cd756bc2589c1bccff1bd60a783f05b,delivered,2017-12-18 14:29:33,2017-12-18 16:31:58,2017-12-22 22:44:36,2017-12-28 16:23:31,2018-01-11 00:00:00
c0c1dd37a8e883f0250adaa36b474263,a85fcfe5a8e1ae143d339a18516ad663,delivered,2018-06-05 16:13:10,2018-06-05 17:15:21,2018-06-06 08:23:00,2018-06-18 23:44:59,2018-07-19 00:00:00
92a327e7271313540958cf048ff5c2cd,d0c71544b9d999fd56911fbce19fb35b,delivered,2018-06-14 15:23:38,2018-06-14 15:38:52,2018-06-14 15:41:00,2018-06-18 20:48:48,2018-06-29 00:00:00
0656252be8b31ab4b264a730f9e600cb,a553a10c8f858e664fe7cb71db0697a4,delivered,2018-03-07 14:11:18,2018-03-07 14:29:49,2018-03-20 16:50:18,2018-03-22 19:13:41,2018-04-04 00:00:00
75d3527e66e8fc1d5f941e849c0de41f,58ffeb6d4f1b69883968cd8c383eaa0f,delivered,2018-01-20 19:20:06,2018-01-20 19:40:02,2018-01-22 23:38:40,2018-01-23 20:26:42,2018-02-06 00:00:00
0f1a1c17b6ff23cc7274179c76e2af82,66af0dad10050ee5122fc1b0de8b0e3c,delivered,2018-02-08 20:37:19,2018-02-08 20:50:30,2018-02-09 20:57:53,2018-02-15 02:58:26,2018-02-22 00:00:00
5480f040b65927b72574473cce844a76,3ae0ee80becb5e9de195f3cdd8487ebb,delivered,2017-08-30 17:53:35,2017-08-30 18:07:47,2017-08-31 19:32:28,2017-09-11 20:29:52,2017-09-21 00:00:00
f18c6aa6a5d583e8ec36beaabb81d9a0,fa7ec8b2b45b5b6517357a5c5e82740d,delivered,2017-03-17 11:37:13,2017-03-17 11:37:13,2017-03-23 08:03:28,2017-04-03 09:34:26,2017-04-18 00:00:00
649caa9b6696d9b2bca095239ecaa00f,ff7d7815195c6869f62b1066a1032773,delivered,2018-01-29 16:51:03,2018-01-29 17:17:52,2018-01-30 18:33:20,2018-02-04 11:02:36,2018-02-26 00:00:00
4d8f7c7261c4de9e113b8d390125fdcb,e5fbe24aa488ae15c28edef16efd1a4c,delivered,2017-02-26 14:14:18,2017-03-02 03:42:05,2017-03-03 17:00:30,2017-03-09 04:57:50,2017-03-20 00:00:00
482da3676133323daf4d73c1125ed257,1dfdb42bfd4f2398238591ee6237c348,delivered,2017-07-08 03:17:37,2017-07-08 03:35:25,2017-07-11 17:04:38,2017-07-20 21:03:14,2017-08-04 00:00:00
bf2e7a6b9cf62bcc5d4276e1fa90f9bc,e63a81aeb874228ba9b2eaab33d9fbc3,delivered,2017-08-18 13:01:45,2017-08-18 13:15:25,2017-08-22 18:09:20,2017-09-01 18:53:07,2017-09-12 00:00:00
fa1ef91c1e8b0e6058d8d16cfe230ff4,5aea25930a6a9c51f4df7dc5c90dbeea,delivered,2017-07-24 18:27:13,2017-07-24 18:35:23,2017-07-26 00:55:48,2017-08-02 20:41:46,2017-08-15 00:00:00
2519026edcd7320570b0aa09727ed70f,f94425245e3774567effcd6ee149f770,delivered,2018-01-17 08:56:52,2018-01-18 02:13:06,2018-01-19 01:09:32,2018-01-26 22:53:02,2018-02-09 00:00:00
4fd4634c3c8d7f2b7788e9c3902565ab,8ba5ebeb32e198115c4c1d5f14b17ee1,delivered,2017-03-31 17:41:14,2017-03-31 17:55:11,2017-04-03 16:34:10,2017-04-05 15:56:37,2017-04-20 00:00:00
c374e19bcd2d8e8ea40c216011e8b254,8c20aad00d2f654343fc7d190048235b,delivered,2017-11-30 08:58:59,2017-11-30 09:08:31,2017-12-04 21:54:38,2017-12-05 12:45:01,2017-12-19 00:00:00
5daf14428a3c29d9dd22f97b7d5b3230,1809b56e12fc169272b817677c509ddf,delivered,2018-01-21 20:33:38,2018-01-22 13:58:45,2018-01-23 21:04:13,2018-03-09 18:12:49,2018-02-22 00:00:00
2de6a60c0b5386778d202e28d688553c,2177339c6c7841dd2233b686a3566bcc,delivered,2017-05-12 10:24:16,2017-05-12 10:35:17,2017-05-12 11:14:43,2017-05-16 16:53:38,2017-06-01 00:00:00
b74a684e587b26938063adffbe35f41d,863aaf463c23aafb865f575f0e58432a,delivered,2018-07-01 22:31:33,2018-07-01 22:49:58,2018-07-03 12:07:00,2018-07-11 16:29:45,2018-08-01 00:00:00
fab2aac6ff265cb5b66ffec77b3fd882,7712425a53e890f6ffcfd785aaf73f2d,delivered,2018-05-12 11:05:06,2018-05-12 11:15:10,2018-05-14 13:53:00,2018-06-04 22:25:25,2018-06-12 00:00:00
f4501c0e013275ff49c4a0c3d16c50ee,377f47be1e40177751881844802d210e,delivered,2017-03-23 00:48:00,2017-03-25 02:11:05,2017-04-08 03:26:49,2017-05-05 17:05:10,2017-04-27 00:00:00
5f674c43ef69fe052df34f1519f7bc12,62c4b72afa074a0214ebbca36c89cbcf,delivered,2017-10-25 18:57:29,2017-10-25 19:07:39,2017-11-06 21:25:31,2017-11-08 21:33:01,2017-11-13 00:00:00
d247ca22fce9ccacbc4adb556e4083f7,0a4ed5474727fc500c7ceced05c84129,delivered,2017-11-13 23:36:32,2017-11-13 23:46:40,2017-11-30 22:56:46,2017-12-10 10:41:44,2017-12-01 00:00:00
5c0f36da2753c3794d51c7be947e5843,7fc1aee92f41c50a308472ea5053eb53,delivered,2018-01-16 15:54:37,2018-01-17 03:38:52,2018-01-17 21:21:13,2018-01-26 16:33:04,2018-02-20 00:00:00
ea12bd9ee4b9a167ce287004482769e1,787b46588e96b01ea8bb3a4bfbccd352,delivered,2017-10-26 20:30:28,2017-10-26 20:46:38,2017-10-27 19:05:34,2017-10-31 20:22:51,2017-11-14 00:00:00
aec6c9f96db18be9eaa8730d376a916d,b35b9f5d340006ae908ea31e7439c9e6,delivered,2017-07-15 15:51:19,2017-07-15 16:05:21,2017-07-17 16:23:55,2017-07-24 23:37:32,2017-08-08 00:00:00
936ed73e77adab4aaaf271bddfef8f09,e412a786e2d386eb745399143012e65e,delivered,2018-03-23 07:45:01,2018-03-23 07:55:31,2018-03-28 18:57:23,2018-03-29 20:22:10,2018-04-05 00:00:00
2de6a60c0b5386778d202e28d688553c,2177339c6c7841dd2233b686a3566bcc,delivered,2017-05-12 10:24:16,2017-05-12 10:35:17,2017-05-12 11:14:43,2017-05-16 16:53:38,2017-06-01 00:00:00
b79c572e995becc5a19efc2e211b5742,2da80b9d24204c38f09c8bfdb0e3b0b6,delivered,2018-04-24 10:27:53,2018-04-24 18:27:56,2018-04-25 14:42:00,2018-04-30 18:02:58,2018-05-21 00:00:00
1118f05e23d1a8082fa47f8a377de658,8292e9df852ab7fce9e1bafc08870878,canceled,2018-08-07 15:05:23,2018-08-07 15:15:29,,,2018-08-13 00:00:00
99fe1f54d97630a40c549779ea00e8c9,fa124303523931c3e5f132f33e9110fe,delivered,2017-05-16 21:30:59,2017-05-16 21:45:16,2017-05-22 13:25:37,2017-05-31 08:18:34,2017-06-08 00:00:00
765d8e5f6a9d496c895d21bb271ff1e8,2fcf5298199fdff944d4036d8a7b9ee5,delivered,2017-08-23 11:48:44,2017-08-23 12:06:08,2017-08-25 12:14:45,2017-09-05 14:24:52,2017-09-21 00:00:00
4ee7221f81fc4aa1e0324dac310f87b6,efacbeaf5e411d722010d0b8a4ba859a,delivered,2017-09-25 19:54:39,2017-09-25 20:07:14,2017-09-26 20:57:40,2017-09-29 21:14:08,2017-10-20 00:00:00
72074174b87a13299e5d0aad2dae6137,5f7a3e7c661e0861b20e2580bb51ca20,delivered,2018-08-16 17:40:16,2018-08-16 17:50:16,2018-08-17 13:09:00,2018-08-21 21:11:27,2018-08-28 00:00:00
5dea57306e01caa42ad0b07b85042953,0b3a3c105d2d5b981fcf34c111fb18a4,delivered,2018-07-16 01:31:13,2018-07-16 01:47:22,2018-07-26 11:05:00,2018-08-02 19:42:02,2018-08-14 00:00:00
37e5725572d3cbd7aad103b730f9232a,3dd789d5301761182d28eb73ce1558ed,delivered,2018-08-20 09:18:49,2018-08-20 14:53:41,2018-08-28 16:13:00,2018-08-29 22:58:53,2018-08-27 00:00:00
0084209c576daad6ff4534902fcb4892,7bfe2d37d3643c4bd9fe6fd5c4228d0e,delivered,2017-07-05 13:14:26,2017-07-05 17:41:17,2017-07-06 15:29:25,2017-07-18 12:34:02,2017-07-27 00:00:00
24dbd92c00bc26dd90a7bbd90f070517,16c196b91e10e2022aadf70716c6049b,delivered,2017-09-14 17:36:28,2017-09-16 02:50:23,2017-09-19 20:20:06,2017-10-13 21:17:43,2017-10-11 00:00:00
c6b85930220a1a577a8a8352c7dba78f,715d679d44d3aee77a9592f6fd8c26f9,delivered,2017-11-17 15:28:17,2017-11-17 15:47:45,2017-11-22 14:41:42,2017-12-08 05:48:39,2017-12-27 00:00:00
6e150190fbe04c642a9cf0b80d83ee16,135a42a465867ff932f1222f71a3efb2,delivered,2017-06-24 16:33:35,2017-06-24 16:45:14,2017-06-29 16:08:40,2017-07-07 18:35:52,2017-07-31 00:00:00
95a7461400781a93765157b8f5fa2b6a,3887ca56ecb04770a526eeb6898db6b9,delivered,2017-02-22 17:50:33,2017-02-24 02:42:28,2017-02-24 15:27:52,2017-03-09 05:26:33,2017-03-27 00:00:00
38303e0a3dce8b2bce37ca13b1c3f9ac,27e329ac3afac4f3dffd7d119e679c8b,delivered,2018-05-13 23:54:31,2018-05-15 03:56:03,2018-05-21 16:27:00,2018-05-22 18:52:03,2018-05-25 00:00:00
b8b632a58abdbcc69a744281a630ecd8,87109c0a75a724d931893a7a0ec90d06,delivered,2018-05-05 09:51:37,2018-05-08 03:52:36,2018-05-08 16:11:00,2018-05-11 20:44:31,2018-05-23 00:00:00
63be17dc5497f1941b4d15f7be530387,884a2e9a1b0c6fd2d9011ee7b4cbf21a,delivered,2018-02-17 16:39:55,2018-02-18 16:35:23,2018-02-19 19:57:02,2018-04-10 21:51:39,2018-03-21 00:00:00
76316d08dd15e53a577758b8f09059f0,9f0868f67243497c168be0190ed7a1d7,delivered,2018-02-11 17:52:48,2018-02-11 18:08:22,2018-02-14 17:53:51,2018-02-15 16:32:38,2018-02-26 00:00:00
c6b85930220a1a577a8a8352c7dba78f,715d679d44d3aee77a9592f6fd8c26f9,delivered,2017-11-17 15:28:17,2017-11-17 15:47:45,2017-11-22 14:41:42,2017-12-08 05:48:39,2017-12-27 00:00:00
e2ae0065226927a2f9a53f2f05b12c72,17e8bd2e948117e1412cada1efec067a,delivered,2018-07-02 20:31:39,2018-07-05 16:14:52,2018-07-17 10:28:00,2018-07-24 00:21:52,2018-07-27 00:00:00
927f3c81633f3807af398f2d919530f1,4b032c367b3dc8f32a122b19bb6e8482,delivered,2018-04-28 18:49:15,2018-04-28 19:11:03,2018-04-30 14:57:00,2018-05-07 20:11:21,2018-05-23 00:00:00
0f4fb5e0b20cdd9ef2fe37b2627f2cfe,1f3d03a5979d8a4cb8858252df331d14,delivered,2018-05-16 22:06:09,2018-05-16 22:34:34,2018-05-17 14:33:00,2018-05-18 15:51:36,2018-05-28 00:00:00
624d5e149bcc11515ce32c6d710f566e,8edb93cca5a8d190789ab8aa6f415c9d,delivered,2018-03-19 10:45:47,2018-03-19 11:31:09,2018-03-22 21:34:45,2018-03-27 19:11:33,2018-03-29 00:00:00
335339ec0db35157e0c110604ca053d2,f5c5d4595c2323c846d61ba4adcd7aac,delivered,2017-10-16 19:20:12,2017-10-17 09:49:11,2017-10-19 19:10:04,2017-10-25 19:37:56,2017-11-09 00:00:00
f26f902bdbbc733c04384af07f954c19,e04fc9722632182bd8740b612e764f2f,delivered,2018-08-20 14:25:47,2018-08-20 16:15:30,2018-08-22 12:48:00,2018-08-24 23:18:57,2018-08-24 00:00:00
edfb49082a74314dd99b846ccd67b2a3,b98be2d53e952e3c5e284fdd41f6937e,delivered,2018-06-28 14:05:28,2018-06-29 02:35:19,2018-06-29 15:34:00,2018-07-05 00:51:06,2018-07-18 00:00:00
8a39a4c8e92305849add36b95af88654,a6e2fa516f9931d73a9a1a9a98f24fc1,delivered,2018-03-01 19:14:00,2018-03-01 19:35:32,2018-03-02 23:04:43,2018-03-15 19:33:17,2018-03-21 00:00:00
5c097b2906957e90e5958008194041ba,9198fff3ca81d8af075a62a0ff689040,delivered,2018-08-08 22:03:20,2018-08-10 03:25:37,2018-08-13 13:21:00,2018-08-17 14:04:47,2018-08-20 00:00:00
49a8037eb392560be2070774d0eb046b,2defe1aa56cfe5681c31064d51154bd2,delivered,2018-03-21 20:34:35,2018-03-21 20:50:26,2018-03-22 19:06:40,2018-03-29 03:14:33,2018-04-09 00:00:00
e554faec14ac84b923b5b62b78b89c4e,1cd552c7aae3f67c65e1100683180f28,delivered,2017-07-10 18:25:59,2017-07-10 18:43:48,2017-07-11 21:05:08,2017-07-14 19:42:40,2017-07-21 00:00:00
fdf6635fc014c7f771754eefe24ff684,d204659d7a7e5e8d95820be143be3acc,delivered,2018-01-14 18:50:16,2018-01-14 19:09:18,2018-01-15 23:39:49,2018-02-02 02:50:58,2018-02-14 00:00:00
57c8b21903ac8ad8de52488bbb4ada7b,dff7d214d0b7746cf254bddfb43add02,delivered,2017-11-25 08:13:21,2017-11-25 08:29:55,2017-12-07 23:48:51,2018-01-17 23:07:14,2017-12-20 00:00:00
09249f4625a56408772a45322aadd544,9d4454db8535593c2a2f165869f30bc5,delivered,2018-08-07 10:19:43,2018-08-07 10:35:16,2018-08-13 15:25:00,2018-08-16 21:12:39,2018-08-23 00:00:00
03059ebda0b2ad61612b300fe34ed8e2,82b07eb04567873d275e64c6517407aa,delivered,2018-05-10 21:57:31,2018-05-10 22:17:01,2018-05-11 10:53:00,2018-05-30 18:58:39,2018-06-05 00:00:00
b084a8f61aa45461c76604d752a993f8,3f9b89f44fa0f0a8a673166eb3854789,delivered,2017-05-10 20:32:02,2017-05-12 02:50:16,2017-05-12 11:21:45,2017-05-25 09:00:08,2017-05-30 00:00:00
4d544ef55956dd8aadf1162dc1b82ae1,50ffd1f49d653ce5b5d70d54db3468cf,delivered,2018-08-20 10:09:33,2018-08-20 14:55:28,2018-08-22 22:07:00,2018-08-23 18:45:45,2018-08-27 00:00:00
4d5abe7999d76d1fb6237d3677706af0,88aac7b0942dcdb41ebabf7811b106fc,delivered,2017-11-23 18:13:30,2017-11-23 18:55:39,2017-11-28 20:07:50,2017-12-19 08:58:58,2018-01-04 00:00:00
0509b3b20635c8d54544dc048d95318b,60d8ab975103138567fe656cf30575f4,delivered,2018-06-22 19:08:21,2018-06-23 16:35:15,2018-06-26 14:50:00,2018-07-04 21:48:38,2018-07-17 00:00:00
27a22bb13b2fc366ab20226479a22f5a,f5d8a545323f03c74139eb656ad7c355,delivered,2017-09-18 20:07:26,2017-09-18 20:15:18,2017-09-20 13:42:56,2017-10-05 22:04:06,2017-10-13 00:00:00
d396cdbf2645bb1ea08108de01ef308a,42496b94da7fdf733b980d552aeb17e9,delivered,2017-07-03 20:23:40,2017-07-03 20:44:02,2017-07-04 14:03:16,2017-07-18 12:17:47,2017-07-25 00:00:00
18323bf515bec81ec824b51f618d2429,2dd5c9999a479a9e240d42bd38b4266a,delivered,2017-03-10 19:32:27,2017-03-10 19:32:27,2017-03-13 04:13:42,2017-03-21 17:45:36,2017-04-06 00:00:00
2519026edcd7320570b0aa09727ed70f,f94425245e3774567effcd6ee149f770,delivered,2018-01-17 08:56:52,2018-01-18 02:13:06,2018-01-19 01:09:32,2018-01-26 22:53:02,2018-02-09 00:00:00
dee8d1d83278b2ec6e50c6472cd24c81,baa484e36b520c9d8931adc896ebc1c8,delivered,2018-04-05 20:25:28,2018-04-05 20:35:21,2018-04-09 15:52:10,2018-04-17 16:32:44,2018-04-30 00:00:00
c83b1508d1ce87e8c380ee3209720f81,859530ad4eef3fa5932b7aa55aeb314c,delivered,2018-05-23 16:00:27,2018-05-23 19:36:46,2018-05-24 15:49:00,2018-06-06 21:56:54,2018-06-21 00:00:00
d03ba703f83e314f2bad7505a1031522,44b0e19cde4e2cb4acf0dcd9f314f248,delivered,2018-02-07 21:33:54,2018-02-07 22:35:27,2018-02-08 19:35:25,2018-02-16 00:22:19,2018-03-12 00:00:00
c52fc1fc33756cfdee5d0cd6fed55765,b2e3d091b5b6524577a1b12c46729c8a,delivered,2018-07-14 22:11:13,2018-07-14 22:25:20,2018-07-16 13:43:00,2018-07-27 16:56:22,2018-08-03 00:00:00
f815632f08e4f2b7b05794c0b4c60a74,44b2e81b25f63e1aae942096795f2862,delivered,2018-06-28 09:43:40,2018-06-28 09:55:13,2018-06-29 13:50:00,2018-07-02 16:28:57,2018-07-12 00:00:00
7a1c3f2e9e141807904c824563abb480,752c4dd83fb5869511dace7d6903b8f9,delivered,2018-07-26 19:12:28,2018-07-26 19:25:12,2018-07-27 14:32:00,2018-07-30 19:05:15,2018-08-07 00:00:00
cfc558750a7ad84d94c1348dfd89543c,1af8d640c317b12571dc17ff39aa246c,delivered,2017-12-30 12:15:34,2017-12-30 12:27:03,2018-01-04 22:22:53,2018-01-11 22:33:51,2018-02-14 00:00:00
3aea5a83ca5bc41e6ecd21afd19bbd81,aff521ae3a328c4c9601f45f907cc7a5,delivered,2018-01-15 15:47:39,2018-01-16 15:36:25,2018-01-17 21:04:25,2018-02-06 22:28:35,2018-02-16 00:00:00
5026ddae0cd10e29c5d2f0f37f2fe917,585a173e6339ccb640d466db50b28325,delivered,2018-06-07 14:44:23,2018-06-07 15:01:06,2018-06-07 15:42:00,2018-06-22 19:08:57,2018-06-29 00:00:00
42f1ec56e012e2c2c5b269c7681ff429,3be2672b8530d0f4d342c18d907de378,delivered,2018-01-02 16:46:47,2018-01-02 16:55:56,2018-01-15 20:58:39,2018-01-24 12:54:30,2018-02-16 00:00:00
0a131976e98291762104959158e2bdc6,a396376e9147cf6dedca4eea41c5eafe,delivered,2018-07-14 16:12:14,2018-07-14 16:25:17,2018-07-16 12:44:00,2018-08-05 17:12:18,2018-08-07 00:00:00
754328c1ffda8a8ba227f2851a3772cb,d1d67e6e2d57800a09b5fa607ea74f89,delivered,2018-06-12 11:52:57,2018-06-13 11:55:15,2018-06-13 14:48:00,2018-06-18 15:22:31,2018-07-05 00:00:00
c88921a6cbda2e9973f9cfbd4e771d20,dc29649b0a10811a1a7e96a23c537999,delivered,2017-03-24 15:02:23,2017-03-24 15:15:12,2017-03-28 08:33:19,2017-04-04 15:52:26,2017-04-12 00:00:00
38a920f4e80a3be96ecbfc0cba4517d6,313679079420ce50210b4f87c1e23693,delivered,2018-04-02 13:05:43,2018-04-02 13:15:23,2018-04-05 22:38:38,2018-04-16 12:42:14,2018-05-15 00:00:00
a9c5309c8e09098f6ff30217e5f05292,e99b3d263b693725c53b3bbd110b0661,delivered,2017-02-25 11:11:52,2017-02-25 11:25:14,2017-03-08 11:09:06,2017-03-22 11:42:48,2017-03-28 00:00:00
82b4245e0d249a436b157488d6607807,49f9471b7ca8b13ac0dab99d5d382e18,delivered,2017-10-09 23:33:10,2017-10-09 23:49:56,2017-10-11 18:13:04,2017-10-13 17:56:00,2017-10-20 00:00:00
7683e28d403c6a04e30902e9e415eec8,856d198a0f044d71737a4f922b50b0f8,delivered,2018-05-04 15:38:57,2018-05-04 15:55:22,2018-05-08 15:46:00,2018-05-14 15:54:50,2018-06-04 00:00:00
649caa9b6696d9b2bca095239ecaa00f,ff7d7815195c6869f62b1066a1032773,delivered,2018-01-29 16:51:03,2018-01-29 17:17:52,2018-01-30 18:33:20,2018-02-04 11:02:36,2018-02-26 00:00:00
7a7d015aba4cb837644d24afa509ab3a,88307fcbd0dc9aeb5decad275e3685fc,delivered,2017-12-12 22:58:44,2017-12-12 23:12:41,2017-12-13 20:22:48,2017-12-21 22:41:43,2018-01-09 00:00:00
4b0e0e0eba7274a1ee0fdeb53d17ea99,220b82862b9aafdcb492730f9e3a575f,delivered,2018-03-21 11:26:08,2018-03-22 02:56:20,2018-04-03 23:19:13,2018-04-10 23:55:21,2018-04-16 00:00:00
49de2042facc292abd730e3dc6c0a75a,41a27a1274fe5d0d5d88585f37769043,delivered,2018-08-05 19:50:50,2018-08-05 20:05:22,2018-08-07 15:33:00,2018-08-13 18:02:49,2018-08-20 00:00:00
a69cfdf2a1c59f8ff05718f69d021e81,a4a6227ac25717d6495f0ac16be85017,delivered,2018-07-19 11:29:25,2018-07-19 11:42:55,2018-07-20 13:41:00,2018-07-26 17:58:43,2018-08-06 00:00:00
5eeb092ebe54bc6f635f566588d2e908,b67e09339b0e590a3e6dd7c502badc8f,delivered,2018-01-21 17:44:04,2018-01-22 13:55:27,2018-01-25 02:35:35,2018-01-30 16:35:01,2018-02-16 00:00:00
572e5973c80ab933d719e73b89b29743,4c059976e75f2bfbcaea907a147e77c7,delivered,2017-06-11 10:47:28,2017-06-11 11:02:48,2017-06-12 15:45:03,2017-06-13 13:08:01,2017-06-26 00:00:00
1873fcb129d137537b45d35990b5d734,1ff886d030252e3a0b3a86d4cbfb3503,delivered,2017-05-01 20:29:52,2017-05-01 20:45:08,2017-05-03 15:37:12,2017-05-16 07:47:49,2017-05-24 00:00:00
ef4e75686c79d2eb0f53648928f9add9,61243a439b7024dbc182245abdc37c2b,delivered,2017-11-24 21:37:07,2017-11-25 00:36:01,2017-11-27 20:51:28,2017-12-12 13:35:28,2017-12-22 00:00:00
bf73701b5b5b3896c9530b11ec89e8d9,688c9939a7383c04b43657f6238927de,delivered,2018-06-11 21:17:39,2018-06-11 21:40:59,2018-06-12 14:10:00,2018-06-22 18:08:50,2018-07-05 00:00:00
9212fb06fa8197c71c382ce06e5889ae,bfd41839fe9e5918668e940c6460c671,delivered,2018-05-23 12:00:57,2018-05-23 12:14:56,2018-05-25 08:52:00,2018-05-29 12:46:36,2018-06-21 00:00:00
028e37ed7cdd54ad41506f61df708cf9,5bbc72ac56e6c2d61f23a8a91a6ceac6,delivered,2018-04-10 16:44:54,2018-04-10 16:55:40,2018-04-11 18:08:43,2018-04-12 18:37:36,2018-04-25 00:00:00
fe98cb0615a7611265d8955be5ca9497,3b11d54278a86bfa191ef947e654c9cb,delivered,2018-08-01 17:13:52,2018-08-02 20:35:25,2018-08-03 15:12:00,2018-08-10 20:47:33,2018-08-23 00:00:00
edfb49082a74314dd99b846ccd67b2a3,b98be2d53e952e3c5e284fdd41f6937e,delivered,2018-06-28 14:05:28,2018-06-29 02:35:19,2018-06-29 15:34:00,2018-07-05 00:51:06,2018-07-18 00:00:00
3e555879d29880ec5bc189b44a6d77fa,26d94b1d9a07de33fdb22b7f172d2269,delivered,2017-03-05 04:18:49,2017-03-06 04:25:10,2017-03-06 14:23:14,2017-03-13 13:27:51,2017-03-23 00:00:00
a82beeeb2b06557b19fe6b182d9f1a5e,21be47c7ee6be27a895e90abdc843e73,delivered,2018-03-13 21:39:26,2018-03-13 21:50:40,2018-03-16 18:08:28,2018-03-21 17:58:49,2018-04-17 00:00:00
e5266bf70f5e421e61c8df95a55ae917,bebf28180d9c37aad1ee418004188eec,delivered,2018-04-11 21:56:45,2018-04-11 22:10:16,2018-04-12 22:57:24,2018-04-20 13:48:46,2018-05-21 00:00:00
9ae8993f1d41f39505759f4683e0d2ad,04bb960a2876e66f7874886ca00ebb88,delivered,2018-02-11 15:06:24,2018-02-11 15:27:25,2018-02-16 21:04:08,2018-02-27 00:16:31,2018-03-05 00:00:00
e97c5b2fbc059aff15280edf4ff75dab,096998a766ecdf5781ac34029965b83f,delivered,2017-08-15 17:31:14,2017-08-16 03:30:23,2017-08-16 17:07:46,2017-08-17 15:39:38,2017-08-28 00:00:00
95f9d289eb0d1034066dbe1638e696f7,98bbc5fd5c70c1331d7e5382c6d8f19f,delivered,2017-06-22 10:53:49,2017-06-22 11:05:34,2017-06-22 17:21:53,2017-06-23 11:51:42,2017-07-05 00:00:00
70b125b1e127de57a1145f484705786c,0f6798f2376fb8eb072c4954e4650bf7,delivered,2017-07-16 19:32:18,2017-07-16 19:45:11,2017-07-19 18:57:44,2017-08-04 17:46:11,2017-08-10 00:00:00
77c820f0779ad518a4a2c6ddba08477c,826edf98e54310d36fac3342e624dab7,delivered,2017-10-17 23:40:33,2017-10-17 23:49:42,2017-10-19 23:13:32,2017-11-13 19:42:08,2017-11-21 00:00:00
76316d08dd15e53a577758b8f09059f0,9f0868f67243497c168be0190ed7a1d7,delivered,2018-02-11 17:52:48,2018-02-11 18:08:22,2018-02-14 17:53:51,2018-02-15 16:32:38,2018-02-26 00:00:00
e84aab6af2a71fdd57e937740dc5a3dc,1575002669893d427c0469145358c92a,delivered,2017-11-25 20:12:29,2017-11-25 20:34:37,2017-11-28 18:34:51,2018-01-08 18:27:39,2017-12-26 00:00:00
7343951818332032146c6e09dd824443,9cf66f100674f9c49ad1cce8c54545ba,delivered,2017-10-10 19:29:16,2017-10-10 20:06:15,2017-10-11 19:20:15,2017-10-18 19:06:55,2017-11-01 00:00:00
c28999f880aa66431b70511211d4ac6a,2827c6ef386603030760339bd1976189,delivered,2018-04-28 21:06:58,2018-04-28 21:32:25,2018-05-03 08:05:00,2018-05-04 12:09:04,2018-05-16 00:00:00
dee8d1d83278b2ec6e50c6472cd24c81,baa484e36b520c9d8931adc896ebc1c8,delivered,2018-04-05 20:25:28,2018-04-05 20:35:21,2018-04-09 15:52:10,2018-04-17 16:32:44,2018-04-30 00:00:00
0544d7932387565226ae96a9ec8c03c8,763f69d62147292383080e70b397c3f0,delivered,2018-06-06 18:16:20,2018-06-06 18:34:31,2018-06-07 17:33:00,2018-06-13 17:32:20,2018-07-17 00:00:00
ea2885f040ff7729e3d94488802e2917,667851f75c78e125a443fece275f310b,delivered,2018-05-12 17:27:38,2018-05-13 17:33:36,2018-05-14 13:57:00,2018-05-17 17:18:48,2018-06-19 00:00:00
839c39b7b79ea017a465dd95ba970a42,911d90f1add50839cfbdb9eedc2177e4,delivered,2017-03-20 14:37:32,2017-03-20 14:37:32,2017-03-21 09:36:57,2017-03-27 14:04:17,2017-04-12 00:00:00
a2d61fcc6a85b2662e5ba230a206dd72,fc8bd7a118ce62013dc46aecf4bd3be3,delivered,2017-12-04 19:17:13,2017-12-04 19:30:15,2017-12-06 00:51:24,2017-12-11 19:07:25,2017-12-29 00:00:00
0f6896ec061c74612b3a5ab4f2146d0e,ee185cc1e2f628edb1634c85c6a8cd20,delivered,2018-03-12 13:07:37,2018-03-13 09:51:09,2018-03-14 18:03:24,2018-04-24 22:11:57,2018-04-12 00:00:00
1118f05e23d1a8082fa47f8a377de658,8292e9df852ab7fce9e1bafc08870878,canceled,2018-08-07 15:05:23,2018-08-07 15:15:29,,,2018-08-13 00:00:00
249385a8a3fb6a8765bed08eaeef9919,580d8871c30dc0e5f3522d8eb0c14658,delivered,2017-09-05 22:34:08,2017-09-06 03:04:12,2017-09-08 15:43:47,2017-09-19 19:10:34,2017-09-27 00:00:00
c40ef1f09f4ba772a63865df0274f6b8,910061024aad54e0227ec718b29297e6,delivered,2017-03-08 16:06:00,2017-03-08 16:06:00,2017-03-10 04:43:45,2017-04-07 12:23:52,2017-04-10 00:00:00
7c9cc21a1d8d2008364a92d9f0873b66,0fe659cea15a1e88642bb0723ac69e20,delivered,2018-02-07 12:29:42,2018-02-07 12:49:47,2018-02-09 19:48:02,2018-02-22 21:29:05,2018-03-12 00:00:00
fd86c80924b4be8fb7f58c4ecc680dae,db76ebd0d51c2b3cc44d84cd6df46336,delivered,2018-03-08 19:37:45,2018-03-08 20:28:42,2018-03-09 18:04:46,2018-03-16 01:30:56,2018-03-27 00:00:00
bd50a7fe9fd97ea4b7663031a319e150,0975c3cf2e418ebfa5d1191a2dffd59d,delivered,2016-12-23 23:16:47,2016-12-23 23:31:37,2016-12-27 06:14:27,2016-12-28 15:54:44,2017-01-19 00:00:00
431018542d8303268a574ea80da4cfb5,99a5a40178ddd41b526250426a60f363,delivered,2017-05-26 14:26:53,2017-05-26 14:42:33,2017-06-01 13:57:44,2017-06-14 16:07:43,2017-06-26 00:00:00
83a9c18344682fcbc57696019ff1ff2a,96ca69bfa1a8b97847ced6f03bed4e79,shipped,2017-08-11 17:40:19,2017-08-11 17:55:23,2017-08-14 18:22:53,,2017-09-13 00:00:00
82ae4ace0b3ec2734319bd238e822c68,1734f37a2e5d5c62d02c58c28fd08c75,delivered,2018-05-15 21:59:15,2018-05-15 22:16:02,2018-05-16 10:19:00,2018-05-17 15:13:42,2018-06-01 00:00:00
b7daca2d24a93ab9351485e0bdcbb7e6,002d597546b2cf44428232c9f237f873,delivered,2018-07-22 09:29:19,2018-07-23 11:32:10,2018-07-23 07:19:00,2018-07-30 16:38:58,2018-08-16 00:00:00
cf18c0b77059499a99818871229ab994,d21eee9c29efbbd504b464caab82b5f1,delivered,2018-08-21 10:19:27,2018-08-21 10:51:49,2018-08-22 13:30:00,2018-08-28 15:58:50,2018-09-18 00:00:00
5b33495590a02d7e9ce6fbdc52f143d9,b5fbe4b143d1ca0c98e44f346c36b63b,delivered,2018-07-17 09:38:48,2018-07-17 09:50:17,2018-07-18 12:06:00,2018-07-24 21:42:37,2018-07-31 00:00:00
b664b3e09fd91f223359961e284bee21,69fdad6a22e2f768d0e0e97da37a9cd6,delivered,2017-11-19 16:38:23,2017-11-19 16:50:27,2017-11-23 00:00:27,2017-12-01 22:38:29,2017-12-14 00:00:00
b9e44ee22f3a341743c10307b601b363,29439576f6804f546a9d1b4f749ded69,delivered,2017-03-07 17:44:19,2017-03-07 17:55:18,2017-03-08 14:59:57,2017-03-14 13:09:49,2017-03-28 00:00:00
c52fc1fc33756cfdee5d0cd6fed55765,b2e3d091b5b6524577a1b12c46729c8a,delivered,2018-07-14 22:11:13,2018-07-14 22:25:20,2018-07-16 13:43:00,2018-07-27 16:56:22,2018-08-03 00:00:00
7a1b04571b7a200f334cf7a4ab4c918c,0827a9c2399f5a54a666bb8c2b783be4,delivered,2018-06-15 15:25:33,2018-06-15 15:59:54,2018-06-18 10:57:00,2018-06-21 19:58:48,2018-07-13 00:00:00
fa2b7f457f0624bb344dc3023f557d7e,12d274b678306cdeadad69c63c2f4d2f,delivered,2018-08-05 22:41:00,2018-08-05 22:50:16,2018-08-06 14:10:00,2018-08-09 13:07:42,2018-08-22 00:00:00
5cd1e199b5a1a3c27407766b2788851c,446e5d4f61445564a962e11953a4d5ec,delivered,2018-06-14 19:21:17,2018-06-14 19:37:58,2018-06-21 05:31:00,2018-06-27 17:52:47,2018-07-18 00:00:00
be5b64307f608c4be032a92527e44f66,3af442112f104fadd55d6861a864b21f,delivered,2018-03-15 15:43:31,2018-03-16 15:35:29,2018-03-20 00:32:17,2018-04-02 19:48:43,2018-04-09 00:00:00
329954a78d93c0af4e24aad8677ba9bb,8cc4f41a7488887dec0be5b5e2674293,delivered,2017-09-10 10:02:45,2017-09-10 10:15:20,2017-09-11 21:41:28,2017-09-15 20:47:42,2017-09-29 00:00:00
4c5d80480b7c923ec02b8dee8c00a846,d8e4093b1a0d9885110b24a74feb6ab7,delivered,2017-11-21 20:37:30,2017-11-23 02:56:27,2017-11-23 21:03:13,2017-12-11 22:03:44,2017-12-15 00:00:00
6740c73dc204155d7ea39a1c893b48c2,08ec4e081721ef212d38b5fec3c38ccb,delivered,2018-03-27 19:48:12,2018-03-28 07:10:12,2018-03-29 19:58:56,2018-04-16 23:26:50,2018-04-25 00:00:00
7ced17eac048bb56b535174eae0bcb7d,c85bb283fa5d77323cdbeb754b936e99,delivered,2017-05-06 17:47:06,2017-05-06 17:55:19,2017-05-09 15:21:06,2017-05-22 17:36:57,2017-05-31 00:00:00
0149c597dcc0963d7315f904495b631c,a9bb000979210a35541c29601f2dc03e,delivered,2018-04-26 00:35:14,2018-04-26 03:15:13,2018-04-26 12:55:00,2018-04-30 16:36:50,2018-05-11 00:00:00
0656252be8b31ab4b264a730f9e600cb,a553a10c8f858e664fe7cb71db0697a4,delivered,2018-03-07 14:11:18,2018-03-07 14:29:49,2018-03-20 16:50:18,2018-03-22 19:13:41,2018-04-04 00:00:00
85a525f63659815ea2974c9fdc1c85b9,18e60ac17a63a5f07b52c9dc037ab20a,delivered,2018-03-02 17:11:54,2018-03-03 02:35:35,2018-03-08 18:56:40,2018-03-09 19:41:54,2018-03-21 00:00:00
fa2e103e8d7fa0d07f04bd9fafb74d75,b47393771b85e7fe166f11a17423e4a1,delivered,2017-06-16 17:19:31,2017-06-16 17:35:23,2017-06-19 20:23:26,2017-06-27 14:23:32,2017-07-10 00:00:00
436a9aef30267664e39faf27982b0921,4cc13a45f4e9258fae06b75f27440b11,delivered,2018-06-25 21:22:44,2018-06-25 21:37:36,2018-06-26 15:11:00,2018-07-10 18:55:46,2018-07-05 00:00:00
5dc0af9bde879bc9546685cc7c1035da,3b6c1300a15f16c2097081156eb8355d,delivered,2018-05-16 09:38:21,2018-05-16 09:57:23,2018-05-16 14:05:00,2018-05-21 20:08:44,2018-05-30 00:00:00
e9b3258a406a55c86715a28bf26c98a0,bf5194ba2c7eaa75eee856b4b61114c0,delivered,2018-03-27 14:16:24,2018-03-27 14:30:20,2018-03-28 23:28:55,2018-04-03 18:31:36,2018-04-09 00:00:00
20ef4f721610e50167d484f950d19b77,45e50a6d3f743d175e0d778bb74e0c85,delivered,2017-04-03 16:13:01,2017-04-03 16:25:11,2017-04-04 10:43:17,2017-04-10 16:05:57,2017-04-24 00:00:00
26d9a2f9a41aeeb0b0dd16ac2ca59225,77ecb0c9e88332432bb2b846dea32b2b,delivered,2018-08-01 13:32:42,2018-08-02 03:05:21,2018-08-03 16:29:00,2018-08-10 17:38:56,2018-08-17 00:00:00
57a82f32fdb1ce036662861d8dbb6a6b,58583807f8901eeed0810e81d58428fa,canceled,2017-11-20 21:36:39,2017-11-20 21:47:03,,,2017-12-01 00:00:00
19c0bfcd4496e4f2c70c779226c8605b,089da4e76a40d4222c2797bb79c2988f,delivered,2018-05-24 10:11:14,2018-05-24 10:33:08,2018-05-24 12:02:00,2018-06-04 18:11:55,2018-06-19 00:00:00
cf8ba1509b00eca37b08289371dbbf0d,6b17845b9378ecf3d2c326579c38b24a,delivered,2018-01-08 12:29:43,2018-01-08 12:38:56,2018-01-11 19:37:32,2018-01-25 13:57:49,2018-02-05 00:00:00
d70b7dce9b527096fbd9e4d0e54ab451,e3a899173e31bdf2f8f721a58cfbc0bf,delivered,2017-05-09 20:21:33,2017-05-11 03:56:10,2017-05-11 10:39:02,2017-06-05 15:32:42,2017-06-09 00:00:00
f940971157111a7fe49e332623c9fec0,914db96caec65d45202426db4679490e,delivered,2018-06-14 11:13:34,2018-06-14 11:42:47,2018-06-15 13:20:00,2018-06-19 21:08:30,2018-06-26 00:00:00
91470888d3c2a943e6ca5533ac6d86c1,d6c2bf5d2cbabde0e7c30035efcaed6c,delivered,2018-05-06 11:32:17,2018-05-06 11:50:20,2018-05-09 14:44:00,2018-05-15 21:22:45,2018-06-11 00:00:00
eb0992cac4de66577bd1488c4e32ff55,d4a63d7782e96c6d0e83a2f101d18861,delivered,2017-06-23 16:08:14,2017-06-23 17:15:20,2017-06-27 08:09:37,2017-07-13 19:22:01,2017-07-25 00:00:00
4d5abe7999d76d1fb6237d3677706af0,88aac7b0942dcdb41ebabf7811b106fc,delivered,2017-11-23 18:13:30,2017-11-23 18:55:39,2017-11-28 20:07:50,2017-12-19 08:58:58,2018-01-04 00:00:00
6cb134bb285a64b0425d1fdaa00d4214,d854800a320bbb07b484f76894e4638f,delivered,2018-07-01 20:54:21,2018-07-02 20:50:21,2018-07-03 10:48:00,2018-07-10 22:12:13,2018-07-26 00:00:00
cb59b92296f398684c3959ad783f6402,e3714a321bd62a15f10dada6db668fb1,delivered,2018-03-22 13:58:17,2018-03-23 02:15:54,2018-03-23 18:32:34,2018-03-26 18:51:58,2018-04-05 00:00:00
20ef4f721610e50167d484f950d19b77,45e50a6d3f743d175e0d778bb74e0c85,delivered,2017-04-03 16:13:01,2017-04-03 16:25:11,2017-04-04 10:43:17,2017-04-10 16:05:57,2017-04-24 00:00:00
13cefc43767ea15bacf542800eb19f54,9cf25707678a56ff1e859db99c3d1c06,delivered,2018-03-02 19:18:39,2018-03-02 19:30:30,2018-03-05 16:38:31,2018-03-19 22:33:44,2018-03-23 00:00:00
6010e18fb4f51bda7cdf59826fb9157e,d26d39021910c806c4dae58d3b287f4c,delivered,2018-01-25 00:33:55,2018-01-25 00:53:18,2018-01-25 20:27:17,2018-01-29 21:26:53,2018-02-19 00:00:00
920a775204d54696910a3056ff090942,81bebc06bc7bb674fa6353451be2a23b,delivered,2018-05-30 21:13:04,2018-06-05 03:50:23,2018-06-05 14:06:00,2018-07-10 16:51:18,2018-07-23 00:00:00
ecb9b15795b8962c43e024cc97611605,fdceacbf1e29b39745ee431d0a864d0f,delivered,2018-05-14 11:59:12,2018-05-15 03:55:56,2018-05-15 14:56:00,2018-05-18 23:22:02,2018-06-01 00:00:00
1ec0f6dd4813ff79c33a11b6c372cfb8,880d3d3c4199a399b6303b5417a8990f,delivered,2017-05-14 10:15:33,2017-05-14 10:25:10,2017-05-15 11:43:46,2017-05-25 09:46:54,2017-06-02 00:00:00
bdd49e833a618b2e10096e4bd5725977,9edf4e2bfac35f5d2d41782e8c06f0b3,delivered,2018-03-14 22:19:41,2018-03-15 17:35:37,2018-03-19 18:38:47,2018-04-06 19:55:37,2018-04-02 00:00:00
bbe6905304b4ffcdd776c85a16a71976,347502050ad2af3db43a5e9f3867c471,delivered,2017-06-03 20:28:04,2017-06-03 20:35:28,2017-06-05 16:18:13,2017-06-07 08:46:34,2017-06-19 00:00:00
ad9462a4da64add20fbc051616035832,6b384dff2e1e096fe27389503931beec,delivered,2018-02-10 14:00:42,2018-02-10 14:10:37,2018-02-16 02:09:14,2018-03-06 01:26:35,2018-03-13 00:00:00
a0a61328bad595cbe8e180cc3cdd4ced,438488a4ee40335948e2e3f5cfc74111,delivered,2018-03-13 17:47:54,2018-03-13 17:55:44,2018-03-14 21:35:43,2018-03-16 22:52:02,2018-03-26 00:00:00
5907e332dfb01556b0eff58839cc2f75,86c74e1a7c642fe8eb9e3c57c6b95c8d,delivered,2018-01-05 23:22:48,2018-01-05 23:35:25,2018-01-08 23:47:29,2018-01-29 20:22:49,2018-02-08 00:00:00
072577283d9ec2718f05c37d141d65de,93e5e053fee7863481445ab2f577c8d4,delivered,2017-09-22 09:01:26,2017-09-22 09:10:23,2017-09-25 21:52:52,2017-10-03 20:26:53,2017-10-09 00:00:00
482e206fff82661add35d3aeab19fd93,22751df9d8e0530108d0997313791666,delivered,2018-07-14 15:26:48,2018-07-17 07:31:30,2018-07-18 15:16:00,2018-07-23 14:26:49,2018-08-01 00:00:00
f8b9e2dd99eccea8ac036c6a02afafa0,49a4a6ad871b869b17d18093427d5fb6,delivered,2018-07-22 23:03:17,2018-07-23 12:31:41,2018-07-26 09:42:00,2018-08-02 18:10:53,2018-08-10 00:00:00
d15b4a7be0aedb9cd0f4330b1703b7c0,35ba8f2876a0059b2946b6674856c6dd,delivered,2017-09-07 16:56:45,2017-09-07 17:10:13,2017-09-08 19:36:25,2017-09-20 17:22:11,2017-09-28 00:00:00
bcb9cb204fb7137dcb5dc3fdb94f11e5,75ecb22a47dc997aad56a99f05c74c49,delivered,2017-07-17 19:27:39,2017-07-17 19:43:01,2017-07-18 19:15:49,2017-07-19 19:57:30,2017-07-31 00:00:00
623695cd72cc41aa116c10c7c28608a1,a852a1fd87371f874c3f2c1361dedf1a,delivered,2018-04-04 21:04:05,2018-04-04 21:15:22,2018-04-06 21:49:27,2018-04-09 11:51:51,2018-04-23 00:00:00
33c97c0983409cce4352fd750138e556,5315024f901f933bd377d1bca7928057,delivered,2017-12-02 12:02:34,2017-12-02 12:20:26,2017-12-05 16:08:59,2017-12-15 18:47:22,2018-01-09 00:00:00
c191988613dfd09d8904cc6b1147012b,fb5c27af6d623bc59e8a201bb84a8cfa,delivered,2018-02-03 10:47:15,2018-02-03 11:10:39,2018-02-05 23:34:51,2018-02-16 13:19:57,2018-03-06 00:00:00
a4763f72a6a9ff012d96a0e2b4d4b1ea,87149a37f6af0099e38270936d08c938,delivered,2018-05-01 22:12:28,2018-05-01 22:31:25,2018-05-02 15:07:00,2018-05-21 19:46:32,2018-05-18 00:00:00
8526a9a3883c882acce72e212f5b2d17,12943cd75dff4407f19eaf7b7dd80d20,delivered,2018-06-16 17:08:36,2018-06-16 17:18:11,2018-06-18 15:03:00,2018-06-21 23:06:40,2018-07-26 00:00:00
4908c7c1919e42e7662e3cbd307edf74,b9c09012685c3318c9a1d921f9b08c3b,delivered,2017-09-20 08:40:04,2017-09-20 08:50:20,2017-09-27 14:45:22,2017-10-04 19:48:35,2017-10-10 00:00:00
9fce4af6a15c3fa67e2ee1b52839d6dc,7e4b0829dda8a60be1eaeece2b9dbe51,delivered,2018-08-16 00:54:09,2018-08-16 16:40:48,2018-08-20 13:45:00,2018-08-28 21:11:37,2018-09-03 00:00:00
f240664fa94d4650c67cbdc818bc8135,08795c52e7b0525cd0b5bf92a66da58d,delivered,2017-04-01 12:40:40,2017-04-02 13:42:26,2017-04-03 09:38:03,2017-04-04 15:40:01,2017-04-24 00:00:00
6bf198e21fd4b87c035d4e94da5d1f85,42e89706e18b5cd161f33ded3e9b379e,delivered,2017-07-15 10:40:53,2017-07-18 05:50:30,2017-07-20 19:13:36,2017-08-02 17:32:31,2017-08-14 00:00:00
be5b64307f608c4be032a92527e44f66,3af442112f104fadd55d6861a864b21f,delivered,2018-03-15 15:43:31,2018-03-16 15:35:29,2018-03-20 00:32:17,2018-04-02 19:48:43,2018-04-09 00:00:00
bb6f77e22d300a3c74436c9ea8925945,76696c96f4cfa5fbaa17fdcced323c9b,delivered,2017-12-19 23:00:42,2017-12-21 02:11:55,2017-12-21 22:13:32,2018-01-04 22:56:57,2018-01-24 00:00:00
aff8085aa67afd7180c91552d939a4dd,aac4712a1869e7e6c81ad015c0f098aa,delivered,2017-05-29 13:06:03,2017-05-30 04:30:30,2017-05-31 09:07:44,2017-06-13 11:53:57,2017-06-27 00:00:00
06c9d7fdab61bfa60de3edd9ec99a28b,8445054b3aa0f68751e0f1ce5af349e8,delivered,2018-04-03 14:13:38,2018-04-05 02:27:47,2018-04-06 23:44:49,2018-04-14 00:26:22,2018-04-27 00:00:00
fa145f6e474f19a183553a249dc5a73b,302025f399c7405c509a297b6b9a1e73,delivered,2017-10-19 15:13:31,2017-10-19 15:36:03,2017-10-24 22:23:56,2017-10-27 21:28:01,2017-11-09 00:00:00
eeb725ce8cdcde856d5b39ca2ce110b6,31ea82d50eb91d9f1632f463db556c4d,delivered,2018-08-09 00:12:42,2018-08-09 00:25:11,2018-08-10 14:07:00,2018-08-22 22:38:45,2018-09-05 00:00:00
bf2e7a6b9cf62bcc5d4276e1fa90f9bc,e63a81aeb874228ba9b2eaab33d9fbc3,delivered,2017-08-18 13:01:45,2017-08-18 13:15:25,2017-08-22 18:09:20,2017-09-01 18:53:07,2017-09-12 00:00:00
589538510b70bdc85d8879920b71bcd0,15d87bc44fdf6834f3ce6ed170fbe473,delivered,2017-04-23 17:13:44,2017-04-25 08:15:11,2017-04-27 11:08:34,2017-05-08 09:23:40,2017-05-18 00:00:00
b9e44ee22f3a341743c10307b601b363,29439576f6804f546a9d1b4f749ded69,delivered,2017-03-07 17:44:19,2017-03-07 17:55:18,2017-03-08 14:59:57,2017-03-14 13:09:49,2017-03-28 00:00:00
08dd64e78f26024b266515d5262be17f,b0a04bc50dbacef330e5b369a90220e6,delivered,2017-05-07 22:18:47,2017-05-07 22:30:17,2017-05-15 14:04:02,2017-05-30 08:12:20,2017-06-12 00:00:00
665a012cd7368e5609ab518539d91adf,8d2502669799c13d5a67d873981ac627,delivered,2018-05-09 01:46:14,2018-05-10 02:35:13,2018-05-11 15:23:00,2018-05-15 18:07:55,2018-05-21 00:00:00
bc14a141bbb47b18a33d0a1747cab119,80cd6471cc015cdc037bb17791e1ccc6,delivered,2018-08-17 09:51:45,2018-08-21 04:55:38,2018-08-21 15:54:00,2018-08-24 17:33:37,2018-08-28 00:00:00
f8b6d271cb2c002baa7fd9d98d258577,2cd756bc2589c1bccff1bd60a783f05b,delivered,2017-12-18 14:29:33,2017-12-18 16:31:58,2017-12-22 22:44:36,2017-12-28 16:23:31,2018-01-11 00:00:00
06f157e2c7fe91f2e7ae8d344c6fd456,c11041983dbb097b3e7f8054edb680d7,delivered,2017-08-26 22:27:16,2017-08-26 22:35:16,2017-08-28 19:12:31,2017-08-31 15:26:19,2017-09-14 00:00:00
35ae6fcf66dba4f6760a20b921867b2b,21c15e55f2358a82a62bab48ff52c772,delivered,2018-07-21 14:51:28,2018-07-21 15:04:14,2018-07-23 13:20:00,2018-07-30 12:03:59,2018-08-17 00:00:00
e105d0f5799042c758b417e6dce2c3a5,c329c0883d4e70ebb322ddf77e68fecb,delivered,2017-08-09 12:30:18,2017-08-11 04:26:18,2017-08-14 21:12:52,2017-08-25 18:05:13,2017-08-31 00:00:00
cf8ba1509b00eca37b08289371dbbf0d,6b17845b9378ecf3d2c326579c38b24a,delivered,2018-01-08 12:29:43,2018-01-08 12:38:56,2018-01-11 19:37:32,2018-01-25 13:57:49,2018-02-05 00:00:00
46b3fd7575085d6acefa04739e8c03a5,1c26fa5d7e1d256fb6edecc2084c58ed,delivered,2017-12-11 23:18:40,2017-12-12 00:05:07,2017-12-14 11:38:54,2017-12-19 13:29:28,2017-12-28 00:00:00
7bf9ebeb9ca0448e688b41354069d9ac,58cf70a7d04f22fa33a55d4938f3c63a,delivered,2017-11-28 13:56:27,2017-11-28 14:19:47,2017-11-29 18:54:41,2017-12-03 14:58:38,2017-12-18 00:00:00
6be5314bc611a32a245f5111c8ba1089,c780e173716b253dd27f73f0f738a559,delivered,2018-02-22 18:16:01,2018-02-22 18:30:35,2018-02-27 21:24:02,2018-03-10 20:18:35,2018-03-13 00:00:00
065c76c0f11720ac66d53d0903f762b6,3dfcd3a85f0c320f16fec5214957d9bc,delivered,2018-03-27 11:09:52,2018-03-27 11:27:44,2018-03-28 16:03:38,2018-04-03 01:54:28,2018-04-23 00:00:00
d9dd31d18506394e89644f5e0b9664e3,525386e5496dcb6a38723359f7450144,delivered,2017-10-11 12:32:56,2017-10-11 14:43:04,2017-10-13 23:13:49,2017-10-17 18:30:07,2017-10-30 00:00:00
ae84411ef203ed6a3cdc4e239536b958,b435b489e4d9921ea0ac305e4e9ae452,delivered,2017-09-21 11:48:14,2017-09-21 12:06:52,2017-09-22 18:07:08,2017-09-29 19:18:50,2017-10-16 00:00:00
24b438f705e768756df250d282036292,d1c425b2df58e8d9c491e705299eb8f6,delivered,2018-04-23 08:41:31,2018-04-24 19:08:44,2018-04-30 13:52:00,2018-05-14 21:34:42,2018-05-21 00:00:00
c38123fe01a5d1757b545ecfccb89c0d,f9a537570825b53bb35d231a69fda6c8,delivered,2017-11-13 23:11:16,2017-11-13 23:30:49,2017-11-23 14:34:40,2017-11-23 20:35:51,2017-11-27 00:00:00
74b0cc42b04ee1e7ad337a157d1eff9a,dafd8d87717e26770c556fd18879054b,delivered,2017-02-14 09:21:04,2017-02-15 03:03:40,2017-02-15 11:37:50,2017-02-24 08:31:28,2017-03-15 00:00:00
12110189ef70d77e946c6a0bd7b945a8,bf869ccfff4c893dbcb79dc0ca96043e,delivered,2018-05-21 11:42:35,2018-05-21 15:31:58,2018-05-22 13:13:00,2018-06-20 22:58:47,2018-06-07 00:00:00
1fce119897499a117beb9f48ac6cff5c,3ff44e26adfbbe256c5c9dcfb14d5822,delivered,2018-01-31 10:22:57,2018-01-31 13:44:42,2018-02-02 20:34:01,2018-02-14 21:53:18,2018-02-22 00:00:00
db4982d0129b4b2ac1eb511ab4743799,048c38095a2e1fc000871b6142e6a8b9,delivered,2018-05-11 13:27:41,2018-05-12 14:12:12,2018-05-16 14:58:00,2018-05-17 20:28:31,2018-05-23 00:00:00
fe5cc94bdaa0c8c83b6cfb74d01747cf,2e401a3a209079930afd5f9e57ec6bb3,delivered,2018-06-25 12:25:23,2018-06-25 12:38:01,2018-06-25 13:57:00,2018-07-02 18:18:44,2018-07-23 00:00:00
fa8161b19b784110a75dfd84c5c63b1a,5c5ca003c071d601217cee768b2a4b28,delivered,2017-05-07 12:01:10,2017-05-07 13:05:42,2017-05-09 07:46:00,2017-05-13 11:56:58,2017-06-02 00:00:00
ecb9b15795b8962c43e024cc97611605,fdceacbf1e29b39745ee431d0a864d0f,delivered,2018-05-14 11:59:12,2018-05-15 03:55:56,2018-05-15 14:56:00,2018-05-18 23:22:02,2018-06-01 00:00:00
f30e9b83b1b7557b48c20dc8cf2e383f,8b0c6a16ffaa6a3242da476acb35704d,delivered,2017-07-07 11:39:44,2017-07-08 03:30:22,2017-07-10 18:16:10,2017-07-20 21:45:43,2017-07-20 00:00:00
56dc36c0b4aa0d60f98017b5ce97d587,c0fb4bcd57149dfee5a0dbaf5524505d,delivered,2017-08-19 22:03:36,2017-08-19 22:15:45,2017-08-21 13:33:31,2017-08-23 12:37:35,2017-09-20 00:00:00
7c92284adbec8033d160303d83065dbf,f4f811f335e7ad2807493faebcb874ef,delivered,2018-07-17 16:55:18,2018-07-17 17:05:26,2018-07-18 09:04:00,2018-07-26 18:26:44,2018-08-08 00:00:00
12110189ef70d77e946c6a0bd7b945a8,bf869ccfff4c893dbcb79dc0ca96043e,delivered,2018-05-21 11:42:35,2018-05-21 15:31:58,2018-05-22 13:13:00,2018-06-20 22:58:47,2018-06-07 00:00:00
0656252be8b31ab4b264a730f9e600cb,a553a10c8f858e664fe7cb71db0697a4,delivered,2018-03-07 14:11:18,2018-03-07 14:29:49,2018-03-20 16:50:18,2018-03-22 19:13:41,2018-04-04 00:00:00
1449e2bfe7a48a4534cd242f0d60e414,9e6512d352103b6ecbbfebfe637ab5df,delivered,2017-12-30 16:52:49,2017-12-30 17:06:51,2018-01-03 21:53:28,2018-01-15 21:18:53,2018-01-31 00:00:00
b03c3813b79abede0217026999c4fd66,edcb0d489e8bf0601ab2ca4ebde3bed1,delivered,2018-03-03 20:45:49,2018-03-03 20:56:04,2018-03-06 00:36:55,2018-03-20 22:53:44,2018-03-22 00:00:00
f33bb10a8083242acc69681587de119f,7f2c7852591133faac4da0fce82fb87d,delivered,2018-05-28 23:15:15,2018-05-28 23:29:50,2018-05-29 12:17:00,2018-06-04 17:34:46,2018-06-29 00:00:00
99ac72244106ef18ebd81fb6bebfa4bb,ced353863f72326c7e319790ba7c2952,delivered,2017-11-24 22:46:05,2017-11-25 01:52:36,2017-11-28 21:28:56,2017-12-27 14:09:37,2017-12-27 00:00:00
75d3527e66e8fc1d5f941e849c0de41f,58ffeb6d4f1b69883968cd8c383eaa0f,delivered,2018-01-20 19:20:06,2018-01-20 19:40:02,2018-01-22 23:38:40,2018-01-23 20:26:42,2018-02-06 00:00:00
87d1cfb06abb3632d70f55d8b2f2735d,413488223a8f96942b9a940fab6ec40a,delivered,2017-02-04 22:10:06,2017-02-04 22:22:08,2017-02-07 08:53:53,2017-02-08 08:08:37,2017-03-13 00:00:00
0f4fb5e0b20cdd9ef2fe37b2627f2cfe,1f3d03a5979d8a4cb8858252df331d14,delivered,2018-05-16 22:06:09,2018-05-16 22:34:34,2018-05-17 14:33:00,2018-05-18 15:51:36,2018-05-28 00:00:00
c3341ac81d23f61418efcca37cff454d,255a8946290522f5dd7470c385ee3a54,delivered,2017-11-09 01:23:34,2017-11-09 03:31:16,2017-11-09 15:56:52,2017-11-21 02:16:58,2017-12-05 00:00:00
c83b1508d1ce87e8c380ee3209720f81,859530ad4eef3fa5932b7aa55aeb314c,delivered,2018-05-23 16:00:27,2018-05-23 19:36:46,2018-05-24 15:49:00,2018-06-06 21:56:54,2018-06-21 00:00:00
95ebea26504e0c4e028d5cdd035c6f7a,2d06aa2dfce404eda03c5950c4a35960,delivered,2017-09-30 11:35:01,2017-09-30 11:49:24,2017-10-02 16:38:00,2017-10-11 20:23:00,2017-10-31 00:00:00
5c0f36da2753c3794d51c7be947e5843,7fc1aee92f41c50a308472ea5053eb53,delivered,2018-01-16 15:54:37,2018-01-17 03:38:52,2018-01-17 21:21:13,2018-01-26 16:33:04,2018-02-20 00:00:00
a373ffc34c4613f5136ec29b5af247e4,a9c5aae74c11eee456dac27069df9201,delivered,2018-08-08 16:42:07,2018-08-09 03:55:14,2018-08-10 15:58:00,2018-08-16 20:28:50,2018-08-20 00:00:00
3e93213bb8fdda91186b4018b2fe0030,353e6a256f90a009d3e801b655f33b98,delivered,2018-07-17 23:49:21,2018-07-18 00:05:19,2018-07-27 11:54:00,2018-08-07 00:02:47,2018-08-09 00:00:00
55239e09e4cd4de5e2e69452283e9b36,b3e091c31147aa119a2679a245a4fd9f,delivered,2017-07-22 10:44:10,2017-07-22 10:55:08,2017-08-09 20:50:10,2017-08-09 20:50:10,2017-08-17 00:00:00
48726972f0153574d5167b2db56f5464,8f4412b49832686551c68d31db32e3fb,delivered,2018-01-03 19:54:33,2018-01-03 20:06:38,2018-01-10 23:10:24,2018-01-22 20:45:26,2018-01-29 00:00:00
8e213471c11bcad28837b1442a6f041a,61d08c372ebb31964180a47ac8159b52,delivered,2018-06-11 15:46:48,2018-06-12 05:16:27,2018-06-12 13:09:00,2018-06-14 13:38:51,2018-06-28 00:00:00
8c2a426cd8a3c5fbe7d79b4696a5d20b,642e3b504a61c1898bf061f0d48dae51,delivered,2018-03-17 23:06:17,2018-03-17 23:27:44,2018-03-20 16:11:43,2018-03-21 17:13:25,2018-04-02 00:00:00
6cb134bb285a64b0425d1fdaa00d4214,d854800a320bbb07b484f76894e4638f,delivered,2018-07-01 20:54:21,2018-07-02 20:50:21,2018-07-03 10:48:00,2018-07-10 22:12:13,2018-07-26 00:00:00
babc205f9c18c546dd707728767237dd,0f7233f40c633aae998597e065b1d371,delivered,2018-04-19 16:22:55,2018-04-19 16:35:13,2018-04-20 00:48:27,2018-05-02 23:41:09,2018-05-17 00:00:00
8426778a02661989b8520457d7045886,00f4202fec304d8f984a33eddc630e0f,delivered,2018-04-09 18:53:07,2018-04-09 19:11:34,2018-04-11 16:38:58,2018-04-25 00:28:30,2018-05-11 00:00:00
a494244817c043c16eb0c72c5d0384ad,c691fa8d8cf769ea3b4b02572b606a6b,delivered,2017-11-29 10:40:13,2017-11-29 11:00:14,2017-11-30 19:49:02,2017-12-19 22:53:20,2017-12-28 00:00:00
75b10195b29fe2a89b781edc42f52485,d3dea56be797770f8c942f9fa49877b7,delivered,2018-02-10 21:03:33,2018-02-10 21:35:25,2018-02-15 22:23:16,2018-02-16 21:56:30,2018-02-26 00:00:00
4d544ef55956dd8aadf1162dc1b82ae1,50ffd1f49d653ce5b5d70d54db3468cf,delivered,2018-08-20 10:09:33,2018-08-20 14:55:28,2018-08-22 22:07:00,2018-08-23 18:45:45,2018-08-27 00:00:00
d338e94a703f4d7af1612be068a85bb6,f8d047b3dd09b4c6f4e873d925f56c4b,delivered,2018-08-10 15:06:18,2018-08-10 15:24:36,2018-08-13 14:55:00,2018-08-14 19:58:47,2018-08-22 00:00:00
b8cbd785d723a9bb46690512ee7b5440,3f107d24eaa727aacad371b02a0efdea,delivered,2018-04-25 15:25:21,2018-04-26 15:32:59,2018-04-30 10:42:00,2018-05-07 11:38:28,2018-05-11 00:00:00
75cd0e4d0a84e6252212e626a525d06b,92aabcc0f2e279fac9a67392d393abcf,delivered,2017-12-26 11:56:26,2017-12-26 12:09:00,2017-12-27 18:56:49,2018-01-11 13:32:51,2018-01-22 00:00:00
0f6896ec061c74612b3a5ab4f2146d0e,ee185cc1e2f628edb1634c85c6a8cd20,delivered,2018-03-12 13:07:37,2018-03-13 09:51:09,2018-03-14 18:03:24,2018-04-24 22:11:57,2018-04-12 00:00:00
b3a63aeb668343cbf7b37e72abb932f3,88312bc5fe4c1c594abf422b854b6677,delivered,2017-09-11 10:09:19,2017-09-11 10:24:13,2017-09-12 14:54:57,2017-09-14 15:38:48,2017-09-27 00:00:00
6101d68c2fb03e7c4571839add1a24b0,2a8ca956e86443110f087a53ae82b52f,delivered,2018-06-13 15:45:23,2018-06-13 15:59:43,2018-06-18 14:32:00,2018-06-26 18:58:40,2018-07-13 00:00:00
e3667abef962f425cb19e50231a2456f,b89b378dc7f617c4024bd5479571e099,delivered,2018-02-17 15:04:06,2018-02-20 07:06:53,2018-02-20 18:57:44,2018-03-22 23:51:19,2018-03-15 00:00:00
0756c3213eb9155bc1209caced66eb82,57aea3c0424ba421f4a819dbdd9fcb33,delivered,2017-12-21 23:01:24,2017-12-22 16:31:18,2017-12-27 17:58:14,2018-01-10 23:19:37,2018-01-23 00:00:00
c577aae17cbefe7f45972f2b2f06a760,b40e9509ac043645de6ac145ce787a3f,delivered,2017-07-09 11:27:14,2017-07-09 11:43:23,2017-07-10 20:37:55,2017-07-13 21:17:52,2017-08-01 00:00:00
1f1d34c2ba3f3ae5f852175df49f079c,3e72dabf2c10a14d047233a3823ddce1,delivered,2018-06-03 16:35:41,2018-06-03 16:50:36,2018-06-04 14:19:00,2018-06-06 23:02:52,2018-06-28 00:00:00
e9a82a82b91f0f1cb3703a5b6fb3c505,2583ccdc640198b5496a053f54b67b4e,delivered,2017-03-27 22:28:00,2017-03-27 22:43:23,2017-03-28 11:42:53,2017-03-31 13:03:57,2017-04-17 00:00:00
98c9c5c7df242bfccd1ad3510eff89f2,2879df7ed1e90a3f0bad2a69eaa904ba,delivered,2018-02-02 16:45:13,2018-02-02 17:43:16,2018-02-05 16:07:45,2018-02-20 17:22:10,2018-03-01 00:00:00
fa145f6e474f19a183553a249dc5a73b,302025f399c7405c509a297b6b9a1e73,delivered,2017-10-19 15:13:31,2017-10-19 15:36:03,2017-10-24 22:23:56,2017-10-27 21:28:01,2017-11-09 00:00:00
fb0c01b2efee313f5231a89c4a55e498,36fa9776dee38b20734cac9f7a382be4,delivered,2017-12-02 10:36:19,2017-12-02 10:57:09,2017-12-04 16:29:54,2017-12-21 17:12:40,2018-01-03 00:00:00
a15df161654da3f47c2984ffd7764920,109cf3ecc53afd27745a79a618cb5ec4,delivered,2017-01-28 18:30:17,2017-01-28 19:31:32,2017-01-31 11:09:43,2017-02-10 12:27:47,2017-03-08 00:00:00
936ed73e77adab4aaaf271bddfef8f09,e412a786e2d386eb745399143012e65e,delivered,2018-03-23 07:45:01,2018-03-23 07:55:31,2018-03-28 18:57:23,2018-03-29 20:22:10,2018-04-05 00:00:00
ea12bd9ee4b9a167ce287004482769e1,787b46588e96b01ea8bb3a4bfbccd352,delivered,2017-10-26 20:30:28,2017-10-26 20:46:38,2017-10-27 19:05:34,2017-10-31 20:22:51,2017-11-14 00:00:00
808a117545d27f5c0ea7cad158f70600,6899257ef9335343fd6eaa0daa8c52a8,delivered,2018-07-29 12:54:54,2018-07-30 19:32:09,2018-07-31 14:07:00,2018-08-06 21:38:35,2018-08-16 00:00:00
4ee7221f81fc4aa1e0324dac310f87b6,efacbeaf5e411d722010d0b8a4ba859a,delivered,2017-09-25 19:54:39,2017-09-25 20:07:14,2017-09-26 20:57:40,2017-09-29 21:14:08,2017-10-20 00:00:00
accd8ec914c1ab328cfbafe6a5339c85,82a238f8e3cd8ba8688cd74ada659cf1,delivered,2018-01-25 13:20:00,2018-01-25 13:38:52,2018-01-26 18:05:52,2018-01-29 22:28:40,2018-02-09 00:00:00
1a2f6c0996af3c2c4aa6eb3e3d536e0b,66112b1cd81cd04a54f4315599e8a66a,delivered,2018-05-23 12:46:35,2018-05-23 13:16:34,2018-05-24 15:58:00,2018-06-02 16:38:39,2018-06-11 00:00:00
1cbcd6f5fd482df88073ad0e5a411b39,8697c05aef3093605f0667354b8c7769,delivered,2017-03-22 11:40:21,2017-03-22 11:40:21,2017-03-23 11:08:55,2017-03-28 14:06:52,2017-04-12 00:00:00
028e37ed7cdd54ad41506f61df708cf9,5bbc72ac56e6c2d61f23a8a91a6ceac6,delivered,2018-04-10 16:44:54,2018-04-10 16:55:40,2018-04-11 18:08:43,2018-04-12 18:37:36,2018-04-25 00:00:00
640174dd3b1c33b00c0beab57f415612,f13981ea8af8ae0585691db41e971355,delivered,2018-06-03 21:51:47,2018-06-03 22:55:14,2018-06-04 13:34:00,2018-06-08 16:48:30,2018-07-17 00:00:00
347fd41d0f1089cc83a4fc100a95f3f8,dc520404eec2487b577e0c13a64a48ff,delivered,2017-05-15 09:38:12,2017-05-16 03:22:30,2017-05-17 14:45:29,2017-05-22 17:15:10,2017-05-24 00:00:00
7683e28d403c6a04e30902e9e415eec8,856d198a0f044d71737a4f922b50b0f8,delivered,2018-05-04 15:38:57,2018-05-04 15:55:22,2018-05-08 15:46:00,2018-05-14 15:54:50,2018-06-04 00:00:00
d436f5387d49c35277311bac09fd7d03,10de1d2f812b134f7659b081e1f72c52,delivered,2018-03-05 20:21:33,2018-03-07 02:15:36,2018-03-07 18:11:59,2018-03-09 03:28:21,2018-03-15 00:00:00
53ec23d3e71b749fd840c22675065007,8338b4460e3b0a968cafd391715d6ae4,shipped,2018-07-10 21:19:18,2018-07-10 21:35:18,2018-07-12 15:13:00,,2018-08-10 00:00:00
6eace5a496456d346454761a9fc00dd2,ba5642b730704dc0f74b7cf715b41ed5,delivered,2018-08-13 15:17:31,2018-08-20 09:21:49,2018-08-14 14:47:00,2018-08-23 11:03:09,2018-09-10 00:00:00
707d2b5688f10de45e680e1bec5d83ad,03bc9df96986cacc93d21bdb8914f83a,delivered,2018-03-07 23:05:01,2018-03-07 23:28:29,2018-03-08 23:08:20,2018-04-04 23:28:58,2018-04-03 00:00:00
ba4aad629e2c6afacab3ebd5e3d1e7ce,7222593d73650ed06f14c173e8c0e796,delivered,2017-12-06 00:22:10,2017-12-06 00:38:24,2017-12-06 17:49:48,2017-12-19 20:19:45,2018-01-11 00:00:00
78f36af48bdfeb73392e3250be7a9b47,4b5776d05ded0f5a435b56193b33003b,delivered,2017-05-05 20:33:28,2017-05-05 20:45:12,2017-05-09 14:19:21,2017-05-19 14:09:51,2017-06-02 00:00:00
81d8e5d965001789e9f871f474afaad5,4f3e1edfa3261b15f51c59030d12847f,delivered,2018-03-15 18:28:28,2018-03-15 18:49:09,2018-03-21 22:14:52,2018-03-23 00:38:46,2018-03-27 00:00:00
0a131976e98291762104959158e2bdc6,a396376e9147cf6dedca4eea41c5eafe,delivered,2018-07-14 16:12:14,2018-07-14 16:25:17,2018-07-16 12:44:00,2018-08-05 17:12:18,2018-08-07 00:00:00
83a9c18344682fcbc57696019ff1ff2a,96ca69bfa1a8b97847ced6f03bed4e79,shipped,2017-08-11 17:40:19,2017-08-11 17:55:23,2017-08-14 18:22:53,,2017-09-13 00:00:00
1fd20dcd28f95b7f60b8b09212db9f30,2730b508803cd84b892f1a6f93da0f70,delivered,2018-06-05 13:12:33,2018-06-05 21:53:10,2018-06-06 14:07:00,2018-06-15 15:03:51,2018-07-16 00:00:00
73420d311b56ca667f78b32cfccea8eb,16d54b87b9a9b62fdbe0efd2521e8eae,delivered,2018-01-18 19:10:52,2018-01-19 02:38:40,2018-01-22 22:49:20,2018-01-24 17:59:44,2018-02-02 00:00:00
624d5e149bcc11515ce32c6d710f566e,8edb93cca5a8d190789ab8aa6f415c9d,delivered,2018-03-19 10:45:47,2018-03-19 11:31:09,2018-03-22 21:34:45,2018-03-27 19:11:33,2018-03-29 00:00:00
4bd03dd6a8e45ca2f88013cf71bd22f8,28010f664ab68f8a7a67b4d249f46291,delivered,2018-01-13 21:44:25,2018-01-16 03:34:48,2018-01-16 23:42:56,2018-01-25 16:12:16,2018-02-15 00:00:00
1a4dc88681af860f27b5e7af0cf35ecd,cdefa555b31181f8be693ab16ce1a8d6,delivered,2017-04-24 10:53:28,2017-04-25 11:05:17,2017-04-26 12:16:49,2017-05-03 12:20:11,2017-05-15 00:00:00
0651c427722f910d3a2238dca1975fcc,ba441b699aeb3bb9afd7ec9c732ec617,delivered,2017-12-04 22:28:27,2017-12-06 22:33:05,2017-12-07 18:39:28,2017-12-14 11:14:58,2017-12-29 00:00:00
ef43d5664bd1ab24fd6b38b5a8ca3cf6,8d61ec6452053b7b174af0627f83d6ca,delivered,2017-11-21 23:07:23,2017-11-22 21:13:24,2017-11-28 13:21:27,2017-12-11 20:58:52,2017-12-08 00:00:00
cbb8697212a65198772c9406834180f8,c2b7ffaec7595810b1c1f71e75081c39,delivered,2017-12-12 17:52:38,2017-12-12 18:10:52,2017-12-13 21:45:48,2017-12-28 15:53:05,2018-01-12 00:00:00
eb35492173c3951dc20f437e0f5baf8e,4e3b341939a50bd5d99a86546e81526c,delivered,2018-04-26 09:51:43,2018-04-26 10:34:02,2018-04-26 14:29:00,2018-04-30 16:06:44,2018-05-10 00:00:00
2124d1e1d8114cf8b7637b46d40ce9c2,3f56c3e805e0659f2691c78f4997c86c,delivered,2017-10-15 15:27:23,2017-10-15 15:49:08,2017-10-18 21:47:45,2017-10-19 21:47:41,2017-11-06 00:00:00
f694a43692e80583d2b5b561d4af4488,b7efbfd326e16ce7203d8306af0d0dbd,delivered,2018-05-14 14:46:41,2018-05-14 14:55:28,2018-05-15 14:44:00,2018-06-04 18:34:01,2018-05-30 00:00:00
010ef5b0279d7512e7343cb775e423c0,4b9e8cd034b45245928f0d55a4ed4310,delivered,2018-04-17 11:28:08,2018-04-17 12:15:25,2018-04-18 15:32:28,2018-04-23 22:41:07,2018-05-07 00:00:00
216c6c60eaa02facee10abb4ca3a9c6f,20fd1d3f2cd5764f96b64c33263a57fd,delivered,2017-11-25 23:17:48,2017-11-25 23:33:33,2017-11-28 22:55:39,2017-12-01 21:42:12,2017-12-15 00:00:00
b76e1e63723d846f3382683973908122,39d556e9b4d5082c7dce489e24aa7163,delivered,2018-07-18 18:25:54,2018-07-20 05:05:14,2018-07-20 15:02:00,2018-07-25 16:52:04,2018-08-03 00:00:00
70e746af5b44223b32c2e1110cf12001,f035a091bc8d3cbfc3df925912539a8d,delivered,2018-01-18 16:45:53,2018-01-18 16:57:53,2018-01-19 20:53:03,2018-01-24 20:21:41,2018-02-14 00:00:00
aae1b0d4a875d809965f0ea19c86ff95,7fb06cf41183d4ff1eca879247681b56,delivered,2018-07-30 11:11:27,2018-07-30 11:44:30,2018-07-31 11:38:00,2018-08-01 15:38:39,2018-08-03 00:00:00
5480f040b65927b72574473cce844a76,3ae0ee80becb5e9de195f3cdd8487ebb,delivered,2017-08-30 17:53:35,2017-08-30 18:07:47,2017-08-31 19:32:28,2017-09-11 20:29:52,2017-09-21 00:00:00
03d7dd4730b71e0a310c9b30431c1961,da8dfb2660ba315e2a99e6e3aa2f5c10,shipped,2018-05-30 19:42:15,2018-05-30 19:55:16,2018-06-01 14:11:00,,2018-07-03 00:00:00
7af905809ddbaaed2af20592006857e0,5c9c326c6ba02d6301cb8c68292316f0,delivered,2018-04-15 23:38:38,2018-04-15 23:50:13,2018-04-19 01:38:40,2018-04-21 17:20:57,2018-05-11 00:00:00
2de6a60c0b5386778d202e28d688553c,2177339c6c7841dd2233b686a3566bcc,delivered,2017-05-12 10:24:16,2017-05-12 10:35:17,2017-05-12 11:14:43,2017-05-16 16:53:38,2017-06-01 00:00:00
eb51a3baab302140a62ffd510647c546,69f3d5d216d99079f72ead4326908012,delivered,2018-02-25 10:43:07,2018-02-25 11:20:23,2018-02-27 16:33:16,2018-03-13 14:22:17,2018-03-19 00:00:00
4454ffbb919a4763ae6aead697473b73,48eb77d5891b5b6fd70571920161aeec,delivered,2018-08-10 14:31:15,2018-08-10 14:44:42,2018-08-13 12:17:00,2018-08-20 21:11:32,2018-08-30 00:00:00
1ec0f6dd4813ff79c33a11b6c372cfb8,880d3d3c4199a399b6303b5417a8990f,delivered,2017-05-14 10:15:33,2017-05-14 10:25:10,2017-05-15 11:43:46,2017-05-25 09:46:54,2017-06-02 00:00:00
8c2a426cd8a3c5fbe7d79b4696a5d20b,642e3b504a61c1898bf061f0d48dae51,delivered,2018-03-17 23:06:17,2018-03-17 23:27:44,2018-03-20 16:11:43,2018-03-21 17:13:25,2018-04-02 00:00:00
8a39a4c8e92305849add36b95af88654,a6e2fa516f9931d73a9a1a9a98f24fc1,delivered,2018-03-01 19:14:00,2018-03-01 19:35:32,2018-03-02 23:04:43,2018-03-15 19:33:17,2018-03-21 00:00:00
e97c5b2fbc059aff15280edf4ff75dab,096998a766ecdf5781ac34029965b83f,delivered,2017-08-15 17:31:14,2017-08-16 03:30:23,2017-08-16 17:07:46,2017-08-17 15:39:38,2017-08-28 00:00:00
6709606f3773c59d8bed53c0d9bb614d,0be4ccac4dad0eece92dc788cd5e9260,delivered,2018-05-21 00:26:19,2018-05-22 07:54:02,2018-05-24 14:54:00,2018-06-08 09:51:58,2018-06-11 00:00:00
f4501c0e013275ff49c4a0c3d16c50ee,377f47be1e40177751881844802d210e,delivered,2017-03-23 00:48:00,2017-03-25 02:11:05,2017-04-08 03:26:49,2017-05-05 17:05:10,2017-04-27 00:00:00
03181fddac1b424c893821ec539b2abf,2e3c87a1fe28dc56e695f7584818c62b,delivered,2018-05-05 16:35:57,2018-05-05 16:53:39,2018-05-07 11:37:00,2018-05-08 16:08:40,2018-05-18 00:00:00
b0cefae8126a97c2348f53ba5aebd506,e1028380a416953a189b17d94ff1896e,delivered,2017-11-24 06:13:31,2017-11-27 11:35:35,2017-11-27 20:40:05,2017-12-02 12:03:25,2017-12-19 00:00:00
ead44d01d54591915544516e05a8b76c,ce11122eeb089c04537c5ceb4fbc385a,delivered,2018-04-25 00:48:29,2018-04-25 01:11:02,2018-04-26 09:29:00,2018-05-04 20:13:52,2018-05-21 00:00:00
3aea5a83ca5bc41e6ecd21afd19bbd81,aff521ae3a328c4c9601f45f907cc7a5,delivered,2018-01-15 15:47:39,2018-01-16 15:36:25,2018-01-17 21:04:25,2018-02-06 22:28:35,2018-02-16 00:00:00
682dc4cd6b8eeb68f00866564d1f546b,b8e0c8f25d5bea287cd56666f678d57a,delivered,2017-10-04 11:06:48,2017-10-04 11:24:29,2017-10-04 22:29:47,2017-10-11 20:03:46,2017-11-01 00:00:00
1b2b354adeb38c1c308c915faf7d3288,b0962c45b3881a52d605fe965ca9a776,delivered,2017-08-30 09:33:21,2017-08-30 09:45:15,2017-08-31 19:32:28,2017-09-04 20:51:33,2017-09-19 00:00:00
c52fc1fc33756cfdee5d0cd6fed55765,b2e3d091b5b6524577a1b12c46729c8a,delivered,2018-07-14 22:11:13,2018-07-14 22:25:20,2018-07-16 13:43:00,2018-07-27 16:56:22,2018-08-03 00:00:00
986dfd5411cb5a65f3fe024bdb0d0745,0d0d6e3ef1bb0fc138cc892552ece941,shipped,2018-07-03 19:59:42,2018-07-05 16:05:58,2018-07-04 14:15:00,,2018-08-20 00:00:00
71f9826cc06707008c91a2192b11728e,ac5872796a8e17fa078a88cabc2e4578,delivered,2018-05-01 14:14:10,2018-05-01 14:34:14,2018-05-03 19:04:00,2018-05-04 16:09:05,2018-05-21 00:00:00
cab08f0417a702d0f4782ec02356a4ac,f4b4417d306cbf8c55ea65c89d0261f7,delivered,2017-09-30 18:54:53,2017-10-03 04:28:12,2017-10-03 18:54:12,2017-10-30 12:37:42,2017-11-01 00:00:00
14861b02076ed7da9471988265a0104b,06e107f212576eccb2e2adc7781c9705,delivered,2018-07-12 00:03:11,2018-07-12 00:15:15,2018-07-12 14:03:00,2018-07-13 16:48:34,2018-07-26 00:00:00
d2142399ae9975a18c099e642c5e48f9,c09557607b4707656905142f3e80c1be,delivered,2017-04-17 21:09:39,2017-04-17 21:22:12,2017-04-20 16:24:24,2017-05-29 08:10:00,2017-05-25 00:00:00
1c735d7c3e1d3e7f05d904b3f15757bd,95f1c19c007a9e92d436534c97f17b43,delivered,2018-03-16 17:11:44,2018-03-16 17:28:57,2018-03-20 14:38:58,2018-04-03 01:24:54,2018-04-04 00:00:00
59ffc9b2c09392188ab671e0a67bdb3e,501c45612cabee0dadab5d98677809e1,delivered,2018-07-19 11:07:26,2018-07-19 11:22:59,2018-07-19 12:27:00,2018-08-03 22:03:15,2018-08-09 00:00:00
eb35492173c3951dc20f437e0f5baf8e,4e3b341939a50bd5d99a86546e81526c,delivered,2018-04-26 09:51:43,2018-04-26 10:34:02,2018-04-26 14:29:00,2018-04-30 16:06:44,2018-05-10 00:00:00
e84aab6af2a71fdd57e937740dc5a3dc,1575002669893d427c0469145358c92a,delivered,2017-11-25 20:12:29,2017-11-25 20:34:37,2017-11-28 18:34:51,2018-01-08 18:27:39,2017-12-26 00:00:00
fb0c01b2efee313f5231a89c4a55e498,36fa9776dee38b20734cac9f7a382be4,delivered,2017-12-02 10:36:19,2017-12-02 10:57:09,2017-12-04 16:29:54,2017-12-21 17:12:40,2018-01-03 00:00:00
649fbfef8ead059794ca4dff975904d0,4a4a9d30308a7275440ff5514f22d367,delivered,2018-04-23 16:20:13,2018-04-24 17:43:52,2018-04-24 02:17:23,2018-05-03 19:51:27,2018-05-11 00:00:00
c52a603ac74efb60aefc2f0e79d3a432,607c5e234f26e35e0e8e32a6eb47670f,delivered,2017-02-02 15:22:02,2017-02-03 03:45:34,2017-02-03 12:34:52,2017-02-10 09:27:44,2017-03-09 00:00:00
845af102c87e1c1bbcb900956ca08e90,c38c4b830f5c4a3825eea988694fb0af,delivered,2017-07-15 14:01:45,2017-07-15 14:10:15,2017-07-17 19:13:02,2017-07-26 20:27:27,2017-08-10 00:00:00
065c76c0f11720ac66d53d0903f762b6,3dfcd3a85f0c320f16fec5214957d9bc,delivered,2018-03-27 11:09:52,2018-03-27 11:27:44,2018-03-28 16:03:38,2018-04-03 01:54:28,2018-04-23 00:00:00
838263e3f79563bccd736531aec2a915,933ef27e887c4f3e10f90ff8b4f187f6,delivered,2017-11-28 18:18:39,2017-11-30 02:25:11,2017-11-30 20:03:00,2017-12-11 20:14:36,2017-12-21 00:00:00
7b20199069d3b0d759ee39520cf5aed2,2dfa899c2cef91ca57781435d68471dc,delivered,2017-12-26 17:50:20,2017-12-27 15:59:33,2018-01-03 20:28:27,2018-01-09 23:28:55,2018-01-22 00:00:00
f205c6826655efc71379acaa53d3b83b,25033515ca54549ab33a66e549c6f2de,processing,2017-09-29 00:54:27,2017-09-29 01:07:07,,,2017-11-10 00:00:00
07bcb0695fd4e3121e2fae21fbef3d28,4b63383d57d7b45e8c7df93cdbc5029d,delivered,2018-07-25 14:38:30,2018-07-25 14:55:10,2018-08-01 16:27:00,2018-08-03 16:56:38,2018-08-14 00:00:00
f240664fa94d4650c67cbdc818bc8135,08795c52e7b0525cd0b5bf92a66da58d,delivered,2017-04-01 12:40:40,2017-04-02 13:42:26,2017-04-03 09:38:03,2017-04-04 15:40:01,2017-04-24 00:00:00
92b6250c9e1d1e359a29929fa9f62395,b17ac2d4ba142dda51133ec4ccc22314,delivered,2017-09-19 23:08:38,2017-09-19 23:24:08,2017-09-25 20:10:38,2017-09-28 19:53:28,2017-10-05 00:00:00
b74bc3b933611bea834fda513928328e,d9e02253975d2de2009e95eb19bd9681,delivered,2018-01-29 13:36:45,2018-01-29 13:57:08,2018-01-30 20:38:00,2018-02-08 20:52:38,2018-02-20 00:00:00
29c5a7f7a7e0947fa6d28f355cd28c5f,8b5ac3704c58f8ab8591a68d5427f41e,delivered,2018-05-15 13:53:23,2018-05-15 14:30:39,2018-05-21 16:30:00,2018-06-06 15:04:08,2018-06-05 00:00:00
6bf022e11f38687e2771eba0a762b911,1ffd4255012e38481e8561a5d327e1f9,delivered,2018-04-09 16:16:39,2018-04-10 15:35:27,2018-04-13 00:21:28,2018-04-21 00:04:01,2018-05-03 00:00:00
b8b632a58abdbcc69a744281a630ecd8,87109c0a75a724d931893a7a0ec90d06,delivered,2018-05-05 09:51:37,2018-05-08 03:52:36,2018-05-08 16:11:00,2018-05-11 20:44:31,2018-05-23 00:00:00
abb76549f54fa02e04e1d3da5e8f3cce,84f8e654b54b0c3a65c2ff7f08ac14e1,delivered,2017-11-07 11:34:11,2017-11-09 04:31:05,2017-11-09 16:22:04,2017-11-14 23:03:35,2017-12-06 00:00:00
c3c27f7cd6104efcb1a0d7793dd66fd2,faac546cb986bf69ac3fe11b519c3c43,delivered,2018-02-21 20:48:49,2018-02-21 21:49:05,2018-02-27 17:05:47,2018-03-05 19:37:22,2018-03-23 00:00:00
b17d1971fecd03b2f511cbf6cfab681e,933c4bfb97a8cdf9711b9d4fb70e38a6,delivered,2018-06-08 13:50:54,2018-06-08 15:31:38,2018-06-13 12:51:00,2018-06-29 21:44:49,2018-07-12 00:00:00
42f1ec56e012e2c2c5b269c7681ff429,3be2672b8530d0f4d342c18d907de378,delivered,2018-01-02 16:46:47,2018-01-02 16:55:56,2018-01-15 20:58:39,2018-01-24 12:54:30,2018-02-16 00:00:00
f041636b56e76b6320b39db6f42a9eeb,2f9504882f2ded2fd6c1230a7ca59721,delivered,2017-11-13 11:22:05,2017-11-13 11:35:26,2017-11-16 21:02:43,2017-11-29 18:03:12,2017-12-12 00:00:00
345de0cb4a0a058abaa652096fd1f89e,faae7c482c489250578077e52576b3e9,delivered,2017-06-29 16:24:53,2017-06-29 16:35:45,2017-07-04 14:03:00,2017-07-13 18:59:56,2017-07-25 00:00:00
482e206fff82661add35d3aeab19fd93,22751df9d8e0530108d0997313791666,delivered,2018-07-14 15:26:48,2018-07-17 07:31:30,2018-07-18 15:16:00,2018-07-23 14:26:49,2018-08-01 00:00:00
589538510b70bdc85d8879920b71bcd0,15d87bc44fdf6834f3ce6ed170fbe473,delivered,2017-04-23 17:13:44,2017-04-25 08:15:11,2017-04-27 11:08:34,2017-05-08 09:23:40,2017-05-18 00:00:00
2de6a60c0b5386778d202e28d688553c,2177339c6c7841dd2233b686a3566bcc,delivered,2017-05-12 10:24:16,2017-05-12 10:35:17,2017-05-12 11:14:43,2017-05-16 16:53:38,2017-06-01 00:00:00
838263e3f79563bccd736531aec2a915,933ef27e887c4f3e10f90ff8b4f187f6,delivered,2017-11-28 18:18:39,2017-11-30 02:25:11,2017-11-30 20:03:00,2017-12-11 20:14:36,2017-12-21 00:00:00
b04215f2cbc4e1fdd167427e657c7d16,beb649b39fa226baecfc1b5333671de8,delivered,2017-02-10 20:22:24,2017-02-10 20:30:13,2017-03-15 11:37:25,2017-03-20 09:37:32,2017-03-09 00:00:00
4bb0dade496fdb8b82cd2fe250996451,472b42bf049d640a9187977e0836c697,delivered,2018-08-19 11:10:02,2018-08-20 11:32:00,2018-08-20 14:46:00,2018-08-21 16:41:57,2018-08-29 00:00:00
a1e4076fddd5b3b4516b727655e5b643,f9bb705a6d800dbb127ec638075fd849,delivered,2018-07-16 13:51:30,2018-07-16 14:05:12,2018-07-17 06:47:00,2018-07-23 19:05:00,2018-08-10 00:00:00
e2aa3c8ad14a870e32ae9718c84e0567,ab46e96282251f5c3044ab20b668d88b,delivered,2018-01-20 10:24:49,2018-01-20 10:37:11,2018-01-22 18:14:59,2018-02-26 16:08:33,2018-02-23 00:00:00
89213fd88487a78eb20c786df6abc9fa,46a4ac4dcaf4f17c44f5d7c5a5afaf86,delivered,2018-01-16 18:56:38,2018-01-18 02:11:33,2018-01-19 21:08:15,2018-01-22 18:56:40,2018-02-09 00:00:00
fb35078c4e6b1e02054bbc697aea411f,1ad3986272341934a66dc1ba2f26c752,delivered,2018-02-25 17:01:29,2018-02-27 04:31:06,2018-02-27 21:13:57,2018-03-16 13:36:48,2018-03-28 00:00:00
fb8b96cba85572e4fbdaedd04f44fdb6,ec5b500159fbf4029de1759b1cf1e0b0,delivered,2017-07-22 10:23:10,2017-07-22 10:35:11,2017-07-24 19:17:43,2017-07-26 17:49:30,2017-09-01 00:00:00
345de0cb4a0a058abaa652096fd1f89e,faae7c482c489250578077e52576b3e9,delivered,2017-06-29 16:24:53,2017-06-29 16:35:45,2017-07-04 14:03:00,2017-07-13 18:59:56,2017-07-25 00:00:00
12c52aeb1dba3fcbef2e36accacca1e4,0218de8038240591323aa1f89630a1e8,delivered,2018-02-13 15:19:02,2018-02-13 15:30:25,2018-02-14 21:04:25,2018-02-22 15:52:15,2018-03-08 00:00:00
18323bf515bec81ec824b51f618d2429,2dd5c9999a479a9e240d42bd38b4266a,delivered,2017-03-10 19:32:27,2017-03-10 19:32:27,2017-03-13 04:13:42,2017-03-21 17:45:36,2017-04-06 00:00:00
8fd361858abba7604b18a32f16483a8d,8392e3d4cfeec63f2a8bfea68bf1f91f,delivered,2017-05-22 19:23:14,2017-05-22 19:30:19,2017-05-24 13:40:23,2017-06-02 13:06:02,2017-06-27 00:00:00
d3e737e1eef1aa87ad5c92bcbf7396dc,10d2a255228fa0b30be3453dc1feb36b,delivered,2018-04-23 11:41:51,2018-04-24 19:05:26,2018-04-23 21:48:57,2018-04-25 23:25:28,2018-05-10 00:00:00
82ff294d1970490323910cdd6c463977,2923538b48ba4910e980aa90a89c3a2e,delivered,2017-03-11 08:18:51,2017-03-11 08:18:51,2017-03-14 10:44:52,2017-03-22 12:53:46,2017-04-06 00:00:00
ccbd198eb55e22f3b2240d1605961c5f,352289eecb0665692f1020c18c945378,unavailable,2017-07-07 13:24:00,2017-07-07 13:35:14,,,2017-07-31 00:00:00
5d7c9ec4aa4d83e0b66b73e3ad2d7c06,c36e7cd497c538831ff5d1a3e5af5e47,delivered,2018-08-23 13:19:20,2018-08-23 13:30:31,2018-08-24 11:14:00,2018-08-28 18:19:38,2018-09-25 00:00:00
190f1efcb8b7f7fdcf6690c0c3e78c39,0975b736f07ef1af2adb4e91cba4a035,delivered,2017-12-23 22:51:50,2017-12-23 23:08:39,2017-12-26 18:52:27,2018-01-11 22:34:10,2018-02-06 00:00:00
56dc36c0b4aa0d60f98017b5ce97d587,c0fb4bcd57149dfee5a0dbaf5524505d,delivered,2017-08-19 22:03:36,2017-08-19 22:15:45,2017-08-21 13:33:31,2017-08-23 12:37:35,2017-09-20 00:00:00
13cefc43767ea15bacf542800eb19f54,9cf25707678a56ff1e859db99c3d1c06,delivered,2018-03-02 19:18:39,2018-03-02 19:30:30,2018-03-05 16:38:31,2018-03-19 22:33:44,2018-03-23 00:00:00
d864a779606f422a7afe050dd25d7209,9b2cf59573a725de29e6527c1e123a4b,delivered,2017-06-27 18:19:32,2017-06-29 02:50:34,2017-06-30 12:32:24,2017-07-06 13:42:12,2017-07-21 00:00:00
8b0128d6fee114eb818400897a13c6e7,f1c5f4863531050ba9cb6fbad56f9929,delivered,2017-07-30 14:53:43,2017-07-30 15:05:17,2017-08-01 21:32:49,2017-08-03 20:59:40,2017-08-11 00:00:00
941b2fd26e5b95866e364344706f66c0,990e231928ac749b44d8826008cb048b,delivered,2017-08-23 10:36:41,2017-08-24 03:06:24,2017-08-29 19:22:49,2017-09-14 22:17:00,2017-10-04 00:00:00
d978adcd421de6a71e9974afe4414e4f,5b11c53161333319dc2064ab1049730e,delivered,2018-04-18 16:43:47,2018-04-18 17:14:49,2018-04-19 22:58:38,2018-04-24 21:12:44,2018-05-11 00:00:00
6e7f938e1ebc4eb4b205b2ad66c5525d,d64eb944d3fef8d269de717e4bc2d56c,unavailable,2017-09-12 00:08:18,2017-09-12 00:23:58,,,2017-10-03 00:00:00
d72897662eb03d6b058a063d27c6e5e7,6745f0b95b60ead308db72ce7fff278c,delivered,2018-06-08 09:47:41,2018-06-08 09:56:01,2018-06-08 14:59:00,2018-06-11 19:17:41,2018-06-26 00:00:00
4c96e6cd1329471164e71b76d8ac0619,7769eebb90b7a387fbf8087dd60024d4,delivered,2018-03-27 22:19:36,2018-03-27 22:30:10,2018-04-02 22:26:39,2018-04-06 17:12:46,2018-04-13 00:00:00
920a775204d54696910a3056ff090942,81bebc06bc7bb674fa6353451be2a23b,delivered,2018-05-30 21:13:04,2018-06-05 03:50:23,2018-06-05 14:06:00,2018-07-10 16:51:18,2018-07-23 00:00:00
ece456981916b0a15389f632ca95e4c4,83f3342b0ee6f0c116666610ec70e082,delivered,2018-02-05 19:25:51,2018-02-07 02:52:16,2018-02-08 14:58:24,2018-02-19 20:38:49,2018-03-02 00:00:00
c6522dab7d6b83ada4140b653c4db0b5,0792343f0465acf2c7aee7e4fce852d8,delivered,2017-01-30 16:07:38,2017-01-30 17:31:22,2017-02-01 13:57:48,2017-02-16 12:35:23,2017-03-07 00:00:00
a99b675cd2dcd649c283ec1ba49b92af,375218fb5cb847e5cdcb129195f11826,delivered,2017-04-25 13:34:23,2017-04-25 13:45:11,2017-04-27 08:45:14,2017-05-03 12:47:51,2017-05-22 00:00:00
60cbc2a85ecd535c911397c150d60627,910636a4f7f8671c368176ea6dbb4277,delivered,2018-08-11 11:27:17,2018-08-11 11:35:19,2018-08-17 15:41:00,2018-08-24 14:34:46,2018-08-29 00:00:00
94392cf6467d0d71ec5fcab718cf3094,d20b51ca1b75f352d433945310a4d92f,delivered,2018-01-05 22:22:05,2018-01-05 22:32:28,2018-01-08 15:54:42,2018-01-29 18:38:40,2018-02-08 00:00:00
0e0fa429a12bc8105554270a3a52ce97,c7f4ae2ceae1c61d7498868443fc755f,delivered,2018-07-13 12:00:36,2018-07-13 12:10:46,2018-07-16 15:11:00,2018-07-21 15:50:57,2018-07-31 00:00:00
4ee7221f81fc4aa1e0324dac310f87b6,efacbeaf5e411d722010d0b8a4ba859a,delivered,2017-09-25 19:54:39,2017-09-25 20:07:14,2017-09-26 20:57:40,2017-09-29 21:14:08,2017-10-20 00:00:00
bd5d52497dd09bba18a9c06890c2e2c5,b81903860cd300ddda44b87124a88002,delivered,2017-08-06 22:26:37,2017-08-06 23:20:09,2017-08-08 19:11:59,2017-09-05 22:07:08,2017-09-06 00:00:00
c08d66a6714c940c505deae9b3916bcf,04da4cb5962496bd80f5d2d9de7a50b2,delivered,2018-01-23 19:51:48,2018-01-24 02:53:17,2018-01-24 17:15:42,2018-01-25 22:24:27,2018-02-07 00:00:00
c3fdd79a248296dd41d7369eb034db97,c56908e1041936843d95e0aae415f155,delivered,2017-07-10 17:01:00,2017-07-10 17:15:19,2017-07-20 20:44:32,2017-07-24 17:12:26,2017-08-07 00:00:00
91de6d82a66a52cbc3286556438b4705,f1a09318e72e9fb52681f649ff77926c,delivered,2018-03-16 21:56:13,2018-03-19 17:15:38,2018-03-20 20:03:49,2018-04-20 18:58:55,2018-04-12 00:00:00
c577aae17cbefe7f45972f2b2f06a760,b40e9509ac043645de6ac145ce787a3f,delivered,2017-07-09 11:27:14,2017-07-09 11:43:23,2017-07-10 20:37:55,2017-07-13 21:17:52,2017-08-01 00:00:00
e548f19535ce3b22126e497bcc5d6e16,d564beb5fac0483631d916413f96e666,delivered,2017-07-15 22:45:51,2017-07-18 05:55:18,2017-07-18 20:46:45,2017-07-21 16:57:45,2017-07-28 00:00:00
4d5abe7999d76d1fb6237d3677706af0,88aac7b0942dcdb41ebabf7811b106fc,delivered,2017-11-23 18:13:30,2017-11-23 18:55:39,2017-11-28 20:07:50,2017-12-19 08:58:58,2018-01-04 00:00:00
fe1e111fae7024187f42e73aecff899d,2e558ce29b3e5b9d52c2e2791802cb7e,delivered,2018-08-17 21:23:04,2018-08-17 21:35:19,2018-08-20 19:37:00,2018-08-27 17:32:14,2018-08-31 00:00:00
45de27572f22822e03786f094dee22f3,5eaca6dbb83458bc7094070e23ab592e,delivered,2018-05-21 08:13:46,2018-05-21 08:31:04,2018-05-21 16:11:00,2018-06-05 15:42:55,2018-06-07 00:00:00
13cefc43767ea15bacf542800eb19f54,9cf25707678a56ff1e859db99c3d1c06,delivered,2018-03-02 19:18:39,2018-03-02 19:30:30,2018-03-05 16:38:31,2018-03-19 22:33:44,2018-03-23 00:00:00
d71fc3033bc27e81b5a946294eb577dc,d134e0c1f138c383dbbaec56a8146a96,delivered,2017-08-18 13:53:01,2017-08-18 14:10:14,2017-08-22 21:41:24,2017-08-25 20:15:21,2017-09-12 00:00:00
6296cd93e0540917385ff96f03f3ad92,e3b7e1d95c0fc141ba579fe399e81e58,delivered,2018-01-30 14:33:57,2018-01-31 13:31:59,2018-02-01 14:41:30,2018-02-14 14:07:41,2018-03-05 00:00:00
81a6ac5a2e54ea1f2883d6054be7b339,c1c327a1f031715cf00adc9f69fbff73,delivered,2017-02-17 10:32:57,2017-02-18 03:15:10,2017-02-20 14:27:52,2017-03-03 07:17:51,2017-03-22 00:00:00
4a0b498204bb56ab863db1f1acd84288,28c28a770c60db37d33d17a2823dcec6,delivered,2017-07-20 17:52:10,2017-07-20 18:05:23,2017-07-21 15:13:35,2017-08-07 19:22:05,2017-08-11 00:00:00
bde06a769a934fd5e54ef3a8019a4e72,04eec7a0a61d36a9fc40fbce299ea2a0,delivered,2017-12-18 16:45:55,2017-12-18 17:51:12,2018-01-05 17:59:50,2018-02-21 00:21:44,2018-01-26 00:00:00
44623b600f074e7c76dc280274e437f8,f622cff2f3895f0d5dbbb6772c1476c5,delivered,2017-11-08 20:35:41,2017-11-08 20:46:22,2017-11-16 15:02:22,2017-11-22 19:28:33,2017-11-28 00:00:00
2887a3e067f56df09cbc679f3646deb0,d18bff6a3de67eebfab42468ffcc42a5,delivered,2018-03-16 10:36:42,2018-03-16 10:49:01,2018-03-20 13:42:44,2018-03-29 17:34:08,2018-04-04 00:00:00
8435644661a27a84e873e6382328468f,d0fe702369bd948993145ebd7feb8d83,delivered,2018-01-20 20:26:40,2018-01-20 20:41:07,2018-01-22 22:52:44,2018-01-28 11:44:29,2018-04-02 00:00:00
0d694d4d413750922e42f63577896916,9b87b9bb4f1b6cd001096294c21970c8,delivered,2017-11-24 23:20:02,2017-11-25 02:16:32,2017-11-28 21:59:58,2017-12-30 00:06:59,2017-12-20 00:00:00
37b6a6302848e0ce3dfefef7716a70b7,9d5d0ae23628bd7835869290caebde9e,delivered,2018-06-27 22:26:14,2018-06-28 10:11:06,2018-06-28 14:48:00,2018-07-11 13:37:41,2018-07-25 00:00:00
e84aab6af2a71fdd57e937740dc5a3dc,1575002669893d427c0469145358c92a,delivered,2017-11-25 20:12:29,2017-11-25 20:34:37,2017-11-28 18:34:51,2018-01-08 18:27:39,2017-12-26 00:00:00
5f4f0369b32151df633e5054d6f4a3fd,ed3e6a4bc34efc2ba21fd9a1fc6048f9,delivered,2018-01-24 11:31:35,2018-01-24 15:16:14,2018-01-25 21:41:36,2018-02-07 01:12:01,2018-02-16 00:00:00
85a525f63659815ea2974c9fdc1c85b9,18e60ac17a63a5f07b52c9dc037ab20a,delivered,2018-03-02 17:11:54,2018-03-03 02:35:35,2018-03-08 18:56:40,2018-03-09 19:41:54,2018-03-21 00:00:00
bd67f781813f153083d633f8c81d0820,d7e165ba90f233742894011d725448c1,delivered,2018-01-19 14:58:55,2018-01-19 15:13:01,2018-01-22 21:21:52,2018-01-29 14:47:42,2018-02-16 00:00:00
a84f2bf7fd1e2c2f29199f76c46d5238,361b489a269ec4bfcd217ab600c15a48,delivered,2017-11-24 21:03:58,2017-11-24 23:59:25,2017-12-04 15:57:06,2017-12-22 19:38:50,2017-12-21 00:00:00
1b2b354adeb38c1c308c915faf7d3288,b0962c45b3881a52d605fe965ca9a776,delivered,2017-08-30 09:33:21,2017-08-30 09:45:15,2017-08-31 19:32:28,2017-09-04 20:51:33,2017-09-19 00:00:00
4d6dca1dbb561c5c5af9a4c8fbc38375,8129c1c506d7d2a41ca7caf3c38fa85f,delivered,2017-10-30 10:47:23,2017-10-31 10:50:34,2017-11-07 17:51:49,2017-11-11 17:07:44,2017-11-21 00:00:00
6448006dfb006e20493015dc6358de41,04f257b05acbafc20d4886c8b12d0244,delivered,2017-06-05 02:27:32,2017-06-05 02:35:09,2017-06-07 05:39:59,2017-06-22 16:25:03,2017-07-04 00:00:00
0e78a0fe8a4dba7965080ad7c3bce866,186799b6bb8ea8989abffd8d1d8dc487,delivered,2018-06-08 08:14:36,2018-06-08 08:33:40,2018-06-08 14:02:00,2018-06-15 23:54:45,2018-07-11 00:00:00
58abb67bdae1bb19e02f0900170da374,a2e7428415373109ec4643182ba16c69,delivered,2017-04-25 14:58:40,2017-04-26 15:05:14,2017-04-27 10:15:33,2017-05-02 15:05:59,2017-05-26 00:00:00
d82ef777bb562af6d9a927bd6f3e7357,a0ed1a42e302ac466ddda7c0496b928a,delivered,2017-09-10 20:14:28,2017-09-12 04:45:57,2017-09-15 19:02:46,2017-09-21 22:12:29,2017-09-28 00:00:00
a8eab0b579c3288c60cd6f4933c48626,fbaaeb1f5b3f3cc5c226cb5b95d18584,delivered,2017-12-03 16:52:02,2017-12-03 16:59:29,2017-12-06 22:22:18,2017-12-11 17:49:22,2017-12-28 00:00:00
5dc0af9bde879bc9546685cc7c1035da,3b6c1300a15f16c2097081156eb8355d,delivered,2018-05-16 09:38:21,2018-05-16 09:57:23,2018-05-16 14:05:00,2018-05-21 20:08:44,2018-05-30 00:00:00
7b20199069d3b0d759ee39520cf5aed2,2dfa899c2cef91ca57781435d68471dc,delivered,2017-12-26 17:50:20,2017-12-27 15:59:33,2018-01-03 20:28:27,2018-01-09 23:28:55,2018-01-22 00:00:00
9a7fc3b0802afc9b2b46c1e2f323a738,c3860745545e4c4f20c349a4dac765a5,delivered,2018-07-19 11:12:30,2018-07-21 03:30:17,2018-07-24 13:58:00,2018-07-31 18:22:49,2018-08-16 00:00:00
361f034789232a97f47cc1d000c930ae,72bf3d263baa8682be8224662f7e3671,delivered,2017-07-02 16:57:39,2017-07-02 17:10:18,2017-07-04 12:44:45,2017-07-12 19:39:23,2017-07-28 00:00:00
14e4ba20c3a5b38de7c1e5edab904bf9,ee62bc8402e533e9711aa2f3d56f4b0c,delivered,2017-07-14 09:20:21,2017-07-14 09:43:48,2017-07-18 16:14:58,2017-07-26 18:18:01,2017-08-08 00:00:00
b52297c2962cf13981238d8a35c0f62c,3ee60392c784c837894f3391360004a8,delivered,2017-05-30 19:27:49,2017-05-31 19:35:22,2017-06-09 13:34:05,2017-07-12 21:56:51,2017-07-06 00:00:00
5d39411a17c42bca603225f6f89a0207,fea3ed32e9d3eea5878fb54a399461a8,delivered,2018-04-02 17:51:14,2018-04-02 18:10:03,2018-04-03 20:58:24,2018-04-05 23:27:36,2018-04-18 00:00:00
03cd43eb7c373b23a0b55c1c8f76c861,14d70a0cee529bb63fec5712914c3938,delivered,2018-06-28 10:17:16,2018-06-28 10:31:33,2018-06-29 14:45:00,2018-07-04 00:51:59,2018-07-23 00:00:00
7fc849fe7b19291b174ea1ab2a8759a5,fbf1d555f02296c5d568ba0a59b1d0ec,delivered,2018-02-28 15:04:19,2018-02-28 15:15:34,2018-03-01 23:53:05,2018-03-12 17:58:27,2018-03-21 00:00:00
18323bf515bec81ec824b51f618d2429,2dd5c9999a479a9e240d42bd38b4266a,delivered,2017-03-10 19:32:27,2017-03-10 19:32:27,2017-03-13 04:13:42,2017-03-21 17:45:36,2017-04-06 00:00:00
bc2ca758b82d10e0d335c8eb12349128,71470c77752ae4d613157eadefe91165,delivered,2017-06-25 01:02:11,2017-06-25 01:10:16,2017-06-26 14:40:12,2017-07-06 14:37:30,2017-07-20 00:00:00
be4bbf54d948c09c8aac488a1162c1e1,e8126668295dd95c0bb189bb31e9b00a,delivered,2017-12-29 16:51:39,2017-12-29 17:31:31,2018-01-02 20:39:08,2018-01-08 22:59:19,2018-01-24 00:00:00
0a31cb63d4483ffbef1d5503752a0b5d,d9e90748b0092bb0f5417edccf34783b,delivered,2017-07-18 13:44:30,2017-07-18 13:55:18,2017-07-19 19:22:51,2017-07-25 19:43:37,2017-08-09 00:00:00
91de6d82a66a52cbc3286556438b4705,f1a09318e72e9fb52681f649ff77926c,delivered,2018-03-16 21:56:13,2018-03-19 17:15:38,2018-03-20 20:03:49,2018-04-20 18:58:55,2018-04-12 00:00:00
1a2f6c0996af3c2c4aa6eb3e3d536e0b,66112b1cd81cd04a54f4315599e8a66a,delivered,2018-05-23 12:46:35,2018-05-23 13:16:34,2018-05-24 15:58:00,2018-06-02 16:38:39,2018-06-11 00:00:00
bf2e7a6b9cf62bcc5d4276e1fa90f9bc,e63a81aeb874228ba9b2eaab33d9fbc3,delivered,2017-08-18 13:01:45,2017-08-18 13:15:25,2017-08-22 18:09:20,2017-09-01 18:53:07,2017-09-12 00:00:00
bdd49e833a618b2e10096e4bd5725977,9edf4e2bfac35f5d2d41782e8c06f0b3,delivered,2018-03-14 22:19:41,2018-03-15 17:35:37,2018-03-19 18:38:47,2018-04-06 19:55:37,2018-04-02 00:00:00
20ef4f721610e50167d484f950d19b77,45e50a6d3f743d175e0d778bb74e0c85,delivered,2017-04-03 16:13:01,2017-04-03 16:25:11,2017-04-04 10:43:17,2017-04-10 16:05:57,2017-04-24 00:00:00
5cdaa660eb08635df23ca69011e9b5ce,1fc4cb255f4388f910777214ac9021c6,delivered,2018-03-23 11:29:51,2018-03-24 02:15:47,2018-03-27 21:34:29,2018-03-28 22:58:35,2018-04-05 00:00:00
4ef685e6dcade551ce14cb3783ca664d,0e8e2f7bf1242ec3421144a8c8c5128e,delivered,2018-01-23 21:03:23,2018-01-23 21:20:22,2018-01-24 18:22:57,2018-02-23 01:17:38,2018-02-16 00:00:00
58a1e508f021717acbcf12f9f328f497,9551c9f70be99f31e88354c565e543f0,delivered,2018-01-15 23:15:27,2018-01-15 23:29:51,2018-01-17 21:04:27,2018-01-27 12:38:43,2018-02-16 00:00:00
c0c1dd37a8e883f0250adaa36b474263,a85fcfe5a8e1ae143d339a18516ad663,delivered,2018-06-05 16:13:10,2018-06-05 17:15:21,2018-06-06 08:23:00,2018-06-18 23:44:59,2018-07-19 00:00:00
5fbb36c2e55d34d7799cb74e65d73a62,cba7df91cfb5b29a0e92be5fb93b5e55,delivered,2018-07-03 09:09:36,2018-07-05 16:04:47,2018-07-04 10:54:00,2018-07-09 17:12:26,2018-07-20 00:00:00
59c134c32edc0046c31ad8bd6f521b61,4a5eab03ad0ee1503ed736150a484cda,delivered,2017-11-21 14:45:07,2017-11-21 15:22:11,2017-11-22 21:03:23,2017-11-25 15:21:09,2017-12-08 00:00:00
5d7c9ec4aa4d83e0b66b73e3ad2d7c06,c36e7cd497c538831ff5d1a3e5af5e47,delivered,2018-08-23 13:19:20,2018-08-23 13:30:31,2018-08-24 11:14:00,2018-08-28 18:19:38,2018-09-25 00:00:00
2e7a8482f6fb09756ca50c10d7bfc047,08c5351a6aca1c1589a38f244edeee9d,shipped,2016-09-04 21:15:19,2016-10-07 13:18:03,2016-10-18 13:14:51,,2016-10-20 00:00:00
1454fd9eec5f4140bdbea254680361e5,d4b31b56a3fa1b91fa8d21f6f4466b6b,delivered,2017-11-24 21:05:51,2017-11-24 23:56:34,2017-11-27 12:48:56,2017-12-20 16:23:54,2017-12-27 00:00:00
a6739d71ac53122c06071dad1d765a49,43564b5cdf4b3a18d4956a3f31a14b14,delivered,2018-08-08 18:35:51,2018-08-08 18:45:17,2018-08-13 13:30:00,2018-08-21 11:41:55,2018-09-10 00:00:00
4ab6fc6c373a975bb90e462b81260198,c655ad65c7fb69b14d38b1544b44830c,delivered,2017-11-14 16:19:50,2017-11-14 17:03:45,2017-11-17 10:55:03,2017-11-23 18:07:36,2017-12-04 00:00:00
e97c5b2fbc059aff15280edf4ff75dab,096998a766ecdf5781ac34029965b83f,delivered,2017-08-15 17:31:14,2017-08-16 03:30:23,2017-08-16 17:07:46,2017-08-17 15:39:38,2017-08-28 00:00:00
baad5004c5d12ad2ed5467f21914396b,16fd28bae68d51e34f732ae6d1337918,delivered,2018-01-29 10:54:36,2018-01-30 04:31:05,2018-01-31 22:48:12,2018-02-14 23:53:36,2018-02-20 00:00:00
765d8e5f6a9d496c895d21bb271ff1e8,2fcf5298199fdff944d4036d8a7b9ee5,delivered,2017-08-23 11:48:44,2017-08-23 12:06:08,2017-08-25 12:14:45,2017-09-05 14:24:52,2017-09-21 00:00:00
dbe195a43ea7995d3af77d9cce165f89,8cf5e488e3ca60e1a6637dc74a2e772f,delivered,2018-01-22 15:44:56,2018-01-23 13:12:20,2018-01-26 21:26:59,2018-02-06 19:41:31,2018-02-20 00:00:00
b0cefae8126a97c2348f53ba5aebd506,e1028380a416953a189b17d94ff1896e,delivered,2017-11-24 06:13:31,2017-11-27 11:35:35,2017-11-27 20:40:05,2017-12-02 12:03:25,2017-12-19 00:00:00
156168da8a5dcb5224afcebe8b0a9c88,c0cadbfc48ec27d089138f4e1e479556,delivered,2017-12-16 22:40:07,2017-12-16 22:51:01,2017-12-18 17:22:09,2017-12-19 16:43:10,2018-01-05 00:00:00
84b33f3ecdf8f82df2db1517f0f44396,9619f561d67cb918bf4a6d608a04febc,delivered,2018-06-18 20:50:11,2018-06-18 21:17:49,2018-06-19 13:17:00,2018-06-25 13:18:46,2018-07-11 00:00:00
4d544ef55956dd8aadf1162dc1b82ae1,50ffd1f49d653ce5b5d70d54db3468cf,delivered,2018-08-20 10:09:33,2018-08-20 14:55:28,2018-08-22 22:07:00,2018-08-23 18:45:45,2018-08-27 00:00:00
1b34f3de23ae790473c7e4ef6ac0b1f1,8953f8bf10bed387ad35f83d268ecf2a,delivered,2018-08-17 08:05:07,2018-08-18 02:55:18,2018-08-23 14:47:00,2018-08-27 21:27:55,2018-09-03 00:00:00
d70b7dce9b527096fbd9e4d0e54ab451,e3a899173e31bdf2f8f721a58cfbc0bf,delivered,2017-05-09 20:21:33,2017-05-11 03:56:10,2017-05-11 10:39:02,2017-06-05 15:32:42,2017-06-09 00:00:00
5cfaa2e60887ab4aed7d4e637efe2156,fd7b70ad4f8576a3c21f1c1bb304015d,delivered,2017-06-22 19:08:00,2017-06-22 19:30:19,2017-06-23 11:27:53,2017-07-04 14:03:13,2017-07-14 00:00:00
20ef4f721610e50167d484f950d19b77,45e50a6d3f743d175e0d778bb74e0c85,delivered,2017-04-03 16:13:01,2017-04-03 16:25:11,2017-04-04 10:43:17,2017-04-10 16:05:57,2017-04-24 00:00:00
98c9c5c7df242bfccd1ad3510eff89f2,2879df7ed1e90a3f0bad2a69eaa904ba,delivered,2018-02-02 16:45:13,2018-02-02 17:43:16,2018-02-05 16:07:45,2018-02-20 17:22:10,2018-03-01 00:00:00
38a920f4e80a3be96ecbfc0cba4517d6,313679079420ce50210b4f87c1e23693,delivered,2018-04-02 13:05:43,2018-04-02 13:15:23,2018-04-05 22:38:38,2018-04-16 12:42:14,2018-05-15 00:00:00
26b66bcb4cb37fe553c114832d3a5e45,e75cd2b8044ef17f9fb52badd80a76d2,delivered,2018-04-11 18:17:34,2018-04-11 18:31:29,2018-04-13 16:04:32,2018-04-15 14:04:32,2018-04-27 00:00:00
0a31cb63d4483ffbef1d5503752a0b5d,d9e90748b0092bb0f5417edccf34783b,delivered,2017-07-18 13:44:30,2017-07-18 13:55:18,2017-07-19 19:22:51,2017-07-25 19:43:37,2017-08-09 00:00:00
c0c1dd37a8e883f0250adaa36b474263,a85fcfe5a8e1ae143d339a18516ad663,delivered,2018-06-05 16:13:10,2018-06-05 17:15:21,2018-06-06 08:23:00,2018-06-18 23:44:59,2018-07-19 00:00:00
31d29a8c43bc533845fe7bfae74fa0cb,5f4f9dd0d0c9ab9a7ff1fdfb0eed78fe,delivered,2018-06-05 19:47:39,2018-06-07 03:12:33,2018-06-11 10:40:00,2018-06-18 16:38:32,2018-07-16 00:00:00
8287f2f36572998dbbc2c70647bf0b52,0fa73966f993a5d1a62afb0c5e43f050,delivered,2017-06-28 20:56:02,2017-06-29 02:50:15,2017-07-04 15:32:11,2017-07-07 17:41:58,2017-07-11 00:00:00
b79f1a780ca7d2e25fdd46f7cce4db04,d85d3d50ccfd1a908e83cc3e2ad32622,delivered,2017-04-25 16:48:18,2017-04-25 16:55:22,2017-04-26 07:58:11,2017-05-05 15:47:39,2017-05-17 00:00:00
19f0b0e6659d4be20f4325ad739ffac6,b580a709dda9827ce092d89b3f8c01b6,delivered,2018-07-31 00:16:31,2018-08-01 03:31:49,2018-08-03 12:26:00,2018-08-16 16:18:24,2018-08-22 00:00:00
903b027d6b01452fda4780d82f286bcd,d6dd616ed774326df2147bfbc0e75490,delivered,2017-08-08 15:37:05,2017-08-09 15:45:13,2017-08-10 20:51:55,2017-08-16 21:51:59,2017-08-30 00:00:00
b1334405900ad1c02d3521d59b962c6a,6a1c413924ef359fa6e250b31387ff81,delivered,2017-08-09 11:36:31,2017-08-09 11:50:20,2017-08-10 18:15:46,2017-08-21 19:12:43,2017-09-13 00:00:00
da199a7491e600f839b6a5f580902cd9,b8a5c16528757594028cc97c84dae4c8,delivered,2018-05-21 11:54:32,2018-05-21 15:31:58,2018-05-22 07:58:00,2018-05-24 15:28:35,2018-06-04 00:00:00
5af72703d4208ea6a92351eb9806b4de,c2d787ac1420a26188569cf4f106af00,delivered,2017-08-16 21:04:24,2017-08-16 22:05:16,2017-08-18 20:14:53,2017-08-28 20:54:25,2017-09-05 00:00:00
010ef5b0279d7512e7343cb775e423c0,4b9e8cd034b45245928f0d55a4ed4310,delivered,2018-04-17 11:28:08,2018-04-17 12:15:25,2018-04-18 15:32:28,2018-04-23 22:41:07,2018-05-07 00:00:00
d3b1c54aad50f3222af70ad725e9c481,cb0c81b581cd0cfdff0e7ebfdb068738,delivered,2017-08-01 14:11:57,2017-08-01 14:30:12,2017-08-02 15:37:09,2017-08-08 19:04:52,2017-08-23 00:00:00
0656252be8b31ab4b264a730f9e600cb,a553a10c8f858e664fe7cb71db0697a4,delivered,2018-03-07 14:11:18,2018-03-07 14:29:49,2018-03-20 16:50:18,2018-03-22 19:13:41,2018-04-04 00:00:00
c32cd20b02f7a00f57fc945e5ff41a6f,50af213ac6c4d368abec6e28d12c605c,delivered,2018-02-07 13:27:36,2018-02-07 14:31:57,2018-02-09 00:09:30,2018-02-14 13:57:13,2018-02-23 00:00:00
108d1dab6908b5fcb9c922549a9c2265,e8fbd74f42c4e548ab08885971cceaff,delivered,2017-12-04 00:00:35,2017-12-05 21:58:51,2017-12-13 22:32:39,2018-01-10 18:10:45,2018-01-04 00:00:00
0ba2bc78c04f47c4757a465b7d7e4f79,8718f740a7d11ad0180de2f7b625c7da,delivered,2017-12-06 21:43:24,2017-12-06 21:52:55,2017-12-13 17:38:35,2017-12-19 17:32:27,2018-01-03 00:00:00
b9e44ee22f3a341743c10307b601b363,29439576f6804f546a9d1b4f749ded69,delivered,2017-03-07 17:44:19,2017-03-07 17:55:18,2017-03-08 14:59:57,2017-03-14 13:09:49,2017-03-28 00:00:00
f205c6826655efc71379acaa53d3b83b,25033515ca54549ab33a66e549c6f2de,processing,2017-09-29 00:54:27,2017-09-29 01:07:07,,,2017-11-10 00:00:00
7343951818332032146c6e09dd824443,9cf66f100674f9c49ad1cce8c54545ba,delivered,2017-10-10 19:29:16,2017-10-10 20:06:15,2017-10-11 19:20:15,2017-10-18 19:06:55,2017-11-01 00:00:00
489191dca3848c2c6ddbf667d4935fc3,36a7fa9b72bfadd847f369c2e58ea92c,delivered,2018-01-15 15:18:27,2018-01-15 15:31:43,2018-02-19 12:48:47,2018-04-19 20:16:48,2018-02-06 00:00:00
572e5973c80ab933d719e73b89b29743,4c059976e75f2bfbcaea907a147e77c7,delivered,2017-06-11 10:47:28,2017-06-11 11:02:48,2017-06-12 15:45:03,2017-06-13 13:08:01,2017-06-26 00:00:00
a8eab0b579c3288c60cd6f4933c48626,fbaaeb1f5b3f3cc5c226cb5b95d18584,delivered,2017-12-03 16:52:02,2017-12-03 16:59:29,2017-12-06 22:22:18,2017-12-11 17:49:22,2017-12-28 00:00:00
6010e18fb4f51bda7cdf59826fb9157e,d26d39021910c806c4dae58d3b287f4c,delivered,2018-01-25 00:33:55,2018-01-25 00:53:18,2018-01-25 20:27:17,2018-01-29 21:26:53,2018-02-19 00:00:00
c374e19bcd2d8e8ea40c216011e8b254,8c20aad00d2f654343fc7d190048235b,delivered,2017-11-30 08:58:59,2017-11-30 09:08:31,2017-12-04 21:54:38,2017-12-05 12:45:01,2017-12-19 00:00:00
63be17dc5497f1941b4d15f7be530387,884a2e9a1b0c6fd2d9011ee7b4cbf21a,delivered,2018-02-17 16:39:55,2018-02-18 16:35:23,2018-02-19 19:57:02,2018-04-10 21:51:39,2018-03-21 00:00:00
19f0b0e6659d4be20f4325ad739ffac6,b580a709dda9827ce092d89b3f8c01b6,delivered,2018-07-31 00:16:31,2018-08-01 03:31:49,2018-08-03 12:26:00,2018-08-16 16:18:24,2018-08-22 00:00:00
68fac48a2dd22ab289df2ce0a499dcab,2cd4fd79fa21cdab9cc8a7de105555ac,delivered,2017-09-09 19:36:44,2017-09-12 05:32:50,2017-09-15 18:35:08,2017-09-26 19:07:50,2017-10-04 00:00:00
be5b64307f608c4be032a92527e44f66,3af442112f104fadd55d6861a864b21f,delivered,2018-03-15 15:43:31,2018-03-16 15:35:29,2018-03-20 00:32:17,2018-04-02 19:48:43,2018-04-09 00:00:00
5eeb092ebe54bc6f635f566588d2e908,b67e09339b0e590a3e6dd7c502badc8f,delivered,2018-01-21 17:44:04,2018-01-22 13:55:27,2018-01-25 02:35:35,2018-01-30 16:35:01,2018-02-16 00:00:00
497b22cf27e02673170a190f5c0f621d,c2ebce3c867123caeef82732803f86b4,delivered,2018-08-21 00:18:05,2018-08-21 00:30:25,2018-08-21 13:24:00,2018-08-24 14:06:28,2018-09-14 00:00:00
2fc59b5605bf0cfc03638cb2cca26b16,fac64b6875bc7840442069be52752e14,delivered,2018-08-21 18:24:35,2018-08-21 18:35:27,2018-08-22 13:09:00,2018-08-24 21:51:58,2018-08-29 00:00:00
a15df161654da3f47c2984ffd7764920,109cf3ecc53afd27745a79a618cb5ec4,delivered,2017-01-28 18:30:17,2017-01-28 19:31:32,2017-01-31 11:09:43,2017-02-10 12:27:47,2017-03-08 00:00:00
e6152cd6ca627fc4f0f5deddea24f7c2,fc474e00b3af88a2abe3ca25204b59ea,unavailable,2017-11-29 13:23:16,2017-11-29 13:37:20,,,2017-12-13 00:00:00
6709606f3773c59d8bed53c0d9bb614d,0be4ccac4dad0eece92dc788cd5e9260,delivered,2018-05-21 00:26:19,2018-05-22 07:54:02,2018-05-24 14:54:00,2018-06-08 09:51:58,2018-06-11 00:00:00
22f4dea7b1810fd75107dad133794113,fc26c5fd980909cee638793d9936fdb8,delivered,2018-05-30 14:34:06,2018-05-30 14:57:36,2018-05-30 14:50:00,2018-06-01 21:16:31,2018-06-25 00:00:00
4154bf1348caac78152fe76e3e9c4af8,90ce0548c953a250526eac9fbc2c2951,delivered,2018-08-23 20:34:07,2018-08-23 20:55:32,2018-08-27 13:41:00,2018-08-30 16:43:34,2018-08-31 00:00:00
8cbffbe81b61eeb7a472f618013b69f6,f35cbd980d07fb0425ade64df5ac1cff,delivered,2017-11-05 16:29:42,2017-11-07 07:30:29,2017-11-09 20:51:27,2017-11-22 13:16:54,2017-12-01 00:00:00
49de2042facc292abd730e3dc6c0a75a,41a27a1274fe5d0d5d88585f37769043,delivered,2018-08-05 19:50:50,2018-08-05 20:05:22,2018-08-07 15:33:00,2018-08-13 18:02:49,2018-08-20 00:00:00
cfc558750a7ad84d94c1348dfd89543c,1af8d640c317b12571dc17ff39aa246c,delivered,2017-12-30 12:15:34,2017-12-30 12:27:03,2018-01-04 22:22:53,2018-01-11 22:33:51,2018-02-14 00:00:00
05f24644b8019e68652b4216a5a5e956,f54d85c1e85a1f5d17c500a699b2ccc2,delivered,2018-04-22 12:44:46,2018-04-24 18:40:36,2018-04-24 23:04:23,2018-04-30 19:52:21,2018-05-18 00:00:00
c374e19bcd2d8e8ea40c216011e8b254,8c20aad00d2f654343fc7d190048235b,delivered,2017-11-30 08:58:59,2017-11-30 09:08:31,2017-12-04 21:54:38,2017-12-05 12:45:01,2017-12-19 00:00:00
882c1e2076610adab15e5a68430d2180,97574aee35383afe8577dacb0e15a551,delivered,2017-01-22 17:43:23,2017-01-22 17:55:18,2017-01-24 11:43:54,2017-01-28 06:06:19,2017-03-06 00:00:00
725cf8e9c24e679a8a5a32cb92c9ce1e,74be082247cd677a147d83ee670e9d53,delivered,2017-06-08 21:00:36,2017-06-08 21:15:16,2017-06-23 13:03:27,2017-07-06 09:22:00,2017-08-02 00:00:00
4ab6fc6c373a975bb90e462b81260198,c655ad65c7fb69b14d38b1544b44830c,delivered,2017-11-14 16:19:50,2017-11-14 17:03:45,2017-11-17 10:55:03,2017-11-23 18:07:36,2017-12-04 00:00:00
010ef5b0279d7512e7343cb775e423c0,4b9e8cd034b45245928f0d55a4ed4310,delivered,2018-04-17 11:28:08,2018-04-17 12:15:25,2018-04-18 15:32:28,2018-04-23 22:41:07,2018-05-07 00:00:00
347fd41d0f1089cc83a4fc100a95f3f8,dc520404eec2487b577e0c13a64a48ff,delivered,2017-05-15 09:38:12,2017-05-16 03:22:30,2017-05-17 14:45:29,2017-05-22 17:15:10,2017-05-24 00:00:00
2887a3e067f56df09cbc679f3646deb0,d18bff6a3de67eebfab42468ffcc42a5,delivered,2018-03-16 10:36:42,2018-03-16 10:49:01,2018-03-20 13:42:44,2018-03-29 17:34:08,2018-04-04 00:00:00
e5266bf70f5e421e61c8df95a55ae917,bebf28180d9c37aad1ee418004188eec,delivered,2018-04-11 21:56:45,2018-04-11 22:10:16,2018-04-12 22:57:24,2018-04-20 13:48:46,2018-05-21 00:00:00
adf1d1f9f725c103056bae5f78d77513,e7aa8f71ce6a66684f90103ab313cfd1,delivered,2017-10-13 15:32:47,2017-10-17 03:56:32,2017-10-19 15:48:57,2017-10-25 21:04:41,2017-10-31 00:00:00
96af728f7572efd778b4f382d094b5f3,a6d30c849e11214bfd35f21fc04bcf8f,delivered,2017-07-03 14:49:50,2017-07-03 15:03:49,2017-07-05 09:56:43,2017-07-06 12:03:52,2017-07-14 00:00:00
b4d847b337890c09d43b616bf0ba2ee3,178d1d635e061e8ad879f9ed0bdeba01,delivered,2018-02-07 15:44:01,2018-02-08 10:31:12,2018-02-09 18:16:53,2018-03-02 23:12:38,2018-03-15 00:00:00
b62c9d7c54bcbba4952040001348e00c,f7d8593f21cd130734e1c9da45f32924,delivered,2018-04-13 15:07:30,2018-04-13 15:32:52,2018-04-20 19:46:35,2018-04-24 16:48:48,2018-05-10 00:00:00
b76e1e63723d846f3382683973908122,39d556e9b4d5082c7dce489e24aa7163,delivered,2018-07-18 18:25:54,2018-07-20 05:05:14,2018-07-20 15:02:00,2018-07-25 16:52:04,2018-08-03 00:00:00
513d0aea6e84d49ab30dda9ab70053b1,09703c9d52696df6b0c0f4dd1c8729f8,delivered,2017-03-15 08:08:39,2017-03-15 08:08:39,2017-03-21 03:08:12,2017-03-23 12:58:35,2017-04-05 00:00:00
735458a5d288ba55c03a10cb1b2dd481,5a2e937ebdd78eaa8cac5dc67b8b3a42,unavailable,2018-05-03 14:15:19,2018-05-04 14:13:00,,,2018-06-01 00:00:00
623695cd72cc41aa116c10c7c28608a1,a852a1fd87371f874c3f2c1361dedf1a,delivered,2018-04-04 21:04:05,2018-04-04 21:15:22,2018-04-06 21:49:27,2018-04-09 11:51:51,2018-04-23 00:00:00
fd52bb09b1cce1fa4ecbb721e934727f,0c70d21dbd94ee2062ab588e53a9cfd9,delivered,2018-07-03 12:42:04,2018-07-05 16:32:45,2018-07-05 14:18:00,2018-07-07 17:32:53,2018-07-23 00:00:00
cc3518a32accaeeca420bab0fedd0661,ab8f0f8aebb8b6b7369a7aee659fdcb1,delivered,2018-01-03 11:59:24,2018-01-04 05:14:56,2018-01-04 23:22:30,2018-01-23 22:36:11,2018-02-06 00:00:00
fe98cb0615a7611265d8955be5ca9497,3b11d54278a86bfa191ef947e654c9cb,delivered,2018-08-01 17:13:52,2018-08-02 20:35:25,2018-08-03 15:12:00,2018-08-10 20:47:33,2018-08-23 00:00:00
50095280c67784024321b92405711172,43a9d2a398e6cc3fb4e10a766d0458e5,delivered,2017-06-12 11:43:39,2017-06-12 13:06:45,2017-06-12 14:04:20,2017-06-21 16:13:06,2017-07-11 00:00:00
4f2d5b2e994088d66bfbfc72e7ccc002,fa8a4bda569c794150f39cda0dfe0734,delivered,2017-08-21 10:44:56,2017-08-21 11:04:40,2017-08-22 15:08:24,2017-08-29 19:22:49,2017-09-13 00:00:00
4d544ef55956dd8aadf1162dc1b82ae1,50ffd1f49d653ce5b5d70d54db3468cf,delivered,2018-08-20 10:09:33,2018-08-20 14:55:28,2018-08-22 22:07:00,2018-08-23 18:45:45,2018-08-27 00:00:00
9435ca9f9a67ac50e1fef5dbd0c29518,e82bab9bfcad4584028d4ce864f9cf74,delivered,2018-04-16 10:31:09,2018-04-16 10:50:55,2018-04-26 12:59:00,2018-05-02 18:42:22,2018-05-14 00:00:00
d71541c100c5e5c1c55d5db9290f8851,ee3dd5769faf8ff6cde4f3120f191d4f,delivered,2018-01-09 20:23:38,2018-01-10 10:32:35,2018-01-10 22:20:10,2018-01-17 14:28:51,2018-02-07 00:00:00
b62c9d7c54bcbba4952040001348e00c,f7d8593f21cd130734e1c9da45f32924,delivered,2018-04-13 15:07:30,2018-04-13 15:32:52,2018-04-20 19:46:35,2018-04-24 16:48:48,2018-05-10 00:00:00
a057392bd88e2acf040eb2a5674b557c,911ce2749529dc52f4f4b75ae306cc42,delivered,2018-05-22 21:44:43,2018-05-23 01:35:37,2018-05-23 15:11:00,2018-05-25 13:44:37,2018-05-30 00:00:00
061c593a0c8fd1b92c2abc7c1a87b329,1d31af8a0364470eba3d940faa9008b5,delivered,2018-07-16 12:31:06,2018-07-16 12:45:24,2018-07-23 14:39:00,2018-07-30 22:23:30,2018-08-03 00:00:00
12bd377dd79de8d6c43f67d1a0358743,0d772db64a20cbf2f1bea1c6682b29d0,delivered,2018-07-30 12:42:12,2018-07-30 19:32:22,2018-08-01 15:07:00,2018-08-06 23:18:21,2018-08-23 00:00:00
6deb36cf66e9099e0a5896a34db6c7c2,06de5c754510bc13915d1bb9617fdadc,delivered,2018-02-21 21:34:05,2018-02-23 02:08:54,2018-03-02 23:22:56,2018-03-23 18:37:21,2018-03-16 00:00:00
0f1a1c17b6ff23cc7274179c76e2af82,66af0dad10050ee5122fc1b0de8b0e3c,delivered,2018-02-08 20:37:19,2018-02-08 20:50:30,2018-02-09 20:57:53,2018-02-15 02:58:26,2018-02-22 00:00:00
4ee7221f81fc4aa1e0324dac310f87b6,efacbeaf5e411d722010d0b8a4ba859a,delivered,2017-09-25 19:54:39,2017-09-25 20:07:14,2017-09-26 20:57:40,2017-09-29 21:14:08,2017-10-20 00:00:00
96ed1598c0605903e3a112a907f54700,25a3a47970e525f12550605082758b98,delivered,2017-11-18 22:11:10,2017-11-21 04:06:32,2017-11-22 16:57:06,2017-11-30 23:58:47,2017-12-07 00:00:00
c68482199495e3a57ca04d15b0159808,ad0dbbc49ba11e1ee93a974f6be5c81f,delivered,2018-03-10 19:54:28,2018-03-10 20:47:40,2018-03-14 01:10:57,2018-03-26 17:28:43,2018-03-28 00:00:00
a69cfdf2a1c59f8ff05718f69d021e81,a4a6227ac25717d6495f0ac16be85017,delivered,2018-07-19 11:29:25,2018-07-19 11:42:55,2018-07-20 13:41:00,2018-07-26 17:58:43,2018-08-06 00:00:00
24dbd92c00bc26dd90a7bbd90f070517,16c196b91e10e2022aadf70716c6049b,delivered,2017-09-14 17:36:28,2017-09-16 02:50:23,2017-09-19 20:20:06,2017-10-13 21:17:43,2017-10-11 00:00:00
aaa6f66c3f76dbaecfc60183d6a248ed,c353c61f1db7085071135afad6006ff3,delivered,2018-04-13 21:11:12,2018-04-13 21:32:33,2018-04-17 19:02:56,2018-04-25 19:42:20,2018-05-16 00:00:00
31d29a8c43bc533845fe7bfae74fa0cb,5f4f9dd0d0c9ab9a7ff1fdfb0eed78fe,delivered,2018-06-05 19:47:39,2018-06-07 03:12:33,2018-06-11 10:40:00,2018-06-18 16:38:32,2018-07-16 00:00:00
7a1c3f2e9e141807904c824563abb480,752c4dd83fb5869511dace7d6903b8f9,delivered,2018-07-26 19:12:28,2018-07-26 19:25:12,2018-07-27 14:32:00,2018-07-30 19:05:15,2018-08-07 00:00:00
f50654324d7bc3b79e01a02199fe1585,4e9cb4e5f4db18cf45e19c7a20951349,delivered,2017-12-19 18:12:02,2017-12-20 06:57:37,2017-12-20 16:03:08,2017-12-27 15:42:39,2018-01-15 00:00:00
f63be24880200ae32aa24f5b458a3dc3,a6954f48f5d8a0dcbad1a0921109cb56,unavailable,2017-01-27 13:39:53,2017-01-27 14:31:44,,,2017-03-16 00:00:00
84b33f3ecdf8f82df2db1517f0f44396,9619f561d67cb918bf4a6d608a04febc,delivered,2018-06-18 20:50:11,2018-06-18 21:17:49,2018-06-19 13:17:00,2018-06-25 13:18:46,2018-07-11 00:00:00
71f9826cc06707008c91a2192b11728e,ac5872796a8e17fa078a88cabc2e4578,delivered,2018-05-01 14:14:10,2018-05-01 14:34:14,2018-05-03 19:04:00,2018-05-04 16:09:05,2018-05-21 00:00:00
92be217451e443e50d816ab21286d00d,55fc561cdd959beb7c1b679f4f42c732,delivered,2017-09-06 12:30:18,2017-09-06 12:45:18,2017-09-08 17:10:15,2017-09-13 20:17:37,2017-09-25 00:00:00
c906d290e52be53ab891c3e09074a9d9,e44c64cff0802462066ca4a376a0da59,delivered,2017-09-25 12:27:38,2017-09-25 12:44:18,2017-09-27 18:03:42,2017-10-06 18:10:06,2017-10-20 00:00:00
b7daca2d24a93ab9351485e0bdcbb7e6,002d597546b2cf44428232c9f237f873,delivered,2018-07-22 09:29:19,2018-07-23 11:32:10,2018-07-23 07:19:00,2018-07-30 16:38:58,2018-08-16 00:00:00
bd50a7fe9fd97ea4b7663031a319e150,0975c3cf2e418ebfa5d1191a2dffd59d,delivered,2016-12-23 23:16:47,2016-12-23 23:31:37,2016-12-27 06:14:27,2016-12-28 15:54:44,2017-01-19 00:00:00
0fb02b37217c9af51e73a4ddd2c5b092,8dc5b051ae0e7ed92a78da02df2c3250,delivered,2017-06-01 12:28:14,2017-06-02 04:32:39,2017-06-02 14:49:03,2017-06-08 14:37:30,2017-06-26 00:00:00
c1e31d7c0b816af8539eaeee20379889,bf4786deca0a046ee35f4ce5c1514c89,shipped,2018-05-24 13:19:53,2018-05-25 18:58:30,2018-05-29 12:09:00,,2018-06-26 00:00:00
d95c7210ba7d2249083e45536f2d0a27,50c3d604564366cc6e2e3e920cfe6a36,delivered,2017-11-09 16:05:47,2017-11-09 16:26:32,2017-11-23 22:15:04,2017-11-26 17:17:05,2017-12-05 00:00:00
3d6031aba8562253267cc241b6113b98,7a33b68891edd3370f13fc2adbb312ac,delivered,2017-04-19 22:15:27,2017-04-19 22:30:18,2017-04-20 16:15:48,2017-05-15 09:45:43,2017-05-09 00:00:00
