,completeness_score,consistency_score,uniqueness_score,validity_score,accuracy_score,conformity_score,timeliness_score,integrity_score,schema_match_score,format_compliance_score,outlier_score,quality_score,quality_class
0,0.9285714285714286,1.0,1.0,1.0,0.9337857142857143,0.613,0.8,1.0,1.0,1.0,0.9319999999999999,0.9303928571428572,HIGH
1,1.0,1.0,1.0,1.0,0.9337857142857143,0.613,0.8,1.0,1.0,1.0,0.9319999999999999,0.9446785714285715,HIGH
2,1.0,1.0,0.0,1.0,0.9337857142857143,0.613,0.8,1.0,1.0,1.0,0.9319999999999999,0.8446785714285715,HIGH
3,1.0,1.0,0.0,1.0,0.9337857142857143,0.613,0.8,1.0,1.0,1.0,0.9319999999999999,0.8446785714285715,HIGH
4,0.9285714285714286,1.0,1.0,1.0,0.9337857142857143,0.613,0.8,1.0,1.0,1.0,0.9319999999999999,0.9303928571428572,HIGH
5,0.9285714285714286,1.0,1.0,1.0,0.9337857142857143,0.613,0.8,1.0,1.0,1.0,0.9319999999999999,0.9303928571428572,HIGH
6,1.0,1.0,0.0,1.0,0.9337857142857143,0.613,0.8,1.0,1.0,1.0,0.9319999999999999,0.8446785714285715,HIGH
7,1.0,1.0,0.0,1.0,0.9337857142857143,0.613,0.8,1.0,1.0,1.0,0.9319999999999999,0.8446785714285715,HIGH
8,1.0,1.0,0.0,1.0,0.9337857142857143,0.613,0.8,1.0,1.0,1.0,0.9319999999999999,0.8446785714285715,HIGH
9,1.0,1.0,0.0,1.0,0.9337857142857143,0.613,0.8,1.0,1.0,1.0,0.9319999999999999,0.8446785714285715,HIGH
10,1.0,1.0,0.0,1.0,0.9337857142857143,0.613,0.8,1.0,1.0,1.0,0.9319999999999999,0.8446785714285715,HIGH
11,1.0,1.0,0.0,1.0,0.9337857142857143,0.613,0.8,1.0,1.0,1.0,0.9319999999999999,0.8446785714285715,HIGH
12,0.9285714285714286,1.0,1.0,1.0,0.9337857142857143,0.613,0.8,1.0,1.0,1.0,0.9319999999999999,0.9303928571428572,HIGH
13,0.9285714285714286,1.0,1.0,1.0,0.9337857142857143,0.613,0.8,1.0,1.0,1.0,0.9319999999999999,0.9303928571428572,HIGH
14,0.9285714285714286,1.0,1.0,1.0,0.9337857142857143,0.613,0.8,1.0,1.0,1.0,0.9319999999999999,0.9303928571428572,HIGH
15,1.0,1.0,0.0,1.0,0.9337857142857143,0.613,0.8,1.0,1.0,1.0,0.9319999999999999,0.8446785714285715,HIGH
16,1.0,1.0,0.0,1.0,0.9337857142857143,0.613,0.8,1.0,1.0,1.0,0.9319999999999999,0.8446785714285715,HIGH
17,1.0,1.0,0.0,1.0,0.9337857142857143,0.613,0.8,1.0,1.0,1.0,0.9319999999999999,0.8446785714285715,HIGH
18,1.0,1.0,0.0,1.0,0.9337857142857143,0.613,0.8,1.0,1.0,1.0,0.9319999999999999,0.8446785714285715,HIGH
19,0.9285714285714286,1.0,1.0,1.0,0.9337857142857143,0.613,0.8,1.0,1.0,1.0,0.9319999999999999,0.9303928571428572,HIGH
20,0.9285714285714286,1.0,1.0,1.0,0.9337857142857143,0.613,0.8,1.0,1.0,1.0,0.9319999999999999,0.9303928571428572,HIGH
21,1.0,1.0,0.0,1.0,0.9337857142857143,0.613,0.8,1.0,1.0,1.0,0.9319999999999999,0.8446785714285715,HIGH
22,1.0,1.0,0.0,1.0,0.9337857142857143,0.613,0.8,1.0,1.0,1.0,0.9319999999999999,0.8446785714285715,HIGH
23,1.0,1.0,0.0,1.0,0.9337857142857143,0.613,0.8,1.0,1.0,1.0,0.9319999999999999,0.8446785714285715,HIGH
24,1.0,1.0,0.0,1.0,0.9337857142857143,0.613,0.8,1.0,1.0,1.0,0.9319999999999999,0.8446785714285715,HIGH
25,1.0,1.0,0.0,1.0,0.9337857142857143,0.613,0.8,1.0,1.0,1.0,0.9319999999999999,0.8446785714285715,HIGH
26,1.0,1.0,0.0,1.0,0.9337857142857143,0.613,0.8,1.0,1.0,1.0,0.9319999999999999,0.8446785714285715,HIGH
27,1.0,1.0,0.0,1.0,0.9337857142857143,0.613,0.8,1.0,1.0,1.0,0.9319999999999999,0.8446785714285715,HIGH
28,0.9285714285714286,1.0,1.0,1.0,0.9337857142857143,0.613,0.8,1.0,1.0,1.0,0.9319999999999999,0.9303928571428572,HIGH
29,1.0,1.0,0.0,1.0,0.9337857142857143,0.613,0.8,1.0,1.0,1.0,0.9319999999999999,0.8446785714285715,HIGH
30,1.0,1.0,0.0,1.0,0.9337857142857143,0.613,0.8,1.0,1.0,1.0,0.9319999999999999,0.8446785714285715,HIGH
31,1.0,1.0,0.0,1.0,0.9337857142857143,0.613,0.8,1.0,1.0,1.0,0.9319999999999999,0.8446785714285715,HIGH
32,1.0,1.0,0.0,1.0,0.9337857142857143,0.613,0.8,1.0,1.0,1.0,0.9319999999999999,0.8446785714285715,HIGH
33,1.0,1.0,1.0,1.0,0.9337857142857143,0.613,0.8,1.0,1.0,1.0,0.9319999999999999,0.9446785714285715,HIGH
34,0.9285714285714286,1.0,1.0,1.0,0.9337857142857143,0.613,0.8,1.0,1.0,1.0,0.9319999999999999,0.9303928571428572,HIGH
35,1.0,1.0,0.0,1.0,0.9337857142857143,0.613,0.8,1.0,1.0,1.0,0.9319999999999999,0.8446785714285715,HIGH
36,1.0,1.0,0.0,1.0,0.9337857142857143,0.613,0.8,1.0,1.0,1.0,0.9319999999999999,0.8446785714285715,HIGH
37,0.9285714285714286,1.0,1.0,1.0,0.9337857142857143,0.613,0.8,1.0,1.0,1.0,0.9319999999999999,0.9303928571428572,HIGH
38,0.9285714285714286,1.0,1.0,1.0,0.9337857142857143,0.613,0.8,1.0,1.0,1.0,0.9319999999999999,0.9303928571428572,HIGH
39,0.9285714285714286,1.0,1.0,1.0,0.9337857142857143,0.613,0.8,1.0,1.0,1.0,0.9319999999999999,0.9303928571428572,HIGH
40,1.0,1.0,1.0,1.0,0.9337857142857143,0.613,0.8,1.0,1.0,1.0,0.9319999999999999,0.9446785714285715,HIGH
41,0.9285714285714286,1.0,1.0,1.0,0.9337857142857143,0.613,0.8,1.0,1.0,1.0,0.9319999999999999,0.9303928571428572,HIGH
42,1.0,1.0,0.0,1.0,0.9337857142857143,0.613,0.8,1.0,1.0,1.0,0.9319999999999999,0.8446785714285715,HIGH
43,1.0,1.0,0.0,1.0,0.9337857142857143,0.613,0.8,1.0,1.0,1.0,0.9319999999999999,0.8446785714285715,HIGH
44,1.0,1.0,0.0,1.0,0.9337857142857143,0.613,0.8,1.0,1.0,1.0,0.9319999999999999,0.8446785714285715,HIGH
45,1.0,1.0,0.0,1.0,0.9337857142857143,0.613,0.8,1.0,1.0,1.0,0.9319999999999999,0.8446785714285715,HIGH
46,1.0,1.0,1.0,1.0,0.9337857142857143,0.613,0.8,1.0,1.0,1.0,0.9319999999999999,0.9446785714285715,HIGH
47,1.0,1.0,1.0,1.0,0.9337857142857143,0.613,0.8,1.0,1.0,1.0,0.9319999999999999,0.9446785714285715,HIGH
48,1.0,1.0,0.0,1.0,0.9337857142857143,0.613,0.8,1.0,1.0,1.0,0.9319999999999999,0.8446785714285715,HIGH
49,1.0,1.0,0.0,1.0,0.9337857142857143,0.613,0.8,1.0,1.0,1.0,0.9319999999999999,0.8446785714285715,HIGH
50,1.0,1.0,0.0,1.0,0.9337857142857143,0.613,0.8,1.0,1.0,1.0,0.9319999999999999,0.8446785714285715,HIGH
51,0.9285714285714286,1.0,1.0,1.0,0.9337857142857143,0.613,0.8,1.0,1.0,1.0,0.9319999999999999,0.9303928571428572,HIGH
52,0.9285714285714286,1.0,1.0,1.0,0.9337857142857143,0.613,0.8,1.0,1.0,1.0,0.9319999999999999,0.9303928571428572,HIGH
53,0.9285714285714286,1.0,0.0,1.0,0.9337857142857143,0.613,0.8,1.0,1.0,1.0,0.9319999999999999,0.8303928571428573,HIGH
54,0.9285714285714286,1.0,0.0,1.0,0.9337857142857143,0.613,0.8,1.0,1.0,1.0,0.9319999999999999,0.8303928571428573,HIGH
55,0.9285714285714286,1.0,0.0,1.0,0.9337857142857143,0.613,0.8,1.0,1.0,1.0,0.9319999999999999,0.8303928571428573,HIGH
56,0.9285714285714286,1.0,1.0,1.0,0.9337857142857143,0.613,0.8,1.0,1.0,1.0,0.9319999999999999,0.9303928571428572,HIGH
57,0.9285714285714286,1.0,0.0,1.0,0.9337857142857143,0.613,0.8,1.0,1.0,1.0,0.9319999999999999,0.8303928571428573,HIGH
58,0.9285714285714286,1.0,0.0,1.0,0.9337857142857143,0.613,0.8,1.0,1.0,1.0,0.9319999999999999,0.8303928571428573,HIGH
59,0.8571428571428571,1.0,1.0,1.0,0.9337857142857143,0.613,0.8,1.0,1.0,1.0,0.9319999999999999,0.9161071428571429,HIGH
60,0.9285714285714286,1.0,1.0,1.0,0.9337857142857143,0.613,0.8,1.0,1.0,1.0,0.9319999999999999,0.9303928571428572,HIGH
61,0.9285714285714286,1.0,0.0,1.0,0.9337857142857143,0.613,0.8,1.0,1.0,1.0,0.9319999999999999,0.8303928571428573,HIGH
62,0.9285714285714286,1.0,0.0,1.0,0.9337857142857143,0.613,0.8,1.0,1.0,1.0,0.9319999999999999,0.8303928571428573,HIGH
63,0.9285714285714286,1.0,0.0,1.0,0.9337857142857143,0.613,0.8,1.0,1.0,1.0,0.9319999999999999,0.8303928571428573,HIGH
64,0.9285714285714286,1.0,0.0,1.0,0.9337857142857143,0.613,0.8,1.0,1.0,1.0,0.9319999999999999,0.8303928571428573,HIGH
65,0.9285714285714286,1.0,0.0,1.0,0.9337857142857143,0.613,0.8,1.0,1.0,1.0,0.9319999999999999,0.8303928571428573,HIGH
66,0.9285714285714286,1.0,0.0,1.0,0.9337857142857143,0.613,0.8,1.0,1.0,1.0,0.9319999999999999,0.8303928571428573,HIGH
67,0.9285714285714286,1.0,0.0,1.0,0.9337857142857143,0.613,0.8,1.0,1.0,1.0,0.9319999999999999,0.8303928571428573,HIGH
68,0.9285714285714286,1.0,0.0,1.0,0.9337857142857143,0.613,0.8,1.0,1.0,1.0,0.9319999999999999,0.8303928571428573,HIGH
69,0.9285714285714286,1.0,1.0,1.0,0.9337857142857143,0.613,0.8,1.0,1.0,1.0,0.9319999999999999,0.9303928571428572,HIGH
70,0.9285714285714286,1.0,0.0,1.0,0.9337857142857143,0.613,0.8,1.0,1.0,1.0,0.9319999999999999,0.8303928571428573,HIGH
71,0.9285714285714286,1.0,0.0,1.0,0.9337857142857143,0.613,0.8,1.0,1.0,1.0,0.9319999999999999,0.8303928571428573,HIGH
72,0.9285714285714286,1.0,0.0,1.0,0.9337857142857143,0.613,0.8,1.0,1.0,1.0,0.9319999999999999,0.8303928571428573,HIGH
73,0.9285714285714286,1.0,0.0,1.0,0.9337857142857143,0.613,0.8,1.0,1.0,1.0,0.9319999999999999,0.8303928571428573,HIGH
74,0.9285714285714286,1.0,0.0,1.0,0.9337857142857143,0.613,0.8,1.0,1.0,1.0,0.9319999999999999,0.8303928571428573,HIGH
75,0.9285714285714286,1.0,0.0,1.0,0.9337857142857143,0.613,0.8,1.0,1.0,1.0,0.9319999999999999,0.8303928571428573,HIGH
76,0.9285714285714286,1.0,1.0,1.0,0.9337857142857143,0.613,0.8,1.0,1.0,1.0,0.9319999999999999,0.9303928571428572,HIGH
77,0.9285714285714286,1.0,0.0,1.0,0.9337857142857143,0.613,0.8,1.0,1.0,1.0,0.9319999999999999,0.8303928571428573,HIGH
78,0.9285714285714286,1.0,0.0,1.0,0.9337857142857143,0.613,0.8,1.0,1.0,1.0,0.9319999999999999,0.8303928571428573,HIGH
79,0.9285714285714286,1.0,1.0,1.0,0.9337857142857143,0.613,0.8,1.0,1.0,1.0,0.9319999999999999,0.9303928571428572,HIGH
80,0.9285714285714286,1.0,0.0,1.0,0.9337857142857143,0.613,0.8,1.0,1.0,1.0,0.9319999999999999,0.8303928571428573,HIGH
81,0.9285714285714286,1.0,0.0,1.0,0.9337857142857143,0.613,0.8,1.0,1.0,1.0,0.9319999999999999,0.8303928571428573,HIGH
82,0.9285714285714286,1.0,0.0,1.0,0.9337857142857143,0.613,0.8,1.0,1.0,1.0,0.9319999999999999,0.8303928571428573,HIGH
83,0.9285714285714286,1.0,0.0,1.0,0.9337857142857143,0.613,0.8,1.0,1.0,1.0,0.9319999999999999,0.8303928571428573,HIGH
84,0.9285714285714286,1.0,1.0,1.0,0.9337857142857143,0.613,0.8,1.0,1.0,1.0,0.9319999999999999,0.9303928571428572,HIGH
85,0.9285714285714286,1.0,0.0,1.0,0.9337857142857143,0.613,0.8,1.0,1.0,1.0,0.9319999999999999,0.8303928571428573,HIGH
86,0.9285714285714286,1.0,0.0,1.0,0.9337857142857143,0.613,0.8,1.0,1.0,1.0,0.9319999999999999,0.8303928571428573,HIGH
87,0.9285714285714286,1.0,0.0,1.0,0.9337857142857143,0.613,0.8,1.0,1.0,1.0,0.9319999999999999,0.8303928571428573,HIGH
88,0.9285714285714286,1.0,0.0,1.0,0.9337857142857143,0.613,0.8,1.0,1.0,1.0,0.9319999999999999,0.8303928571428573,HIGH
89,0.9285714285714286,1.0,0.0,1.0,0.9337857142857143,0.613,0.8,1.0,1.0,1.0,0.9319999999999999,0.8303928571428573,HIGH
90,0.9285714285714286,1.0,0.0,1.0,0.9337857142857143,0.613,0.8,1.0,1.0,1.0,0.9319999999999999,0.8303928571428573,HIGH
91,0.9285714285714286,1.0,0.0,1.0,0.9337857142857143,0.613,0.8,1.0,1.0,1.0,0.9319999999999999,0.8303928571428573,HIGH
92,1.0,1.0,0.0,1.0,0.9337857142857143,0.613,0.8,1.0,1.0,1.0,0.9319999999999999,0.8446785714285715,HIGH
93,1.0,1.0,0.0,1.0,0.9337857142857143,0.613,0.8,1.0,1.0,1.0,0.9319999999999999,0.8446785714285715,HIGH
94,0.9285714285714286,1.0,1.0,1.0,0.9337857142857143,0.613,0.8,1.0,1.0,1.0,0.9319999999999999,0.9303928571428572,HIGH
95,0.9285714285714286,1.0,1.0,1.0,0.9337857142857143,0.613,0.8,1.0,1.0,1.0,0.9319999999999999,0.9303928571428572,HIGH
96,0.9285714285714286,1.0,1.0,1.0,0.9337857142857143,0.613,0.8,1.0,1.0,1.0,0.9319999999999999,0.9303928571428572,HIGH
97,0.9285714285714286,1.0,0.0,1.0,0.9337857142857143,0.613,0.8,1.0,1.0,1.0,0.9319999999999999,0.8303928571428573,HIGH
98,0.9285714285714286,1.0,0.0,1.0,0.9337857142857143,0.613,0.8,1.0,1.0,1.0,0.9319999999999999,0.8303928571428573,HIGH
99,0.9285714285714286,1.0,0.0,1.0,0.9337857142857143,0.613,0.8,1.0,1.0,1.0,0.9319999999999999,0.8303928571428573,HIGH
100,0.9285714285714286,1.0,0.0,1.0,0.9337857142857143,0.613,0.8,1.0,1.0,1.0,0.9319999999999999,0.8303928571428573,HIGH
101,0.9285714285714286,1.0,0.0,1.0,0.9337857142857143,0.613,0.8,1.0,1.0,1.0,0.9319999999999999,0.8303928571428573,HIGH
102,0.9285714285714286,1.0,1.0,1.0,0.9337857142857143,0.613,0.8,1.0,1.0,1.0,0.9319999999999999,0.9303928571428572,HIGH
103,0.9285714285714286,1.0,0.0,1.0,0.9337857142857143,0.613,0.8,1.0,1.0,1.0,0.9319999999999999,0.8303928571428573,HIGH
104,0.9285714285714286,1.0,0.0,1.0,0.9337857142857143,0.613,0.8,1.0,1.0,1.0,0.9319999999999999,0.8303928571428573,HIGH
105,0.9285714285714286,1.0,0.0,1.0,0.9337857142857143,0.613,0.8,1.0,1.0,1.0,0.9319999999999999,0.8303928571428573,HIGH
106,0.9285714285714286,1.0,0.0,1.0,0.9337857142857143,0.613,0.8,1.0,1.0,1.0,0.9319999999999999,0.8303928571428573,HIGH
107,0.9285714285714286,1.0,1.0,1.0,0.9337857142857143,0.613,0.8,1.0,1.0,1.0,0.9319999999999999,0.9303928571428572,HIGH
108,0.9285714285714286,1.0,0.0,1.0,0.9337857142857143,0.613,0.8,1.0,1.0,1.0,0.9319999999999999,0.8303928571428573,HIGH
109,0.9285714285714286,1.0,0.0,1.0,0.9337857142857143,0.613,0.8,1.0,1.0,1.0,0.9319999999999999,0.8303928571428573,HIGH
110,0.9285714285714286,1.0,0.0,1.0,0.9337857142857143,0.613,0.8,1.0,1.0,1.0,0.9319999999999999,0.8303928571428573,HIGH
111,0.9285714285714286,1.0,0.0,1.0,0.9337857142857143,0.613,0.8,1.0,1.0,1.0,0.9319999999999999,0.8303928571428573,HIGH
112,0.9285714285714286,1.0,0.0,1.0,0.9337857142857143,0.613,0.8,1.0,1.0,1.0,0.9319999999999999,0.8303928571428573,HIGH
113,0.9285714285714286,1.0,1.0,1.0,0.9337857142857143,0.613,0.8,1.0,1.0,1.0,0.9319999999999999,0.9303928571428572,HIGH
114,0.9285714285714286,1.0,0.0,1.0,0.9337857142857143,0.613,0.8,1.0,1.0,1.0,0.9319999999999999,0.8303928571428573,HIGH
115,0.9285714285714286,1.0,0.0,1.0,0.9337857142857143,0.613,0.8,1.0,1.0,1.0,0.9319999999999999,0.8303928571428573,HIGH
116,0.9285714285714286,1.0,1.0,1.0,0.9337857142857143,0.613,0.8,1.0,1.0,1.0,0.9319999999999999,0.9303928571428572,HIGH
117,0.9285714285714286,1.0,1.0,1.0,0.9337857142857143,0.613,0.8,1.0,1.0,1.0,0.9319999999999999,0.9303928571428572,HIGH
118,0.9285714285714286,1.0,1.0,1.0,0.9337857142857143,0.613,0.8,1.0,1.0,1.0,0.9319999999999999,0.9303928571428572,HIGH
119,0.9285714285714286,1.0,0.0,1.0,0.9337857142857143,0.613,0.8,1.0,1.0,1.0,0.9319999999999999,0.8303928571428573,HIGH
120,0.9285714285714286,1.0,0.0,1.0,0.9337857142857143,0.613,0.8,1.0,1.0,1.0,0.9319999999999999,0.8303928571428573,HIGH
121,0.9285714285714286,1.0,0.0,1.0,0.9337857142857143,0.613,0.8,1.0,1.0,1.0,0.9319999999999999,0.8303928571428573,HIGH
122,0.9285714285714286,1.0,0.0,1.0,0.9337857142857143,0.613,0.8,1.0,1.0,1.0,0.9319999999999999,0.8303928571428573,HIGH
123,0.9285714285714286,1.0,1.0,1.0,0.9337857142857143,0.613,0.8,1.0,1.0,1.0,0.9319999999999999,0.9303928571428572,HIGH
124,0.9285714285714286,1.0,1.0,1.0,0.9337857142857143,0.613,0.8,1.0,1.0,1.0,0.9319999999999999,0.9303928571428572,HIGH
125,0.9285714285714286,1.0,0.0,1.0,0.9337857142857143,0.613,0.8,1.0,1.0,1.0,0.9319999999999999,0.8303928571428573,HIGH
126,0.9285714285714286,1.0,0.0,1.0,0.9337857142857143,0.613,0.8,1.0,1.0,1.0,0.9319999999999999,0.8303928571428573,HIGH
127,0.9285714285714286,1.0,1.0,1.0,0.9337857142857143,0.613,0.8,1.0,1.0,1.0,0.9319999999999999,0.9303928571428572,HIGH
128,0.9285714285714286,1.0,0.0,1.0,0.9337857142857143,0.613,0.8,1.0,1.0,1.0,0.9319999999999999,0.8303928571428573,HIGH
129,0.9285714285714286,1.0,0.0,1.0,0.9337857142857143,0.613,0.8,1.0,1.0,1.0,0.9319999999999999,0.8303928571428573,HIGH
130,0.9285714285714286,1.0,1.0,1.0,0.9337857142857143,0.613,0.8,1.0,1.0,1.0,0.9319999999999999,0.9303928571428572,HIGH
131,0.9285714285714286,1.0,1.0,1.0,0.9337857142857143,0.613,0.8,1.0,1.0,1.0,0.9319999999999999,0.9303928571428572,HIGH
132,0.9285714285714286,1.0,1.0,1.0,0.9337857142857143,0.613,0.8,1.0,1.0,1.0,0.9319999999999999,0.9303928571428572,HIGH
133,0.9285714285714286,1.0,0.0,1.0,0.9337857142857143,0.613,0.8,1.0,1.0,1.0,0.9319999999999999,0.8303928571428573,HIGH
134,0.9285714285714286,1.0,0.0,1.0,0.9337857142857143,0.613,0.8,1.0,1.0,1.0,0.9319999999999999,0.8303928571428573,HIGH
135,0.9285714285714286,1.0,1.0,1.0,0.9337857142857143,0.613,0.8,1.0,1.0,1.0,0.9319999999999999,0.9303928571428572,HIGH
136,0.9285714285714286,1.0,1.0,1.0,0.9337857142857143,0.613,0.8,1.0,1.0,1.0,0.9319999999999999,0.9303928571428572,HIGH
137,0.9285714285714286,1.0,1.0,1.0,0.9337857142857143,0.613,0.8,1.0,1.0,1.0,0.9319999999999999,0.9303928571428572,HIGH
138,0.9285714285714286,1.0,0.0,1.0,0.9337857142857143,0.613,0.8,1.0,1.0,1.0,0.9319999999999999,0.8303928571428573,HIGH
139,0.9285714285714286,1.0,0.0,1.0,0.9337857142857143,0.613,0.8,1.0,1.0,1.0,0.9319999999999999,0.8303928571428573,HIGH
140,0.9285714285714286,1.0,0.0,1.0,0.9337857142857143,0.613,0.8,1.0,1.0,1.0,0.9319999999999999,0.8303928571428573,HIGH
141,0.9285714285714286,1.0,0.0,1.0,0.9337857142857143,0.613,0.8,1.0,1.0,1.0,0.9319999999999999,0.8303928571428573,HIGH
142,0.9285714285714286,1.0,1.0,1.0,0.9337857142857143,0.613,0.8,1.0,1.0,1.0,0.9319999999999999,0.9303928571428572,HIGH
143,0.9285714285714286,1.0,1.0,1.0,0.9337857142857143,0.613,0.8,1.0,1.0,1.0,0.9319999999999999,0.9303928571428572,HIGH
144,1.0,1.0,0.0,1.0,0.9337857142857143,0.613,0.8,1.0,1.0,1.0,0.9319999999999999,0.8446785714285715,HIGH
145,1.0,1.0,0.0,1.0,0.9337857142857143,0.613,0.8,1.0,1.0,1.0,0.9319999999999999,0.8446785714285715,HIGH
146,1.0,1.0,0.0,1.0,0.9337857142857143,0.613,0.8,1.0,1.0,1.0,0.9319999999999999,0.8446785714285715,HIGH
147,1.0,1.0,0.0,1.0,0.9337857142857143,0.613,0.8,1.0,1.0,1.0,0.9319999999999999,0.8446785714285715,HIGH
148,1.0,1.0,0.0,1.0,0.9337857142857143,0.613,0.8,1.0,1.0,1.0,0.9319999999999999,0.8446785714285715,HIGH
149,0.9285714285714286,1.0,0.0,1.0,0.9337857142857143,0.613,0.8,1.0,1.0,1.0,0.9319999999999999,0.8303928571428573,HIGH
150,0.9285714285714286,1.0,0.0,1.0,0.9337857142857143,0.613,0.8,1.0,1.0,1.0,0.9319999999999999,0.8303928571428573,HIGH
151,0.9285714285714286,1.0,0.0,1.0,0.9337857142857143,0.613,0.8,1.0,1.0,1.0,0.9319999999999999,0.8303928571428573,HIGH
152,0.9285714285714286,1.0,0.0,1.0,0.9337857142857143,0.613,0.8,1.0,1.0,1.0,0.9319999999999999,0.8303928571428573,HIGH
153,0.9285714285714286,1.0,1.0,1.0,0.9337857142857143,0.613,0.8,1.0,1.0,1.0,0.9319999999999999,0.9303928571428572,HIGH
154,0.9285714285714286,1.0,1.0,1.0,0.9337857142857143,0.613,0.8,1.0,1.0,1.0,0.9319999999999999,0.9303928571428572,HIGH
155,0.9285714285714286,1.0,1.0,1.0,0.9337857142857143,0.613,0.8,1.0,1.0,1.0,0.9319999999999999,0.9303928571428572,HIGH
156,0.9285714285714286,1.0,1.0,1.0,0.9337857142857143,0.613,0.8,1.0,1.0,1.0,0.9319999999999999,0.9303928571428572,HIGH
157,0.9285714285714286,1.0,1.0,1.0,0.9337857142857143,0.613,0.8,1.0,1.0,1.0,0.9319999999999999,0.9303928571428572,HIGH
158,0.9285714285714286,1.0,1.0,1.0,0.9337857142857143,0.613,0.8,1.0,1.0,1.0,0.9319999999999999,0.9303928571428572,HIGH
159,0.9285714285714286,1.0,1.0,1.0,0.9337857142857143,0.613,0.8,1.0,1.0,1.0,0.9319999999999999,0.9303928571428572,HIGH
160,0.9285714285714286,1.0,0.0,1.0,0.9337857142857143,0.613,0.8,1.0,1.0,1.0,0.9319999999999999,0.8303928571428573,HIGH
161,0.9285714285714286,1.0,0.0,1.0,0.9337857142857143,0.613,0.8,1.0,1.0,1.0,0.9319999999999999,0.8303928571428573,HIGH
162,0.9285714285714286,1.0,1.0,1.0,0.9337857142857143,0.613,0.8,1.0,1.0,1.0,0.9319999999999999,0.9303928571428572,HIGH
163,0.9285714285714286,1.0,1.0,1.0,0.9337857142857143,0.613,0.8,1.0,1.0,1.0,0.9319999999999999,0.9303928571428572,HIGH
164,0.9285714285714286,1.0,1.0,1.0,0.9337857142857143,0.613,0.8,1.0,1.0,1.0,0.9319999999999999,0.9303928571428572,HIGH
165,0.9285714285714286,1.0,1.0,1.0,0.9337857142857143,0.613,0.8,1.0,1.0,1.0,0.9319999999999999,0.9303928571428572,HIGH
166,1.0,1.0,0.0,1.0,0.9337857142857143,0.613,0.8,1.0,1.0,1.0,0.9319999999999999,0.8446785714285715,HIGH
167,1.0,1.0,0.0,1.0,0.9337857142857143,0.613,0.8,1.0,1.0,1.0,0.9319999999999999,0.8446785714285715,HIGH
168,0.9285714285714286,1.0,0.0,1.0,0.9337857142857143,0.613,0.8,1.0,1.0,1.0,0.9319999999999999,0.8303928571428573,HIGH
169,0.9285714285714286,1.0,0.0,1.0,0.9337857142857143,0.613,0.8,1.0,1.0,1.0,0.9319999999999999,0.8303928571428573,HIGH
170,0.9285714285714286,1.0,0.0,1.0,0.9337857142857143,0.613,0.8,1.0,1.0,1.0,0.9319999999999999,0.8303928571428573,HIGH
171,0.9285714285714286,1.0,0.0,1.0,0.9337857142857143,0.613,0.8,1.0,1.0,1.0,0.9319999999999999,0.8303928571428573,HIGH
172,0.9285714285714286,1.0,1.0,1.0,0.9337857142857143,0.613,0.8,1.0,1.0,1.0,0.9319999999999999,0.9303928571428572,HIGH
173,0.9285714285714286,1.0,1.0,1.0,0.9337857142857143,0.613,0.8,1.0,1.0,1.0,0.9319999999999999,0.9303928571428572,HIGH
174,0.9285714285714286,1.0,1.0,1.0,0.9337857142857143,0.613,0.8,1.0,1.0,1.0,0.9319999999999999,0.9303928571428572,HIGH
175,0.7857142857142857,1.0,1.0,1.0,0.9337857142857143,0.613,0.8,1.0,1.0,1.0,0.9319999999999999,0.9018214285714287,HIGH
176,0.9285714285714286,1.0,0.0,1.0,0.9337857142857143,0.613,0.8,1.0,1.0,1.0,0.9319999999999999,0.8303928571428573,HIGH
177,0.9285714285714286,1.0,0.0,1.0,0.9337857142857143,0.613,0.8,1.0,1.0,1.0,0.9319999999999999,0.8303928571428573,HIGH
178,0.9285714285714286,1.0,1.0,1.0,0.9337857142857143,0.613,0.8,1.0,1.0,1.0,0.9319999999999999,0.9303928571428572,HIGH
179,1.0,1.0,0.0,1.0,0.9337857142857143,0.613,0.8,1.0,1.0,1.0,0.9319999999999999,0.8446785714285715,HIGH
180,1.0,1.0,0.0,1.0,0.9337857142857143,0.613,0.8,1.0,1.0,1.0,0.9319999999999999,0.8446785714285715,HIGH
181,1.0,1.0,0.0,1.0,0.9337857142857143,0.613,0.8,1.0,1.0,1.0,0.9319999999999999,0.8446785714285715,HIGH
182,1.0,1.0,0.0,1.0,0.9337857142857143,0.613,0.8,1.0,1.0,1.0,0.9319999999999999,0.8446785714285715,HIGH
183,0.9285714285714286,1.0,1.0,1.0,0.9337857142857143,0.613,0.8,1.0,1.0,1.0,0.9319999999999999,0.9303928571428572,HIGH
184,0.9285714285714286,1.0,0.0,1.0,0.9337857142857143,0.613,0.8,1.0,1.0,1.0,0.9319999999999999,0.8303928571428573,HIGH
185,0.9285714285714286,1.0,0.0,1.0,0.9337857142857143,0.613,0.8,1.0,1.0,1.0,0.9319999999999999,0.8303928571428573,HIGH
186,0.9285714285714286,1.0,0.0,1.0,0.9337857142857143,0.613,0.8,1.0,1.0,1.0,0.9319999999999999,0.8303928571428573,HIGH
187,0.9285714285714286,1.0,1.0,1.0,0.9337857142857143,0.613,0.8,1.0,1.0,1.0,0.9319999999999999,0.9303928571428572,HIGH
188,0.9285714285714286,1.0,0.0,1.0,0.9337857142857143,0.613,0.8,1.0,1.0,1.0,0.9319999999999999,0.8303928571428573,HIGH
189,0.9285714285714286,1.0,0.0,1.0,0.9337857142857143,0.613,0.8,1.0,1.0,1.0,0.9319999999999999,0.8303928571428573,HIGH
190,0.9285714285714286,1.0,0.0,1.0,0.9337857142857143,0.613,0.8,1.0,1.0,1.0,0.9319999999999999,0.8303928571428573,HIGH
191,0.9285714285714286,1.0,1.0,1.0,0.9337857142857143,0.613,0.8,1.0,1.0,1.0,0.9319999999999999,0.9303928571428572,HIGH
192,0.9285714285714286,1.0,1.0,1.0,0.9337857142857143,0.613,0.8,1.0,1.0,1.0,0.9319999999999999,0.9303928571428572,HIGH
193,0.9285714285714286,1.0,1.0,1.0,0.9337857142857143,0.613,0.8,1.0,1.0,1.0,0.9319999999999999,0.9303928571428572,HIGH
194,0.9285714285714286,1.0,0.0,1.0,0.9337857142857143,0.613,0.8,1.0,1.0,1.0,0.9319999999999999,0.8303928571428573,HIGH
195,0.9285714285714286,1.0,0.0,1.0,0.9337857142857143,0.613,0.8,1.0,1.0,1.0,0.9319999999999999,0.8303928571428573,HIGH
196,0.9285714285714286,1.0,1.0,1.0,0.9337857142857143,0.613,0.8,1.0,1.0,1.0,0.9319999999999999,0.9303928571428572,HIGH
197,0.9285714285714286,1.0,1.0,1.0,0.9337857142857143,0.613,0.8,1.0,1.0,1.0,0.9319999999999999,0.9303928571428572,HIGH
198,0.9285714285714286,1.0,1.0,1.0,0.9337857142857143,0.613,0.8,1.0,1.0,1.0,0.9319999999999999,0.9303928571428572,HIGH
199,0.9285714285714286,1.0,1.0,1.0,0.9337857142857143,0.613,0.8,1.0,1.0,1.0,0.9319999999999999,0.9303928571428572,HIGH
200,1.0,1.0,0.0,1.0,0.9337857142857143,0.613,0.8,1.0,1.0,1.0,0.9319999999999999,0.8446785714285715,HIGH
201,1.0,1.0,0.0,1.0,0.9337857142857143,0.613,0.8,1.0,1.0,1.0,0.9319999999999999,0.8446785714285715,HIGH
202,1.0,1.0,0.0,1.0,0.9337857142857143,0.613,0.8,1.0,1.0,1.0,0.9319999999999999,0.8446785714285715,HIGH
203,1.0,1.0,0.0,1.0,0.9337857142857143,0.613,0.8,1.0,1.0,1.0,0.9319999999999999,0.8446785714285715,HIGH
204,0.9285714285714286,1.0,0.0,1.0,0.9337857142857143,0.613,0.8,1.0,1.0,1.0,0.9319999999999999,0.8303928571428573,HIGH
205,0.9285714285714286,1.0,0.0,1.0,0.9337857142857143,0.613,0.8,1.0,1.0,1.0,0.9319999999999999,0.8303928571428573,HIGH
206,0.9285714285714286,1.0,0.0,1.0,0.9337857142857143,0.613,0.8,1.0,1.0,1.0,0.9319999999999999,0.8303928571428573,HIGH
207,0.9285714285714286,1.0,0.0,1.0,0.9337857142857143,0.613,0.8,1.0,1.0,1.0,0.9319999999999999,0.8303928571428573,HIGH
208,1.0,1.0,0.0,1.0,0.9337857142857143,0.613,0.8,1.0,1.0,1.0,0.9319999999999999,0.8446785714285715,HIGH
209,1.0,1.0,0.0,1.0,0.9337857142857143,0.613,0.8,1.0,1.0,1.0,0.9319999999999999,0.8446785714285715,HIGH
210,1.0,1.0,0.0,1.0,0.9337857142857143,0.613,0.8,1.0,1.0,1.0,0.9319999999999999,0.8446785714285715,HIGH
211,0.9285714285714286,1.0,1.0,1.0,0.9337857142857143,0.613,0.8,1.0,1.0,1.0,0.9319999999999999,0.9303928571428572,HIGH
212,0.9285714285714286,1.0,1.0,1.0,0.9337857142857143,0.613,0.8,1.0,1.0,1.0,0.9319999999999999,0.9303928571428572,HIGH
213,0.9285714285714286,1.0,1.0,1.0,0.9337857142857143,0.613,0.8,1.0,1.0,1.0,0.9319999999999999,0.9303928571428572,HIGH
214,0.9285714285714286,1.0,1.0,1.0,0.9337857142857143,0.613,0.8,1.0,1.0,1.0,0.9319999999999999,0.9303928571428572,HIGH
215,0.9285714285714286,1.0,1.0,1.0,0.9337857142857143,0.613,0.8,1.0,1.0,1.0,0.9319999999999999,0.9303928571428572,HIGH
216,0.9285714285714286,1.0,0.0,1.0,0.9337857142857143,0.613,0.8,1.0,1.0,1.0,0.9319999999999999,0.8303928571428573,HIGH
217,0.9285714285714286,1.0,0.0,1.0,0.9337857142857143,0.613,0.8,1.0,1.0,1.0,0.9319999999999999,0.8303928571428573,HIGH
218,0.9285714285714286,1.0,1.0,1.0,0.9337857142857143,0.613,0.8,1.0,1.0,1.0,0.9319999999999999,0.9303928571428572,HIGH
219,0.9285714285714286,1.0,0.0,1.0,0.9337857142857143,0.613,0.8,1.0,1.0,1.0,0.9319999999999999,0.8303928571428573,HIGH
220,0.9285714285714286,1.0,0.0,1.0,0.9337857142857143,0.613,0.8,1.0,1.0,1.0,0.9319999999999999,0.8303928571428573,HIGH
221,0.9285714285714286,1.0,1.0,1.0,0.9337857142857143,0.613,0.8,1.0,1.0,1.0,0.9319999999999999,0.9303928571428572,HIGH
222,0.9285714285714286,1.0,1.0,1.0,0.9337857142857143,0.613,0.8,1.0,1.0,1.0,0.9319999999999999,0.9303928571428572,HIGH
223,0.9285714285714286,1.0,0.0,1.0,0.9337857142857143,0.613,0.8,1.0,1.0,1.0,0.9319999999999999,0.8303928571428573,HIGH
224,0.9285714285714286,1.0,0.0,1.0,0.9337857142857143,0.613,0.8,1.0,1.0,1.0,0.9319999999999999,0.8303928571428573,HIGH
225,0.9285714285714286,1.0,0.0,1.0,0.9337857142857143,0.613,0.8,1.0,1.0,1.0,0.9319999999999999,0.8303928571428573,HIGH
226,0.9285714285714286,1.0,1.0,1.0,0.9337857142857143,0.613,0.8,1.0,1.0,1.0,0.9319999999999999,0.9303928571428572,HIGH
227,0.9285714285714286,1.0,0.0,1.0,0.9337857142857143,0.613,0.8,1.0,1.0,1.0,0.9319999999999999,0.8303928571428573,HIGH
228,0.9285714285714286,1.0,0.0,1.0,0.9337857142857143,0.613,0.8,1.0,1.0,1.0,0.9319999999999999,0.8303928571428573,HIGH
229,0.9285714285714286,1.0,1.0,1.0,0.9337857142857143,0.613,0.8,1.0,1.0,1.0,0.9319999999999999,0.9303928571428572,HIGH
230,0.9285714285714286,1.0,1.0,1.0,0.9337857142857143,0.613,0.8,1.0,1.0,1.0,0.9319999999999999,0.9303928571428572,HIGH
231,0.9285714285714286,1.0,1.0,1.0,0.9337857142857143,0.613,0.8,1.0,1.0,1.0,0.9319999999999999,0.9303928571428572,HIGH
232,0.9285714285714286,1.0,0.0,1.0,0.9337857142857143,0.613,0.8,1.0,1.0,1.0,0.9319999999999999,0.8303928571428573,HIGH
233,0.9285714285714286,1.0,0.0,1.0,0.9337857142857143,0.613,0.8,1.0,1.0,1.0,0.9319999999999999,0.8303928571428573,HIGH
234,0.9285714285714286,1.0,1.0,1.0,0.9337857142857143,0.613,0.8,1.0,1.0,1.0,0.9319999999999999,0.9303928571428572,HIGH
235,0.9285714285714286,1.0,1.0,1.0,0.9337857142857143,0.613,0.8,1.0,1.0,1.0,0.9319999999999999,0.9303928571428572,HIGH
236,0.9285714285714286,1.0,0.0,1.0,0.9337857142857143,0.613,0.8,1.0,1.0,1.0,0.9319999999999999,0.8303928571428573,HIGH
237,0.9285714285714286,1.0,0.0,1.0,0.9337857142857143,0.613,0.8,1.0,1.0,1.0,0.9319999999999999,0.8303928571428573,HIGH
238,0.9285714285714286,1.0,1.0,1.0,0.9337857142857143,0.613,0.8,1.0,1.0,1.0,0.9319999999999999,0.9303928571428572,HIGH
239,0.9285714285714286,1.0,0.0,1.0,0.9337857142857143,0.613,0.8,1.0,1.0,1.0,0.9319999999999999,0.8303928571428573,HIGH
240,0.9285714285714286,1.0,0.0,1.0,0.9337857142857143,0.613,0.8,1.0,1.0,1.0,0.9319999999999999,0.8303928571428573,HIGH
241,0.9285714285714286,1.0,1.0,1.0,0.9337857142857143,0.613,0.8,1.0,1.0,1.0,0.9319999999999999,0.9303928571428572,HIGH
242,0.9285714285714286,1.0,0.0,1.0,0.9337857142857143,0.613,0.8,1.0,1.0,1.0,0.9319999999999999,0.8303928571428573,HIGH
243,0.9285714285714286,1.0,0.0,1.0,0.9337857142857143,0.613,0.8,1.0,1.0,1.0,0.9319999999999999,0.8303928571428573,HIGH
244,0.9285714285714286,1.0,1.0,1.0,0.9337857142857143,0.613,0.8,1.0,1.0,1.0,0.9319999999999999,0.9303928571428572,HIGH
245,0.9285714285714286,1.0,0.0,1.0,0.9337857142857143,0.613,0.8,1.0,1.0,1.0,0.9319999999999999,0.8303928571428573,HIGH
246,0.9285714285714286,1.0,0.0,1.0,0.9337857142857143,0.613,0.8,1.0,1.0,1.0,0.9319999999999999,0.8303928571428573,HIGH
247,0.9285714285714286,1.0,1.0,1.0,0.9337857142857143,0.613,0.8,1.0,1.0,1.0,0.9319999999999999,0.9303928571428572,HIGH
248,0.9285714285714286,1.0,0.0,1.0,0.9337857142857143,0.613,0.8,1.0,1.0,1.0,0.9319999999999999,0.8303928571428573,HIGH
249,0.9285714285714286,1.0,0.0,1.0,0.9337857142857143,0.613,0.8,1.0,1.0,1.0,0.9319999999999999,0.8303928571428573,HIGH
250,0.9285714285714286,1.0,1.0,1.0,0.9337857142857143,0.613,0.8,1.0,1.0,1.0,0.9319999999999999,0.9303928571428572,HIGH
251,0.9285714285714286,1.0,0.0,1.0,0.9337857142857143,0.613,0.8,1.0,1.0,1.0,0.9319999999999999,0.8303928571428573,HIGH
252,0.9285714285714286,1.0,0.0,1.0,0.9337857142857143,0.613,0.8,1.0,1.0,1.0,0.9319999999999999,0.8303928571428573,HIGH
253,0.9285714285714286,1.0,0.0,1.0,0.9337857142857143,0.613,0.8,1.0,1.0,1.0,0.9319999999999999,0.8303928571428573,HIGH
254,0.9285714285714286,1.0,0.0,1.0,0.9337857142857143,0.613,0.8,1.0,1.0,1.0,0.9319999999999999,0.8303928571428573,HIGH
255,0.9285714285714286,1.0,1.0,1.0,0.9337857142857143,0.613,0.8,1.0,1.0,1.0,0.9319999999999999,0.9303928571428572,HIGH
256,0.9285714285714286,1.0,0.0,1.0,0.9337857142857143,0.613,0.8,1.0,1.0,1.0,0.9319999999999999,0.8303928571428573,HIGH
257,0.9285714285714286,1.0,0.0,1.0,0.9337857142857143,0.613,0.8,1.0,1.0,1.0,0.9319999999999999,0.8303928571428573,HIGH
258,0.9285714285714286,1.0,0.0,1.0,0.9337857142857143,0.613,0.8,1.0,1.0,1.0,0.9319999999999999,0.8303928571428573,HIGH
259,0.9285714285714286,1.0,0.0,1.0,0.9337857142857143,0.613,0.8,1.0,1.0,1.0,0.9319999999999999,0.8303928571428573,HIGH
260,0.9285714285714286,1.0,1.0,1.0,0.9337857142857143,0.613,0.8,1.0,1.0,1.0,0.9319999999999999,0.9303928571428572,HIGH
261,0.9285714285714286,1.0,0.0,1.0,0.9337857142857143,0.613,0.8,1.0,1.0,1.0,0.9319999999999999,0.8303928571428573,HIGH
262,0.9285714285714286,1.0,0.0,1.0,0.9337857142857143,0.613,0.8,1.0,1.0,1.0,0.9319999999999999,0.8303928571428573,HIGH
263,0.9285714285714286,1.0,1.0,1.0,0.9337857142857143,0.613,0.8,1.0,1.0,1.0,0.9319999999999999,0.9303928571428572,HIGH
264,0.9285714285714286,1.0,0.0,1.0,0.9337857142857143,0.613,0.8,1.0,1.0,1.0,0.9319999999999999,0.8303928571428573,HIGH
265,0.9285714285714286,1.0,0.0,1.0,0.9337857142857143,0.613,0.8,1.0,1.0,1.0,0.9319999999999999,0.8303928571428573,HIGH
266,0.9285714285714286,1.0,1.0,1.0,0.9337857142857143,0.613,0.8,1.0,1.0,1.0,0.9319999999999999,0.9303928571428572,HIGH
267,0.9285714285714286,1.0,1.0,1.0,0.9337857142857143,0.613,0.8,1.0,1.0,1.0,0.9319999999999999,0.9303928571428572,HIGH
268,0.9285714285714286,1.0,0.0,1.0,0.9337857142857143,0.613,0.8,1.0,1.0,1.0,0.9319999999999999,0.8303928571428573,HIGH
269,0.9285714285714286,1.0,0.0,1.0,0.9337857142857143,0.613,0.8,1.0,1.0,1.0,0.9319999999999999,0.8303928571428573,HIGH
270,0.9285714285714286,1.0,0.0,1.0,0.9337857142857143,0.613,0.8,1.0,1.0,1.0,0.9319999999999999,0.8303928571428573,HIGH
271,0.9285714285714286,1.0,1.0,1.0,0.9337857142857143,0.613,0.8,1.0,1.0,1.0,0.9319999999999999,0.9303928571428572,HIGH
272,0.9285714285714286,1.0,0.0,1.0,0.9337857142857143,0.613,0.8,1.0,1.0,1.0,0.9319999999999999,0.8303928571428573,HIGH
273,0.9285714285714286,1.0,0.0,1.0,0.9337857142857143,0.613,0.8,1.0,1.0,1.0,0.9319999999999999,0.8303928571428573,HIGH
274,0.9285714285714286,1.0,1.0,1.0,0.9337857142857143,0.613,0.8,1.0,1.0,1.0,0.9319999999999999,0.9303928571428572,HIGH
275,0.9285714285714286,1.0,1.0,1.0,0.9337857142857143,0.613,0.8,1.0,1.0,1.0,0.9319999999999999,0.9303928571428572,HIGH
276,0.9285714285714286,1.0,0.0,1.0,0.9337857142857143,0.613,0.8,1.0,1.0,1.0,0.9319999999999999,0.8303928571428573,HIGH
277,0.9285714285714286,1.0,0.0,1.0,0.9337857142857143,0.613,0.8,1.0,1.0,1.0,0.9319999999999999,0.8303928571428573,HIGH
278,0.9285714285714286,1.0,0.0,1.0,0.9337857142857143,0.613,0.8,1.0,1.0,1.0,0.9319999999999999,0.8303928571428573,HIGH
279,0.9285714285714286,1.0,0.0,1.0,0.9337857142857143,0.613,0.8,1.0,1.0,1.0,0.9319999999999999,0.8303928571428573,HIGH
280,0.9285714285714286,1.0,0.0,1.0,0.9337857142857143,0.613,0.8,1.0,1.0,1.0,0.9319999999999999,0.8303928571428573,HIGH
281,0.9285714285714286,1.0,1.0,1.0,0.9337857142857143,0.613,0.8,1.0,1.0,1.0,0.9319999999999999,0.9303928571428572,HIGH
282,0.9285714285714286,1.0,0.0,1.0,0.9337857142857143,0.613,0.8,1.0,1.0,1.0,0.9319999999999999,0.8303928571428573,HIGH
283,0.9285714285714286,1.0,0.0,1.0,0.9337857142857143,0.613,0.8,1.0,1.0,1.0,0.9319999999999999,0.8303928571428573,HIGH
284,0.9285714285714286,1.0,0.0,1.0,0.9337857142857143,0.613,0.8,1.0,1.0,1.0,0.9319999999999999,0.8303928571428573,HIGH
285,0.9285714285714286,1.0,0.0,1.0,0.9337857142857143,0.613,0.8,1.0,1.0,1.0,0.9319999999999999,0.8303928571428573,HIGH
286,0.9285714285714286,1.0,1.0,1.0,0.9337857142857143,0.613,0.8,1.0,1.0,1.0,0.9319999999999999,0.9303928571428572,HIGH
287,0.9285714285714286,1.0,0.0,1.0,0.9337857142857143,0.613,0.8,1.0,1.0,1.0,0.9319999999999999,0.8303928571428573,HIGH
288,0.9285714285714286,1.0,0.0,1.0,0.9337857142857143,0.613,0.8,1.0,1.0,1.0,0.9319999999999999,0.8303928571428573,HIGH
289,0.9285714285714286,1.0,1.0,1.0,0.9337857142857143,0.613,0.8,1.0,1.0,1.0,0.9319999999999999,0.9303928571428572,HIGH
290,0.9285714285714286,1.0,1.0,1.0,0.9337857142857143,0.613,0.8,1.0,1.0,1.0,0.9319999999999999,0.9303928571428572,HIGH
291,0.9285714285714286,1.0,1.0,1.0,0.9337857142857143,0.613,0.8,1.0,1.0,1.0,0.9319999999999999,0.9303928571428572,HIGH
292,0.9285714285714286,1.0,1.0,1.0,0.9337857142857143,0.613,0.8,1.0,1.0,1.0,0.9319999999999999,0.9303928571428572,HIGH
293,0.9285714285714286,1.0,1.0,1.0,0.9337857142857143,0.613,0.8,1.0,1.0,1.0,0.9319999999999999,0.9303928571428572,HIGH
294,0.9285714285714286,1.0,1.0,1.0,0.9337857142857143,0.613,0.8,1.0,1.0,1.0,0.9319999999999999,0.9303928571428572,HIGH
295,0.9285714285714286,1.0,0.0,1.0,0.9337857142857143,0.613,0.8,1.0,1.0,1.0,0.9319999999999999,0.8303928571428573,HIGH
296,0.9285714285714286,1.0,0.0,1.0,0.9337857142857143,0.613,0.8,1.0,1.0,1.0,0.9319999999999999,0.8303928571428573,HIGH
297,0.9285714285714286,1.0,0.0,1.0,0.9337857142857143,0.613,0.8,1.0,1.0,1.0,0.9319999999999999,0.8303928571428573,HIGH
298,0.9285714285714286,1.0,0.0,1.0,0.9337857142857143,0.613,0.8,1.0,1.0,1.0,0.9319999999999999,0.8303928571428573,HIGH
299,0.9285714285714286,1.0,0.0,1.0,0.9337857142857143,0.613,0.8,1.0,1.0,1.0,0.9319999999999999,0.8303928571428573,HIGH
300,0.9285714285714286,1.0,1.0,1.0,0.9337857142857143,0.613,0.8,1.0,1.0,1.0,0.9319999999999999,0.9303928571428572,HIGH
301,0.9285714285714286,1.0,0.0,1.0,0.9337857142857143,0.613,0.8,1.0,1.0,1.0,0.9319999999999999,0.8303928571428573,HIGH
302,0.9285714285714286,1.0,0.0,1.0,0.9337857142857143,0.613,0.8,1.0,1.0,1.0,0.9319999999999999,0.8303928571428573,HIGH
303,0.9285714285714286,1.0,0.0,1.0,0.9337857142857143,0.613,0.8,1.0,1.0,1.0,0.9319999999999999,0.8303928571428573,HIGH
304,0.9285714285714286,1.0,0.0,1.0,0.9337857142857143,0.613,0.8,1.0,1.0,1.0,0.9319999999999999,0.8303928571428573,HIGH
305,0.9285714285714286,1.0,0.0,1.0,0.9337857142857143,0.613,0.8,1.0,1.0,1.0,0.9319999999999999,0.8303928571428573,HIGH
306,1.0,1.0,0.0,1.0,0.9337857142857143,0.613,0.8,1.0,1.0,1.0,0.9319999999999999,0.8446785714285715,HIGH
307,1.0,1.0,0.0,1.0,0.9337857142857143,0.613,0.8,1.0,1.0,1.0,0.9319999999999999,0.8446785714285715,HIGH
308,0.9285714285714286,1.0,1.0,1.0,0.9337857142857143,0.613,0.8,1.0,1.0,1.0,0.9319999999999999,0.9303928571428572,HIGH
309,0.9285714285714286,1.0,0.0,1.0,0.9337857142857143,0.613,0.8,1.0,1.0,1.0,0.9319999999999999,0.8303928571428573,HIGH
310,0.9285714285714286,1.0,0.0,1.0,0.9337857142857143,0.613,0.8,1.0,1.0,1.0,0.9319999999999999,0.8303928571428573,HIGH
311,0.9285714285714286,1.0,0.0,1.0,0.9337857142857143,0.613,0.8,1.0,1.0,1.0,0.9319999999999999,0.8303928571428573,HIGH
312,0.9285714285714286,1.0,0.0,1.0,0.9337857142857143,0.613,0.8,1.0,1.0,1.0,0.9319999999999999,0.8303928571428573,HIGH
313,0.9285714285714286,1.0,0.0,1.0,0.9337857142857143,0.613,0.8,1.0,1.0,1.0,0.9319999999999999,0.8303928571428573,HIGH
314,0.9285714285714286,1.0,0.0,1.0,0.9337857142857143,0.613,0.8,1.0,1.0,1.0,0.9319999999999999,0.8303928571428573,HIGH
315,0.9285714285714286,1.0,1.0,1.0,0.9337857142857143,0.613,0.8,1.0,1.0,1.0,0.9319999999999999,0.9303928571428572,HIGH
316,0.9285714285714286,1.0,1.0,1.0,0.9337857142857143,0.613,0.8,1.0,1.0,1.0,0.9319999999999999,0.9303928571428572,HIGH
317,0.9285714285714286,1.0,1.0,1.0,0.9337857142857143,0.613,0.8,1.0,1.0,1.0,0.9319999999999999,0.9303928571428572,HIGH
318,1.0,1.0,0.0,1.0,0.9337857142857143,0.613,0.8,1.0,1.0,1.0,0.9319999999999999,0.8446785714285715,HIGH
319,1.0,1.0,0.0,1.0,0.9337857142857143,0.613,0.8,1.0,1.0,1.0,0.9319999999999999,0.8446785714285715,HIGH
320,0.9285714285714286,1.0,1.0,1.0,0.9337857142857143,0.613,0.8,1.0,1.0,1.0,0.9319999999999999,0.9303928571428572,HIGH
321,0.9285714285714286,1.0,0.0,1.0,0.9337857142857143,0.613,0.8,1.0,1.0,1.0,0.9319999999999999,0.8303928571428573,HIGH
322,0.9285714285714286,1.0,0.0,1.0,0.9337857142857143,0.613,0.8,1.0,1.0,1.0,0.9319999999999999,0.8303928571428573,HIGH
323,0.9285714285714286,1.0,0.0,1.0,0.9337857142857143,0.613,0.8,1.0,1.0,1.0,0.9319999999999999,0.8303928571428573,HIGH
324,0.9285714285714286,1.0,0.0,1.0,0.9337857142857143,0.613,0.8,1.0,1.0,1.0,0.9319999999999999,0.8303928571428573,HIGH
325,0.9285714285714286,1.0,0.0,1.0,0.9337857142857143,0.613,0.8,1.0,1.0,1.0,0.9319999999999999,0.8303928571428573,HIGH
326,0.9285714285714286,1.0,0.0,1.0,0.9337857142857143,0.613,0.8,1.0,1.0,1.0,0.9319999999999999,0.8303928571428573,HIGH
327,0.9285714285714286,1.0,1.0,1.0,0.9337857142857143,0.613,0.8,1.0,1.0,1.0,0.9319999999999999,0.9303928571428572,HIGH
328,0.9285714285714286,1.0,0.0,1.0,0.9337857142857143,0.613,0.8,1.0,1.0,1.0,0.9319999999999999,0.8303928571428573,HIGH
329,0.9285714285714286,1.0,0.0,1.0,0.9337857142857143,0.613,0.8,1.0,1.0,1.0,0.9319999999999999,0.8303928571428573,HIGH
330,0.9285714285714286,1.0,1.0,1.0,0.9337857142857143,0.613,0.8,1.0,1.0,1.0,0.9319999999999999,0.9303928571428572,HIGH
331,0.9285714285714286,1.0,0.0,1.0,0.9337857142857143,0.613,0.8,1.0,1.0,1.0,0.9319999999999999,0.8303928571428573,HIGH
332,0.9285714285714286,1.0,0.0,1.0,0.9337857142857143,0.613,0.8,1.0,1.0,1.0,0.9319999999999999,0.8303928571428573,HIGH
333,0.9285714285714286,1.0,0.0,1.0,0.9337857142857143,0.613,0.8,1.0,1.0,1.0,0.9319999999999999,0.8303928571428573,HIGH
334,0.9285714285714286,1.0,0.0,1.0,0.9337857142857143,0.613,0.8,1.0,1.0,1.0,0.9319999999999999,0.8303928571428573,HIGH
335,0.9285714285714286,1.0,0.0,1.0,0.9337857142857143,0.613,0.8,1.0,1.0,1.0,0.9319999999999999,0.8303928571428573,HIGH
336,0.9285714285714286,1.0,0.0,1.0,0.9337857142857143,0.613,0.8,1.0,1.0,1.0,0.9319999999999999,0.8303928571428573,HIGH
337,0.9285714285714286,1.0,0.0,1.0,0.9337857142857143,0.613,0.8,1.0,1.0,1.0,0.9319999999999999,0.8303928571428573,HIGH
338,0.9285714285714286,1.0,0.0,1.0,0.9337857142857143,0.613,0.8,1.0,1.0,1.0,0.9319999999999999,0.8303928571428573,HIGH
339,1.0,1.0,0.0,1.0,0.9337857142857143,0.613,0.8,1.0,1.0,1.0,0.9319999999999999,0.8446785714285715,HIGH
340,1.0,1.0,0.0,1.0,0.9337857142857143,0.613,0.8,1.0,1.0,1.0,0.9319999999999999,0.8446785714285715,HIGH
341,1.0,1.0,0.0,1.0,0.9337857142857143,0.613,0.8,1.0,1.0,1.0,0.9319999999999999,0.8446785714285715,HIGH
342,0.9285714285714286,1.0,1.0,1.0,0.9337857142857143,0.613,0.8,1.0,1.0,1.0,0.9319999999999999,0.9303928571428572,HIGH
343,0.9285714285714286,1.0,0.0,1.0,0.9337857142857143,0.613,0.8,1.0,1.0,1.0,0.9319999999999999,0.8303928571428573,HIGH
344,0.9285714285714286,1.0,0.0,1.0,0.9337857142857143,0.613,0.8,1.0,1.0,1.0,0.9319999999999999,0.8303928571428573,HIGH
345,0.9285714285714286,1.0,0.0,1.0,0.9337857142857143,0.613,0.8,1.0,1.0,1.0,0.9319999999999999,0.8303928571428573,HIGH
346,0.9285714285714286,1.0,0.0,1.0,0.9337857142857143,0.613,0.8,1.0,1.0,1.0,0.9319999999999999,0.8303928571428573,HIGH
347,0.9285714285714286,1.0,1.0,1.0,0.9337857142857143,0.613,0.8,1.0,1.0,1.0,0.9319999999999999,0.9303928571428572,HIGH
348,0.9285714285714286,1.0,1.0,1.0,0.9337857142857143,0.613,0.8,1.0,1.0,1.0,0.9319999999999999,0.9303928571428572,HIGH
349,0.9285714285714286,1.0,1.0,1.0,0.9337857142857143,0.613,0.8,1.0,1.0,1.0,0.9319999999999999,0.9303928571428572,HIGH
350,1.0,1.0,0.0,1.0,0.9337857142857143,0.613,0.8,1.0,1.0,1.0,0.9319999999999999,0.8446785714285715,HIGH
351,1.0,1.0,0.0,1.0,0.9337857142857143,0.613,0.8,1.0,1.0,1.0,0.9319999999999999,0.8446785714285715,HIGH
352,0.9285714285714286,1.0,0.0,1.0,0.9337857142857143,0.613,0.8,1.0,1.0,1.0,0.9319999999999999,0.8303928571428573,HIGH
353,0.9285714285714286,1.0,0.0,1.0,0.9337857142857143,0.613,0.8,1.0,1.0,1.0,0.9319999999999999,0.8303928571428573,HIGH
354,0.9285714285714286,1.0,1.0,1.0,0.9337857142857143,0.613,0.8,1.0,1.0,1.0,0.9319999999999999,0.9303928571428572,HIGH
355,0.9285714285714286,1.0,1.0,1.0,0.9337857142857143,0.613,0.8,1.0,1.0,1.0,0.9319999999999999,0.9303928571428572,HIGH
356,0.9285714285714286,1.0,0.0,1.0,0.9337857142857143,0.613,0.8,1.0,1.0,1.0,0.9319999999999999,0.8303928571428573,HIGH
357,0.9285714285714286,1.0,0.0,1.0,0.9337857142857143,0.613,0.8,1.0,1.0,1.0,0.9319999999999999,0.8303928571428573,HIGH
358,0.9285714285714286,1.0,0.0,1.0,0.9337857142857143,0.613,0.8,1.0,1.0,1.0,0.9319999999999999,0.8303928571428573,HIGH
359,0.9285714285714286,1.0,1.0,1.0,0.9337857142857143,0.613,0.8,1.0,1.0,1.0,0.9319999999999999,0.9303928571428572,HIGH
360,0.9285714285714286,1.0,0.0,1.0,0.9337857142857143,0.613,0.8,1.0,1.0,1.0,0.9319999999999999,0.8303928571428573,HIGH
361,0.9285714285714286,1.0,0.0,1.0,0.9337857142857143,0.613,0.8,1.0,1.0,1.0,0.9319999999999999,0.8303928571428573,HIGH
362,0.9285714285714286,1.0,1.0,1.0,0.9337857142857143,0.613,0.8,1.0,1.0,1.0,0.9319999999999999,0.9303928571428572,HIGH
363,0.9285714285714286,1.0,0.0,1.0,0.9337857142857143,0.613,0.8,1.0,1.0,1.0,0.9319999999999999,0.8303928571428573,HIGH
364,0.9285714285714286,1.0,0.0,1.0,0.9337857142857143,0.613,0.8,1.0,1.0,1.0,0.9319999999999999,0.8303928571428573,HIGH
365,0.9285714285714286,1.0,0.0,1.0,0.9337857142857143,0.613,0.8,1.0,1.0,1.0,0.9319999999999999,0.8303928571428573,HIGH
366,0.9285714285714286,1.0,0.0,1.0,0.9337857142857143,0.613,0.8,1.0,1.0,1.0,0.9319999999999999,0.8303928571428573,HIGH
367,0.9285714285714286,1.0,0.0,1.0,0.9337857142857143,0.613,0.8,1.0,1.0,1.0,0.9319999999999999,0.8303928571428573,HIGH
368,0.9285714285714286,1.0,0.0,1.0,0.9337857142857143,0.613,0.8,1.0,1.0,1.0,0.9319999999999999,0.8303928571428573,HIGH
369,0.9285714285714286,1.0,0.0,1.0,0.9337857142857143,0.613,0.8,1.0,1.0,1.0,0.9319999999999999,0.8303928571428573,HIGH
370,0.9285714285714286,1.0,1.0,1.0,0.9337857142857143,0.613,0.8,1.0,1.0,1.0,0.9319999999999999,0.9303928571428572,HIGH
371,0.9285714285714286,1.0,0.0,1.0,0.9337857142857143,0.613,0.8,1.0,1.0,1.0,0.9319999999999999,0.8303928571428573,HIGH
372,0.9285714285714286,1.0,0.0,1.0,0.9337857142857143,0.613,0.8,1.0,1.0,1.0,0.9319999999999999,0.8303928571428573,HIGH
373,1.0,1.0,0.0,1.0,0.9337857142857143,0.613,0.8,1.0,1.0,1.0,0.9319999999999999,0.8446785714285715,HIGH
374,1.0,1.0,0.0,1.0,0.9337857142857143,0.613,0.8,1.0,1.0,1.0,0.9319999999999999,0.8446785714285715,HIGH
375,0.9285714285714286,1.0,1.0,1.0,0.9337857142857143,0.613,0.8,1.0,1.0,1.0,0.9319999999999999,0.9303928571428572,HIGH
376,0.7857142857142857,1.0,1.0,1.0,0.9337857142857143,0.613,0.8,1.0,1.0,1.0,0.9319999999999999,0.9018214285714287,HIGH
377,0.9285714285714286,1.0,1.0,1.0,0.9337857142857143,0.613,0.8,1.0,1.0,1.0,0.9319999999999999,0.9303928571428572,HIGH
378,0.9285714285714286,1.0,1.0,1.0,0.9337857142857143,0.613,0.8,1.0,1.0,1.0,0.9319999999999999,0.9303928571428572,HIGH
379,0.9285714285714286,1.0,0.0,1.0,0.9337857142857143,0.613,0.8,1.0,1.0,1.0,0.9319999999999999,0.8303928571428573,HIGH
380,0.9285714285714286,1.0,0.0,1.0,0.9337857142857143,0.613,0.8,1.0,1.0,1.0,0.9319999999999999,0.8303928571428573,HIGH
381,0.9285714285714286,1.0,0.0,1.0,0.9337857142857143,0.613,0.8,1.0,1.0,1.0,0.9319999999999999,0.8303928571428573,HIGH
382,0.9285714285714286,1.0,0.0,1.0,0.9337857142857143,0.613,0.8,1.0,1.0,1.0,0.9319999999999999,0.8303928571428573,HIGH
383,0.9285714285714286,1.0,0.0,1.0,0.9337857142857143,0.613,0.8,1.0,1.0,1.0,0.9319999999999999,0.8303928571428573,HIGH
384,0.9285714285714286,1.0,1.0,1.0,0.9337857142857143,0.613,0.8,1.0,1.0,1.0,0.9319999999999999,0.9303928571428572,HIGH
385,0.9285714285714286,1.0,0.0,1.0,0.9337857142857143,0.613,0.8,1.0,1.0,1.0,0.9319999999999999,0.8303928571428573,HIGH
386,0.9285714285714286,1.0,0.0,1.0,0.9337857142857143,0.613,0.8,1.0,1.0,1.0,0.9319999999999999,0.8303928571428573,HIGH
387,0.9285714285714286,1.0,1.0,1.0,0.9337857142857143,0.613,0.8,1.0,1.0,1.0,0.9319999999999999,0.9303928571428572,HIGH
388,0.9285714285714286,1.0,0.0,1.0,0.9337857142857143,0.613,0.8,1.0,1.0,1.0,0.9319999999999999,0.8303928571428573,HIGH
389,0.9285714285714286,1.0,0.0,1.0,0.9337857142857143,0.613,0.8,1.0,1.0,1.0,0.9319999999999999,0.8303928571428573,HIGH
390,0.9285714285714286,1.0,0.0,1.0,0.9337857142857143,0.613,0.8,1.0,1.0,1.0,0.9319999999999999,0.8303928571428573,HIGH
391,0.9285714285714286,1.0,1.0,1.0,0.9337857142857143,0.613,0.8,1.0,1.0,1.0,0.9319999999999999,0.9303928571428572,HIGH
392,0.9285714285714286,1.0,0.0,1.0,0.9337857142857143,0.613,0.8,1.0,1.0,1.0,0.9319999999999999,0.8303928571428573,HIGH
393,0.9285714285714286,1.0,0.0,1.0,0.9337857142857143,0.613,0.8,1.0,1.0,1.0,0.9319999999999999,0.8303928571428573,HIGH
394,0.9285714285714286,1.0,0.0,1.0,0.9337857142857143,0.613,0.8,1.0,1.0,1.0,0.9319999999999999,0.8303928571428573,HIGH
395,0.9285714285714286,1.0,0.0,1.0,0.9337857142857143,0.613,0.8,1.0,1.0,1.0,0.9319999999999999,0.8303928571428573,HIGH
396,0.9285714285714286,1.0,0.0,1.0,0.9337857142857143,0.613,0.8,1.0,1.0,1.0,0.9319999999999999,0.8303928571428573,HIGH
397,0.9285714285714286,1.0,0.0,1.0,0.9337857142857143,0.613,0.8,1.0,1.0,1.0,0.9319999999999999,0.8303928571428573,HIGH
398,0.9285714285714286,1.0,1.0,1.0,0.9337857142857143,0.613,0.8,1.0,1.0,1.0,0.9319999999999999,0.9303928571428572,HIGH
399,0.9285714285714286,1.0,0.0,1.0,0.9337857142857143,0.613,0.8,1.0,1.0,1.0,0.9319999999999999,0.8303928571428573,HIGH
400,0.9285714285714286,1.0,0.0,1.0,0.9337857142857143,0.613,0.8,1.0,1.0,1.0,0.9319999999999999,0.8303928571428573,HIGH
401,0.9285714285714286,1.0,1.0,1.0,0.9337857142857143,0.613,0.8,1.0,1.0,1.0,0.9319999999999999,0.9303928571428572,HIGH
402,1.0,1.0,0.0,1.0,0.9337857142857143,0.613,0.8,1.0,1.0,1.0,0.9319999999999999,0.8446785714285715,HIGH
403,1.0,1.0,0.0,1.0,0.9337857142857143,0.613,0.8,1.0,1.0,1.0,0.9319999999999999,0.8446785714285715,HIGH
404,1.0,1.0,0.0,1.0,0.9337857142857143,0.613,0.8,1.0,1.0,1.0,0.9319999999999999,0.8446785714285715,HIGH
405,0.9285714285714286,1.0,1.0,1.0,0.9337857142857143,0.613,0.8,1.0,1.0,1.0,0.9319999999999999,0.9303928571428572,HIGH
406,0.9285714285714286,1.0,0.0,1.0,0.9337857142857143,0.613,0.8,1.0,1.0,1.0,0.9319999999999999,0.8303928571428573,HIGH
407,0.9285714285714286,1.0,0.0,1.0,0.9337857142857143,0.613,0.8,1.0,1.0,1.0,0.9319999999999999,0.8303928571428573,HIGH
408,0.9285714285714286,1.0,1.0,1.0,0.9337857142857143,0.613,0.8,1.0,1.0,1.0,0.9319999999999999,0.9303928571428572,HIGH
409,0.9285714285714286,1.0,1.0,1.0,0.9337857142857143,0.613,0.8,1.0,1.0,1.0,0.9319999999999999,0.9303928571428572,HIGH
410,0.9285714285714286,1.0,0.0,1.0,0.9337857142857143,0.613,0.8,1.0,1.0,1.0,0.9319999999999999,0.8303928571428573,HIGH
411,0.9285714285714286,1.0,0.0,1.0,0.9337857142857143,0.613,0.8,1.0,1.0,1.0,0.9319999999999999,0.8303928571428573,HIGH
412,0.9285714285714286,1.0,1.0,1.0,0.9337857142857143,0.613,0.8,1.0,1.0,1.0,0.9319999999999999,0.9303928571428572,HIGH
413,0.9285714285714286,1.0,1.0,1.0,0.9337857142857143,0.613,0.8,1.0,1.0,1.0,0.9319999999999999,0.9303928571428572,HIGH
414,0.9285714285714286,1.0,1.0,1.0,0.9337857142857143,0.613,0.8,1.0,1.0,1.0,0.9319999999999999,0.9303928571428572,HIGH
415,0.9285714285714286,1.0,0.0,1.0,0.9337857142857143,0.613,0.8,1.0,1.0,1.0,0.9319999999999999,0.8303928571428573,HIGH
416,0.9285714285714286,1.0,0.0,1.0,0.9337857142857143,0.613,0.8,1.0,1.0,1.0,0.9319999999999999,0.8303928571428573,HIGH
417,0.9285714285714286,1.0,0.0,1.0,0.9337857142857143,0.613,0.8,1.0,1.0,1.0,0.9319999999999999,0.8303928571428573,HIGH
418,0.9285714285714286,1.0,1.0,1.0,0.9337857142857143,0.613,0.8,1.0,1.0,1.0,0.9319999999999999,0.9303928571428572,HIGH
419,0.9285714285714286,1.0,1.0,1.0,0.9337857142857143,0.613,0.8,1.0,1.0,1.0,0.9319999999999999,0.9303928571428572,HIGH
420,0.9285714285714286,1.0,0.0,1.0,0.9337857142857143,0.613,0.8,1.0,1.0,1.0,0.9319999999999999,0.8303928571428573,HIGH
421,0.9285714285714286,1.0,0.0,1.0,0.9337857142857143,0.613,0.8,1.0,1.0,1.0,0.9319999999999999,0.8303928571428573,HIGH
422,0.9285714285714286,1.0,0.0,1.0,0.9337857142857143,0.613,0.8,1.0,1.0,1.0,0.9319999999999999,0.8303928571428573,HIGH
423,0.9285714285714286,1.0,0.0,1.0,0.9337857142857143,0.613,0.8,1.0,1.0,1.0,0.9319999999999999,0.8303928571428573,HIGH
424,0.9285714285714286,1.0,1.0,1.0,0.9337857142857143,0.613,0.8,1.0,1.0,1.0,0.9319999999999999,0.9303928571428572,HIGH
425,0.9285714285714286,1.0,0.0,1.0,0.9337857142857143,0.613,0.8,1.0,1.0,1.0,0.9319999999999999,0.8303928571428573,HIGH
426,0.9285714285714286,1.0,0.0,1.0,0.9337857142857143,0.613,0.8,1.0,1.0,1.0,0.9319999999999999,0.8303928571428573,HIGH
427,0.9285714285714286,1.0,0.0,1.0,0.9337857142857143,0.613,0.8,1.0,1.0,1.0,0.9319999999999999,0.8303928571428573,HIGH
428,0.9285714285714286,1.0,0.0,1.0,0.9337857142857143,0.613,0.8,1.0,1.0,1.0,0.9319999999999999,0.8303928571428573,HIGH
429,0.9285714285714286,1.0,0.0,1.0,0.9337857142857143,0.613,0.8,1.0,1.0,1.0,0.9319999999999999,0.8303928571428573,HIGH
430,0.9285714285714286,1.0,1.0,1.0,0.9337857142857143,0.613,0.8,1.0,1.0,1.0,0.9319999999999999,0.9303928571428572,HIGH
431,0.9285714285714286,1.0,0.0,1.0,0.9337857142857143,0.613,0.8,1.0,1.0,1.0,0.9319999999999999,0.8303928571428573,HIGH
432,0.9285714285714286,1.0,0.0,1.0,0.9337857142857143,0.613,0.8,1.0,1.0,1.0,0.9319999999999999,0.8303928571428573,HIGH
433,0.9285714285714286,1.0,0.0,1.0,0.9337857142857143,0.613,0.8,1.0,1.0,1.0,0.9319999999999999,0.8303928571428573,HIGH
434,0.9285714285714286,1.0,0.0,1.0,0.9337857142857143,0.613,0.8,1.0,1.0,1.0,0.9319999999999999,0.8303928571428573,HIGH
435,0.9285714285714286,1.0,0.0,1.0,0.9337857142857143,0.613,0.8,1.0,1.0,1.0,0.9319999999999999,0.8303928571428573,HIGH
436,0.9285714285714286,1.0,1.0,1.0,0.9337857142857143,0.613,0.8,1.0,1.0,1.0,0.9319999999999999,0.9303928571428572,HIGH
437,0.9285714285714286,1.0,0.0,1.0,0.9337857142857143,0.613,0.8,1.0,1.0,1.0,0.9319999999999999,0.8303928571428573,HIGH
438,0.9285714285714286,1.0,0.0,1.0,0.9337857142857143,0.613,0.8,1.0,1.0,1.0,0.9319999999999999,0.8303928571428573,HIGH
439,0.9285714285714286,1.0,0.0,1.0,0.9337857142857143,0.613,0.8,1.0,1.0,1.0,0.9319999999999999,0.8303928571428573,HIGH
440,0.9285714285714286,1.0,0.0,1.0,0.9337857142857143,0.613,0.8,1.0,1.0,1.0,0.9319999999999999,0.8303928571428573,HIGH
441,0.9285714285714286,1.0,0.0,1.0,0.9337857142857143,0.613,0.8,1.0,1.0,1.0,0.9319999999999999,0.8303928571428573,HIGH
442,0.9285714285714286,1.0,0.0,1.0,0.9337857142857143,0.613,0.8,1.0,1.0,1.0,0.9319999999999999,0.8303928571428573,HIGH
443,0.9285714285714286,1.0,1.0,1.0,0.9337857142857143,0.613,0.8,1.0,1.0,1.0,0.9319999999999999,0.9303928571428572,HIGH
444,0.9285714285714286,1.0,1.0,1.0,0.9337857142857143,0.613,0.8,1.0,1.0,1.0,0.9319999999999999,0.9303928571428572,HIGH
445,0.9285714285714286,1.0,1.0,1.0,0.9337857142857143,0.613,0.8,1.0,1.0,1.0,0.9319999999999999,0.9303928571428572,HIGH
446,0.9285714285714286,1.0,0.0,1.0,0.9337857142857143,0.613,0.8,1.0,1.0,1.0,0.9319999999999999,0.8303928571428573,HIGH
447,0.9285714285714286,1.0,0.0,1.0,0.9337857142857143,0.613,0.8,1.0,1.0,1.0,0.9319999999999999,0.8303928571428573,HIGH
448,0.9285714285714286,1.0,1.0,1.0,0.9337857142857143,0.613,0.8,1.0,1.0,1.0,0.9319999999999999,0.9303928571428572,HIGH
449,0.9285714285714286,1.0,1.0,1.0,0.9337857142857143,0.613,0.8,1.0,1.0,1.0,0.9319999999999999,0.9303928571428572,HIGH
450,0.9285714285714286,1.0,1.0,1.0,0.9337857142857143,0.613,0.8,1.0,1.0,1.0,0.9319999999999999,0.9303928571428572,HIGH
451,0.9285714285714286,1.0,1.0,1.0,0.9337857142857143,0.613,0.8,1.0,1.0,1.0,0.9319999999999999,0.9303928571428572,HIGH
452,0.9285714285714286,1.0,1.0,1.0,0.9337857142857143,0.613,0.8,1.0,1.0,1.0,0.9319999999999999,0.9303928571428572,HIGH
453,0.9285714285714286,1.0,1.0,1.0,0.9337857142857143,0.613,0.8,1.0,1.0,1.0,0.9319999999999999,0.9303928571428572,HIGH
454,0.9285714285714286,1.0,1.0,1.0,0.9337857142857143,0.613,0.8,1.0,1.0,1.0,0.9319999999999999,0.9303928571428572,HIGH
455,0.9285714285714286,1.0,1.0,1.0,0.9337857142857143,0.613,0.8,1.0,1.0,1.0,0.9319999999999999,0.9303928571428572,HIGH
456,0.9285714285714286,1.0,0.0,1.0,0.9337857142857143,0.613,0.8,1.0,1.0,1.0,0.9319999999999999,0.8303928571428573,HIGH
457,0.9285714285714286,1.0,0.0,1.0,0.9337857142857143,0.613,0.8,1.0,1.0,1.0,0.9319999999999999,0.8303928571428573,HIGH
458,0.9285714285714286,1.0,1.0,1.0,0.9337857142857143,0.613,0.8,1.0,1.0,1.0,0.9319999999999999,0.9303928571428572,HIGH
459,0.9285714285714286,1.0,0.0,1.0,0.9337857142857143,0.613,0.8,1.0,1.0,1.0,0.9319999999999999,0.8303928571428573,HIGH
460,0.9285714285714286,1.0,0.0,1.0,0.9337857142857143,0.613,0.8,1.0,1.0,1.0,0.9319999999999999,0.8303928571428573,HIGH
461,0.9285714285714286,1.0,1.0,1.0,0.9337857142857143,0.613,0.8,1.0,1.0,1.0,0.9319999999999999,0.9303928571428572,HIGH
462,0.9285714285714286,1.0,1.0,1.0,0.9337857142857143,0.613,0.8,1.0,1.0,1.0,0.9319999999999999,0.9303928571428572,HIGH
463,1.0,1.0,0.0,1.0,0.9337857142857143,0.613,0.8,1.0,1.0,1.0,0.9319999999999999,0.8446785714285715,HIGH
464,1.0,1.0,0.0,1.0,0.9337857142857143,0.613,0.8,1.0,1.0,1.0,0.9319999999999999,0.8446785714285715,HIGH
465,1.0,1.0,0.0,1.0,0.9337857142857143,0.613,0.8,1.0,1.0,1.0,0.9319999999999999,0.8446785714285715,HIGH
466,0.7857142857142857,1.0,1.0,1.0,0.9337857142857143,0.613,0.8,1.0,1.0,1.0,0.9319999999999999,0.9018214285714287,HIGH
467,0.8571428571428571,1.0,1.0,1.0,0.9337857142857143,0.613,0.8,1.0,1.0,1.0,0.9319999999999999,0.9161071428571429,HIGH
468,0.9285714285714286,1.0,1.0,1.0,0.9337857142857143,0.613,0.8,1.0,1.0,1.0,0.9319999999999999,0.9303928571428572,HIGH
469,0.9285714285714286,1.0,1.0,1.0,0.9337857142857143,0.613,0.8,1.0,1.0,1.0,0.9319999999999999,0.9303928571428572,HIGH
470,0.9285714285714286,1.0,0.0,1.0,0.9337857142857143,0.613,0.8,1.0,1.0,1.0,0.9319999999999999,0.8303928571428573,HIGH
471,0.9285714285714286,1.0,0.0,1.0,0.9337857142857143,0.613,0.8,1.0,1.0,1.0,0.9319999999999999,0.8303928571428573,HIGH
472,0.9285714285714286,1.0,0.0,1.0,0.9337857142857143,0.613,0.8,1.0,1.0,1.0,0.9319999999999999,0.8303928571428573,HIGH
473,0.9285714285714286,1.0,0.0,1.0,0.9337857142857143,0.613,0.8,1.0,1.0,1.0,0.9319999999999999,0.8303928571428573,HIGH
474,0.9285714285714286,1.0,1.0,1.0,0.9337857142857143,0.613,0.8,1.0,1.0,1.0,0.9319999999999999,0.9303928571428572,HIGH
475,0.9285714285714286,1.0,0.0,1.0,0.9337857142857143,0.613,0.8,1.0,1.0,1.0,0.9319999999999999,0.8303928571428573,HIGH
476,0.9285714285714286,1.0,0.0,1.0,0.9337857142857143,0.613,0.8,1.0,1.0,1.0,0.9319999999999999,0.8303928571428573,HIGH
477,0.9285714285714286,1.0,0.0,1.0,0.9337857142857143,0.613,0.8,1.0,1.0,1.0,0.9319999999999999,0.8303928571428573,HIGH
478,0.9285714285714286,1.0,0.0,1.0,0.9337857142857143,0.613,0.8,1.0,1.0,1.0,0.9319999999999999,0.8303928571428573,HIGH
479,0.9285714285714286,1.0,0.0,1.0,0.9337857142857143,0.613,0.8,1.0,1.0,1.0,0.9319999999999999,0.8303928571428573,HIGH
480,0.9285714285714286,1.0,0.0,1.0,0.9337857142857143,0.613,0.8,1.0,1.0,1.0,0.9319999999999999,0.8303928571428573,HIGH
481,0.9285714285714286,1.0,0.0,1.0,0.9337857142857143,0.613,0.8,1.0,1.0,1.0,0.9319999999999999,0.8303928571428573,HIGH
482,0.9285714285714286,1.0,0.0,1.0,0.9337857142857143,0.613,0.8,1.0,1.0,1.0,0.9319999999999999,0.8303928571428573,HIGH
483,0.9285714285714286,1.0,1.0,1.0,0.9337857142857143,0.613,0.8,1.0,1.0,1.0,0.9319999999999999,0.9303928571428572,HIGH
484,0.9285714285714286,1.0,0.0,1.0,0.9337857142857143,0.613,0.8,1.0,1.0,1.0,0.9319999999999999,0.8303928571428573,HIGH
485,0.9285714285714286,1.0,0.0,1.0,0.9337857142857143,0.613,0.8,1.0,1.0,1.0,0.9319999999999999,0.8303928571428573,HIGH
486,0.9285714285714286,1.0,0.0,1.0,0.9337857142857143,0.613,0.8,1.0,1.0,1.0,0.9319999999999999,0.8303928571428573,HIGH
487,0.9285714285714286,1.0,0.0,1.0,0.9337857142857143,0.613,0.8,1.0,1.0,1.0,0.9319999999999999,0.8303928571428573,HIGH
488,0.9285714285714286,1.0,1.0,1.0,0.9337857142857143,0.613,0.8,1.0,1.0,1.0,0.9319999999999999,0.9303928571428572,HIGH
489,0.9285714285714286,1.0,0.0,1.0,0.9337857142857143,0.613,0.8,1.0,1.0,1.0,0.9319999999999999,0.8303928571428573,HIGH
490,0.9285714285714286,1.0,0.0,1.0,0.9337857142857143,0.613,0.8,1.0,1.0,1.0,0.9319999999999999,0.8303928571428573,HIGH
491,0.9285714285714286,1.0,1.0,1.0,0.9337857142857143,0.613,0.8,1.0,1.0,1.0,0.9319999999999999,0.9303928571428572,HIGH
492,0.9285714285714286,1.0,1.0,1.0,0.9337857142857143,0.613,0.8,1.0,1.0,1.0,0.9319999999999999,0.9303928571428572,HIGH
493,0.9285714285714286,1.0,0.0,1.0,0.9337857142857143,0.613,0.8,1.0,1.0,1.0,0.9319999999999999,0.8303928571428573,HIGH
494,0.9285714285714286,1.0,0.0,1.0,0.9337857142857143,0.613,0.8,1.0,1.0,1.0,0.9319999999999999,0.8303928571428573,HIGH
495,0.9285714285714286,1.0,1.0,1.0,0.9337857142857143,0.613,0.8,1.0,1.0,1.0,0.9319999999999999,0.9303928571428572,HIGH
496,0.9285714285714286,1.0,0.0,1.0,0.9337857142857143,0.613,0.8,1.0,1.0,1.0,0.9319999999999999,0.8303928571428573,HIGH
497,0.9285714285714286,1.0,0.0,1.0,0.9337857142857143,0.613,0.8,1.0,1.0,1.0,0.9319999999999999,0.8303928571428573,HIGH
498,0.9285714285714286,1.0,0.0,1.0,0.9337857142857143,0.613,0.8,1.0,1.0,1.0,0.9319999999999999,0.8303928571428573,HIGH
499,0.9285714285714286,1.0,0.0,1.0,0.9337857142857143,0.613,0.8,1.0,1.0,1.0,0.9319999999999999,0.8303928571428573,HIGH
500,0.9285714285714286,1.0,0.0,1.0,0.9337857142857143,0.613,0.8,1.0,1.0,1.0,0.9319999999999999,0.8303928571428573,HIGH
501,0.9285714285714286,1.0,0.0,1.0,0.9337857142857143,0.613,0.8,1.0,1.0,1.0,0.9319999999999999,0.8303928571428573,HIGH
502,0.9285714285714286,1.0,0.0,1.0,0.9337857142857143,0.613,0.8,1.0,1.0,1.0,0.9319999999999999,0.8303928571428573,HIGH
503,0.9285714285714286,1.0,0.0,1.0,0.9337857142857143,0.613,0.8,1.0,1.0,1.0,0.9319999999999999,0.8303928571428573,HIGH
504,0.9285714285714286,1.0,0.0,1.0,0.9337857142857143,0.613,0.8,1.0,1.0,1.0,0.9319999999999999,0.8303928571428573,HIGH
505,0.9285714285714286,1.0,0.0,1.0,0.9337857142857143,0.613,0.8,1.0,1.0,1.0,0.9319999999999999,0.8303928571428573,HIGH
506,0.9285714285714286,1.0,1.0,1.0,0.9337857142857143,0.613,0.8,1.0,1.0,1.0,0.9319999999999999,0.9303928571428572,HIGH
507,0.9285714285714286,1.0,1.0,1.0,0.9337857142857143,0.613,0.8,1.0,1.0,1.0,0.9319999999999999,0.9303928571428572,HIGH
508,0.9285714285714286,1.0,0.0,1.0,0.9337857142857143,0.613,0.8,1.0,1.0,1.0,0.9319999999999999,0.8303928571428573,HIGH
509,0.9285714285714286,1.0,0.0,1.0,0.9337857142857143,0.613,0.8,1.0,1.0,1.0,0.9319999999999999,0.8303928571428573,HIGH
510,0.9285714285714286,1.0,0.0,1.0,0.9337857142857143,0.613,0.8,1.0,1.0,1.0,0.9319999999999999,0.8303928571428573,HIGH
511,0.9285714285714286,1.0,1.0,1.0,0.9337857142857143,0.613,0.8,1.0,1.0,1.0,0.9319999999999999,0.9303928571428572,HIGH
512,0.9285714285714286,1.0,1.0,1.0,0.9337857142857143,0.613,0.8,1.0,1.0,1.0,0.9319999999999999,0.9303928571428572,HIGH
513,0.9285714285714286,1.0,1.0,1.0,0.9337857142857143,0.613,0.8,1.0,1.0,1.0,0.9319999999999999,0.9303928571428572,HIGH
514,0.9285714285714286,1.0,0.0,1.0,0.9337857142857143,0.613,0.8,1.0,1.0,1.0,0.9319999999999999,0.8303928571428573,HIGH
515,0.9285714285714286,1.0,0.0,1.0,0.9337857142857143,0.613,0.8,1.0,1.0,1.0,0.9319999999999999,0.8303928571428573,HIGH
516,0.9285714285714286,1.0,0.0,1.0,0.9337857142857143,0.613,0.8,1.0,1.0,1.0,0.9319999999999999,0.8303928571428573,HIGH
517,0.9285714285714286,1.0,0.0,1.0,0.9337857142857143,0.613,0.8,1.0,1.0,1.0,0.9319999999999999,0.8303928571428573,HIGH
518,0.9285714285714286,1.0,0.0,1.0,0.9337857142857143,0.613,0.8,1.0,1.0,1.0,0.9319999999999999,0.8303928571428573,HIGH
519,0.9285714285714286,1.0,0.0,1.0,0.9337857142857143,0.613,0.8,1.0,1.0,1.0,0.9319999999999999,0.8303928571428573,HIGH
520,0.9285714285714286,1.0,1.0,1.0,0.9337857142857143,0.613,0.8,1.0,1.0,1.0,0.9319999999999999,0.9303928571428572,HIGH
521,0.9285714285714286,1.0,0.0,1.0,0.9337857142857143,0.613,0.8,1.0,1.0,1.0,0.9319999999999999,0.8303928571428573,HIGH
522,0.9285714285714286,1.0,0.0,1.0,0.9337857142857143,0.613,0.8,1.0,1.0,1.0,0.9319999999999999,0.8303928571428573,HIGH
523,0.9285714285714286,1.0,0.0,1.0,0.9337857142857143,0.613,0.8,1.0,1.0,1.0,0.9319999999999999,0.8303928571428573,HIGH
524,0.9285714285714286,1.0,0.0,1.0,0.9337857142857143,0.613,0.8,1.0,1.0,1.0,0.9319999999999999,0.8303928571428573,HIGH
525,0.9285714285714286,1.0,1.0,1.0,0.9337857142857143,0.613,0.8,1.0,1.0,1.0,0.9319999999999999,0.9303928571428572,HIGH
526,0.9285714285714286,1.0,0.0,1.0,0.9337857142857143,0.613,0.8,1.0,1.0,1.0,0.9319999999999999,0.8303928571428573,HIGH
527,0.9285714285714286,1.0,0.0,1.0,0.9337857142857143,0.613,0.8,1.0,1.0,1.0,0.9319999999999999,0.8303928571428573,HIGH
528,0.9285714285714286,1.0,1.0,1.0,0.9337857142857143,0.613,0.8,1.0,1.0,1.0,0.9319999999999999,0.9303928571428572,HIGH
529,0.9285714285714286,1.0,1.0,1.0,0.9337857142857143,0.613,0.8,1.0,1.0,1.0,0.9319999999999999,0.9303928571428572,HIGH
530,0.9285714285714286,1.0,1.0,1.0,0.9337857142857143,0.613,0.8,1.0,1.0,1.0,0.9319999999999999,0.9303928571428572,HIGH
531,0.9285714285714286,1.0,0.0,1.0,0.9337857142857143,0.613,0.8,1.0,1.0,1.0,0.9319999999999999,0.8303928571428573,HIGH
532,0.9285714285714286,1.0,0.0,1.0,0.9337857142857143,0.613,0.8,1.0,1.0,1.0,0.9319999999999999,0.8303928571428573,HIGH
533,0.9285714285714286,1.0,0.0,1.0,0.9337857142857143,0.613,0.8,1.0,1.0,1.0,0.9319999999999999,0.8303928571428573,HIGH
534,0.9285714285714286,1.0,0.0,1.0,0.9337857142857143,0.613,0.8,1.0,1.0,1.0,0.9319999999999999,0.8303928571428573,HIGH
535,0.9285714285714286,1.0,0.0,1.0,0.9337857142857143,0.613,0.8,1.0,1.0,1.0,0.9319999999999999,0.8303928571428573,HIGH
536,0.9285714285714286,1.0,0.0,1.0,0.9337857142857143,0.613,0.8,1.0,1.0,1.0,0.9319999999999999,0.8303928571428573,HIGH
537,0.9285714285714286,1.0,0.0,1.0,0.9337857142857143,0.613,0.8,1.0,1.0,1.0,0.9319999999999999,0.8303928571428573,HIGH
538,0.9285714285714286,1.0,0.0,1.0,0.9337857142857143,0.613,0.8,1.0,1.0,1.0,0.9319999999999999,0.8303928571428573,HIGH
539,0.9285714285714286,1.0,0.0,1.0,0.9337857142857143,0.613,0.8,1.0,1.0,1.0,0.9319999999999999,0.8303928571428573,HIGH
540,0.9285714285714286,1.0,0.0,1.0,0.9337857142857143,0.613,0.8,1.0,1.0,1.0,0.9319999999999999,0.8303928571428573,HIGH
541,0.9285714285714286,1.0,0.0,1.0,0.9337857142857143,0.613,0.8,1.0,1.0,1.0,0.9319999999999999,0.8303928571428573,HIGH
542,0.9285714285714286,1.0,0.0,1.0,0.9337857142857143,0.613,0.8,1.0,1.0,1.0,0.9319999999999999,0.8303928571428573,HIGH
543,0.9285714285714286,1.0,1.0,1.0,0.9337857142857143,0.613,0.8,1.0,1.0,1.0,0.9319999999999999,0.9303928571428572,HIGH
544,0.9285714285714286,1.0,1.0,1.0,0.9337857142857143,0.613,0.8,1.0,1.0,1.0,0.9319999999999999,0.9303928571428572,HIGH
545,0.9285714285714286,1.0,0.0,1.0,0.9337857142857143,0.613,0.8,1.0,1.0,1.0,0.9319999999999999,0.8303928571428573,HIGH
546,0.9285714285714286,1.0,0.0,1.0,0.9337857142857143,0.613,0.8,1.0,1.0,1.0,0.9319999999999999,0.8303928571428573,HIGH
547,0.9285714285714286,1.0,0.0,1.0,0.9337857142857143,0.613,0.8,1.0,1.0,1.0,0.9319999999999999,0.8303928571428573,HIGH
548,0.9285714285714286,1.0,0.0,1.0,0.9337857142857143,0.613,0.8,1.0,1.0,1.0,0.9319999999999999,0.8303928571428573,HIGH
549,0.9285714285714286,1.0,0.0,1.0,0.9337857142857143,0.613,0.8,1.0,1.0,1.0,0.9319999999999999,0.8303928571428573,HIGH
550,0.9285714285714286,1.0,0.0,1.0,0.9337857142857143,0.613,0.8,1.0,1.0,1.0,0.9319999999999999,0.8303928571428573,HIGH
551,0.9285714285714286,1.0,0.0,1.0,0.9337857142857143,0.613,0.8,1.0,1.0,1.0,0.9319999999999999,0.8303928571428573,HIGH
552,0.9285714285714286,1.0,0.0,1.0,0.9337857142857143,0.613,0.8,1.0,1.0,1.0,0.9319999999999999,0.8303928571428573,HIGH
553,0.9285714285714286,1.0,1.0,1.0,0.9337857142857143,0.613,0.8,1.0,1.0,1.0,0.9319999999999999,0.9303928571428572,HIGH
554,0.9285714285714286,1.0,0.0,1.0,0.9337857142857143,0.613,0.8,1.0,1.0,1.0,0.9319999999999999,0.8303928571428573,HIGH
555,0.9285714285714286,1.0,0.0,1.0,0.9337857142857143,0.613,0.8,1.0,1.0,1.0,0.9319999999999999,0.8303928571428573,HIGH
556,0.9285714285714286,1.0,1.0,1.0,0.9337857142857143,0.613,0.8,1.0,1.0,1.0,0.9319999999999999,0.9303928571428572,HIGH
557,0.9285714285714286,1.0,1.0,1.0,0.9337857142857143,0.613,0.8,1.0,1.0,1.0,0.9319999999999999,0.9303928571428572,HIGH
558,0.9285714285714286,1.0,0.0,1.0,0.9337857142857143,0.613,0.8,1.0,1.0,1.0,0.9319999999999999,0.8303928571428573,HIGH
559,0.9285714285714286,1.0,0.0,1.0,0.9337857142857143,0.613,0.8,1.0,1.0,1.0,0.9319999999999999,0.8303928571428573,HIGH
560,0.9285714285714286,1.0,1.0,1.0,0.9337857142857143,0.613,0.8,1.0,1.0,1.0,0.9319999999999999,0.9303928571428572,HIGH
561,0.9285714285714286,1.0,1.0,1.0,0.9337857142857143,0.613,0.8,1.0,1.0,1.0,0.9319999999999999,0.9303928571428572,HIGH
562,0.9285714285714286,1.0,1.0,1.0,0.9337857142857143,0.613,0.8,1.0,1.0,1.0,0.9319999999999999,0.9303928571428572,HIGH
563,0.9285714285714286,1.0,0.0,1.0,0.9337857142857143,0.613,0.8,1.0,1.0,1.0,0.9319999999999999,0.8303928571428573,HIGH
564,0.9285714285714286,1.0,0.0,1.0,0.9337857142857143,0.613,0.8,1.0,1.0,1.0,0.9319999999999999,0.8303928571428573,HIGH
565,0.9285714285714286,1.0,1.0,1.0,0.9337857142857143,0.613,0.8,1.0,1.0,1.0,0.9319999999999999,0.9303928571428572,HIGH
566,0.9285714285714286,1.0,0.0,1.0,0.9337857142857143,0.613,0.8,1.0,1.0,1.0,0.9319999999999999,0.8303928571428573,HIGH
567,0.9285714285714286,1.0,0.0,1.0,0.9337857142857143,0.613,0.8,1.0,1.0,1.0,0.9319999999999999,0.8303928571428573,HIGH
568,0.9285714285714286,1.0,1.0,1.0,0.9337857142857143,0.613,0.8,1.0,1.0,1.0,0.9319999999999999,0.9303928571428572,HIGH
569,0.9285714285714286,1.0,1.0,1.0,0.9337857142857143,0.613,0.8,1.0,1.0,1.0,0.9319999999999999,0.9303928571428572,HIGH
570,0.9285714285714286,1.0,0.0,1.0,0.9337857142857143,0.613,0.8,1.0,1.0,1.0,0.9319999999999999,0.8303928571428573,HIGH
571,0.9285714285714286,1.0,0.0,1.0,0.9337857142857143,0.613,0.8,1.0,1.0,1.0,0.9319999999999999,0.8303928571428573,HIGH
572,0.9285714285714286,1.0,1.0,1.0,0.9337857142857143,0.613,0.8,1.0,1.0,1.0,0.9319999999999999,0.9303928571428572,HIGH
573,0.9285714285714286,1.0,0.0,1.0,0.9337857142857143,0.613,0.8,1.0,1.0,1.0,0.9319999999999999,0.8303928571428573,HIGH
574,0.9285714285714286,1.0,0.0,1.0,0.9337857142857143,0.613,0.8,1.0,1.0,1.0,0.9319999999999999,0.8303928571428573,HIGH
575,0.9285714285714286,1.0,1.0,1.0,0.9337857142857143,0.613,0.8,1.0,1.0,1.0,0.9319999999999999,0.9303928571428572,HIGH
576,0.9285714285714286,1.0,1.0,1.0,0.9337857142857143,0.613,0.8,1.0,1.0,1.0,0.9319999999999999,0.9303928571428572,HIGH
577,0.9285714285714286,1.0,1.0,1.0,0.9337857142857143,0.613,0.8,1.0,1.0,1.0,0.9319999999999999,0.9303928571428572,HIGH
578,0.9285714285714286,1.0,1.0,1.0,0.9337857142857143,0.613,0.8,1.0,1.0,1.0,0.9319999999999999,0.9303928571428572,HIGH
579,0.9285714285714286,1.0,1.0,1.0,0.9337857142857143,0.613,0.8,1.0,1.0,1.0,0.9319999999999999,0.9303928571428572,HIGH
580,1.0,1.0,0.0,1.0,0.9337857142857143,0.613,0.8,1.0,1.0,1.0,0.9319999999999999,0.8446785714285715,HIGH
581,1.0,1.0,0.0,1.0,0.9337857142857143,0.613,0.8,1.0,1.0,1.0,0.9319999999999999,0.8446785714285715,HIGH
582,0.9285714285714286,1.0,0.0,1.0,0.9337857142857143,0.613,0.8,1.0,1.0,1.0,0.9319999999999999,0.8303928571428573,HIGH
583,0.9285714285714286,1.0,0.0,1.0,0.9337857142857143,0.613,0.8,1.0,1.0,1.0,0.9319999999999999,0.8303928571428573,HIGH
584,0.9285714285714286,1.0,0.0,1.0,0.9337857142857143,0.613,0.8,1.0,1.0,1.0,0.9319999999999999,0.8303928571428573,HIGH
585,0.9285714285714286,1.0,0.0,1.0,0.9337857142857143,0.613,0.8,1.0,1.0,1.0,0.9319999999999999,0.8303928571428573,HIGH
586,0.9285714285714286,1.0,0.0,1.0,0.9337857142857143,0.613,0.8,1.0,1.0,1.0,0.9319999999999999,0.8303928571428573,HIGH
587,0.9285714285714286,1.0,1.0,1.0,0.9337857142857143,0.613,0.8,1.0,1.0,1.0,0.9319999999999999,0.9303928571428572,HIGH
588,0.9285714285714286,1.0,1.0,1.0,0.9337857142857143,0.613,0.8,1.0,1.0,1.0,0.9319999999999999,0.9303928571428572,HIGH
589,0.9285714285714286,1.0,1.0,1.0,0.9337857142857143,0.613,0.8,1.0,1.0,1.0,0.9319999999999999,0.9303928571428572,HIGH
590,0.9285714285714286,1.0,1.0,1.0,0.9337857142857143,0.613,0.8,1.0,1.0,1.0,0.9319999999999999,0.9303928571428572,HIGH
591,0.9285714285714286,1.0,0.0,1.0,0.9337857142857143,0.613,0.8,1.0,1.0,1.0,0.9319999999999999,0.8303928571428573,HIGH
592,0.9285714285714286,1.0,0.0,1.0,0.9337857142857143,0.613,0.8,1.0,1.0,1.0,0.9319999999999999,0.8303928571428573,HIGH
593,0.9285714285714286,1.0,0.0,1.0,0.9337857142857143,0.613,0.8,1.0,1.0,1.0,0.9319999999999999,0.8303928571428573,HIGH
594,0.9285714285714286,1.0,0.0,1.0,0.9337857142857143,0.613,0.8,1.0,1.0,1.0,0.9319999999999999,0.8303928571428573,HIGH
595,0.9285714285714286,1.0,1.0,1.0,0.9337857142857143,0.613,0.8,1.0,1.0,1.0,0.9319999999999999,0.9303928571428572,HIGH
596,0.9285714285714286,1.0,1.0,1.0,0.9337857142857143,0.613,0.8,1.0,1.0,1.0,0.9319999999999999,0.9303928571428572,HIGH
597,1.0,1.0,0.0,1.0,0.9337857142857143,0.613,0.8,1.0,1.0,1.0,0.9319999999999999,0.8446785714285715,HIGH
598,1.0,1.0,0.0,1.0,0.9337857142857143,0.613,0.8,1.0,1.0,1.0,0.9319999999999999,0.8446785714285715,HIGH
599,1.0,1.0,0.0,1.0,0.9337857142857143,0.613,0.8,1.0,1.0,1.0,0.9319999999999999,0.8446785714285715,HIGH
600,0.9285714285714286,1.0,1.0,1.0,0.9337857142857143,0.613,0.8,1.0,1.0,1.0,0.9319999999999999,0.9303928571428572,HIGH
601,0.9285714285714286,1.0,0.0,1.0,0.9337857142857143,0.613,0.8,1.0,1.0,1.0,0.9319999999999999,0.8303928571428573,HIGH
602,0.9285714285714286,1.0,0.0,1.0,0.9337857142857143,0.613,0.8,1.0,1.0,1.0,0.9319999999999999,0.8303928571428573,HIGH
603,0.9285714285714286,1.0,1.0,1.0,0.9337857142857143,0.613,0.8,1.0,1.0,1.0,0.9319999999999999,0.9303928571428572,HIGH
604,0.9285714285714286,1.0,1.0,1.0,0.9337857142857143,0.613,0.8,1.0,1.0,1.0,0.9319999999999999,0.9303928571428572,HIGH
605,0.9285714285714286,1.0,0.0,1.0,0.9337857142857143,0.613,0.8,1.0,1.0,1.0,0.9319999999999999,0.8303928571428573,HIGH
606,0.9285714285714286,1.0,0.0,1.0,0.9337857142857143,0.613,0.8,1.0,1.0,1.0,0.9319999999999999,0.8303928571428573,HIGH
607,0.9285714285714286,1.0,0.0,1.0,0.9337857142857143,0.613,0.8,1.0,1.0,1.0,0.9319999999999999,0.8303928571428573,HIGH
608,0.9285714285714286,1.0,0.0,1.0,0.9337857142857143,0.613,0.8,1.0,1.0,1.0,0.9319999999999999,0.8303928571428573,HIGH
609,0.9285714285714286,1.0,1.0,1.0,0.9337857142857143,0.613,0.8,1.0,1.0,1.0,0.9319999999999999,0.9303928571428572,HIGH
610,0.9285714285714286,1.0,1.0,1.0,0.9337857142857143,0.613,0.8,1.0,1.0,1.0,0.9319999999999999,0.9303928571428572,HIGH
611,0.9285714285714286,1.0,1.0,1.0,0.9337857142857143,0.613,0.8,1.0,1.0,1.0,0.9319999999999999,0.9303928571428572,HIGH
612,0.9285714285714286,1.0,0.0,1.0,0.9337857142857143,0.613,0.8,1.0,1.0,1.0,0.9319999999999999,0.8303928571428573,HIGH
613,0.9285714285714286,1.0,0.0,1.0,0.9337857142857143,0.613,0.8,1.0,1.0,1.0,0.9319999999999999,0.8303928571428573,HIGH
614,0.9285714285714286,1.0,1.0,1.0,0.9337857142857143,0.613,0.8,1.0,1.0,1.0,0.9319999999999999,0.9303928571428572,HIGH
615,0.9285714285714286,1.0,0.0,1.0,0.9337857142857143,0.613,0.8,1.0,1.0,1.0,0.9319999999999999,0.8303928571428573,HIGH
616,0.9285714285714286,1.0,0.0,1.0,0.9337857142857143,0.613,0.8,1.0,1.0,1.0,0.9319999999999999,0.8303928571428573,HIGH
617,0.9285714285714286,1.0,1.0,1.0,0.9337857142857143,0.613,0.8,1.0,1.0,1.0,0.9319999999999999,0.9303928571428572,HIGH
618,0.9285714285714286,1.0,0.0,1.0,0.9337857142857143,0.613,0.8,1.0,1.0,1.0,0.9319999999999999,0.8303928571428573,HIGH
619,0.9285714285714286,1.0,0.0,1.0,0.9337857142857143,0.613,0.8,1.0,1.0,1.0,0.9319999999999999,0.8303928571428573,HIGH
620,0.9285714285714286,1.0,0.0,1.0,0.9337857142857143,0.613,0.8,1.0,1.0,1.0,0.9319999999999999,0.8303928571428573,HIGH
621,0.9285714285714286,1.0,0.0,1.0,0.9337857142857143,0.613,0.8,1.0,1.0,1.0,0.9319999999999999,0.8303928571428573,HIGH
622,0.9285714285714286,1.0,0.0,1.0,0.9337857142857143,0.613,0.8,1.0,1.0,1.0,0.9319999999999999,0.8303928571428573,HIGH
623,0.9285714285714286,1.0,0.0,1.0,0.9337857142857143,0.613,0.8,1.0,1.0,1.0,0.9319999999999999,0.8303928571428573,HIGH
624,0.9285714285714286,1.0,0.0,1.0,0.9337857142857143,0.613,0.8,1.0,1.0,1.0,0.9319999999999999,0.8303928571428573,HIGH
625,0.9285714285714286,1.0,1.0,1.0,0.9337857142857143,0.613,0.8,1.0,1.0,1.0,0.9319999999999999,0.9303928571428572,HIGH
626,0.9285714285714286,1.0,1.0,1.0,0.9337857142857143,0.613,0.8,1.0,1.0,1.0,0.9319999999999999,0.9303928571428572,HIGH
627,0.9285714285714286,1.0,1.0,1.0,0.9337857142857143,0.613,0.8,1.0,1.0,1.0,0.9319999999999999,0.9303928571428572,HIGH
628,0.9285714285714286,1.0,1.0,1.0,0.9337857142857143,0.613,0.8,1.0,1.0,1.0,0.9319999999999999,0.9303928571428572,HIGH
629,0.9285714285714286,1.0,0.0,1.0,0.9337857142857143,0.613,0.8,1.0,1.0,1.0,0.9319999999999999,0.8303928571428573,HIGH
630,0.9285714285714286,1.0,0.0,1.0,0.9337857142857143,0.613,0.8,1.0,1.0,1.0,0.9319999999999999,0.8303928571428573,HIGH
631,0.7857142857142857,1.0,1.0,1.0,0.9337857142857143,0.613,0.8,1.0,1.0,1.0,0.9319999999999999,0.9018214285714287,HIGH
632,0.9285714285714286,1.0,1.0,1.0,0.9337857142857143,0.613,0.8,1.0,1.0,1.0,0.9319999999999999,0.9303928571428572,HIGH
633,0.9285714285714286,1.0,0.0,1.0,0.9337857142857143,0.613,0.8,1.0,1.0,1.0,0.9319999999999999,0.8303928571428573,HIGH
634,0.9285714285714286,1.0,0.0,1.0,0.9337857142857143,0.613,0.8,1.0,1.0,1.0,0.9319999999999999,0.8303928571428573,HIGH
635,0.9285714285714286,1.0,1.0,1.0,0.9337857142857143,0.613,0.8,1.0,1.0,1.0,0.9319999999999999,0.9303928571428572,HIGH
636,0.9285714285714286,1.0,1.0,1.0,0.9337857142857143,0.613,0.8,1.0,1.0,1.0,0.9319999999999999,0.9303928571428572,HIGH
637,0.9285714285714286,1.0,1.0,1.0,0.9337857142857143,0.613,0.8,1.0,1.0,1.0,0.9319999999999999,0.9303928571428572,HIGH
638,0.9285714285714286,1.0,0.0,1.0,0.9337857142857143,0.613,0.8,1.0,1.0,1.0,0.9319999999999999,0.8303928571428573,HIGH
639,0.9285714285714286,1.0,0.0,1.0,0.9337857142857143,0.613,0.8,1.0,1.0,1.0,0.9319999999999999,0.8303928571428573,HIGH
640,0.9285714285714286,1.0,0.0,1.0,0.9337857142857143,0.613,0.8,1.0,1.0,1.0,0.9319999999999999,0.8303928571428573,HIGH
641,0.9285714285714286,1.0,1.0,1.0,0.9337857142857143,0.613,0.8,1.0,1.0,1.0,0.9319999999999999,0.9303928571428572,HIGH
642,0.9285714285714286,1.0,1.0,1.0,0.9337857142857143,0.613,0.8,1.0,1.0,1.0,0.9319999999999999,0.9303928571428572,HIGH
643,0.9285714285714286,1.0,0.0,1.0,0.9337857142857143,0.613,0.8,1.0,1.0,1.0,0.9319999999999999,0.8303928571428573,HIGH
644,0.9285714285714286,1.0,0.0,1.0,0.9337857142857143,0.613,0.8,1.0,1.0,1.0,0.9319999999999999,0.8303928571428573,HIGH
645,0.9285714285714286,1.0,0.0,1.0,0.9337857142857143,0.613,0.8,1.0,1.0,1.0,0.9319999999999999,0.8303928571428573,HIGH
646,0.9285714285714286,1.0,0.0,1.0,0.9337857142857143,0.613,0.8,1.0,1.0,1.0,0.9319999999999999,0.8303928571428573,HIGH
647,0.9285714285714286,1.0,0.0,1.0,0.9337857142857143,0.613,0.8,1.0,1.0,1.0,0.9319999999999999,0.8303928571428573,HIGH
648,0.9285714285714286,1.0,0.0,1.0,0.9337857142857143,0.613,0.8,1.0,1.0,1.0,0.9319999999999999,0.8303928571428573,HIGH
649,0.9285714285714286,1.0,0.0,1.0,0.9337857142857143,0.613,0.8,1.0,1.0,1.0,0.9319999999999999,0.8303928571428573,HIGH
650,0.9285714285714286,1.0,1.0,1.0,0.9337857142857143,0.613,0.8,1.0,1.0,1.0,0.9319999999999999,0.9303928571428572,HIGH
651,0.9285714285714286,1.0,0.0,1.0,0.9337857142857143,0.613,0.8,1.0,1.0,1.0,0.9319999999999999,0.8303928571428573,HIGH
652,0.9285714285714286,1.0,0.0,1.0,0.9337857142857143,0.613,0.8,1.0,1.0,1.0,0.9319999999999999,0.8303928571428573,HIGH
653,0.9285714285714286,1.0,0.0,1.0,0.9337857142857143,0.613,0.8,1.0,1.0,1.0,0.9319999999999999,0.8303928571428573,HIGH
654,0.9285714285714286,1.0,0.0,1.0,0.9337857142857143,0.613,0.8,1.0,1.0,1.0,0.9319999999999999,0.8303928571428573,HIGH
655,0.9285714285714286,1.0,0.0,1.0,0.9337857142857143,0.613,0.8,1.0,1.0,1.0,0.9319999999999999,0.8303928571428573,HIGH
656,0.9285714285714286,1.0,0.0,1.0,0.9337857142857143,0.613,0.8,1.0,1.0,1.0,0.9319999999999999,0.8303928571428573,HIGH
657,0.9285714285714286,1.0,0.0,1.0,0.9337857142857143,0.613,0.8,1.0,1.0,1.0,0.9319999999999999,0.8303928571428573,HIGH
658,0.9285714285714286,1.0,1.0,1.0,0.9337857142857143,0.613,0.8,1.0,1.0,1.0,0.9319999999999999,0.9303928571428572,HIGH
659,0.9285714285714286,1.0,0.0,1.0,0.9337857142857143,0.613,0.8,1.0,1.0,1.0,0.9319999999999999,0.8303928571428573,HIGH
660,0.9285714285714286,1.0,0.0,1.0,0.9337857142857143,0.613,0.8,1.0,1.0,1.0,0.9319999999999999,0.8303928571428573,HIGH
661,0.9285714285714286,1.0,1.0,1.0,0.9337857142857143,0.613,0.8,1.0,1.0,1.0,0.9319999999999999,0.9303928571428572,HIGH
662,1.0,1.0,0.0,1.0,0.9337857142857143,0.613,0.8,1.0,1.0,1.0,0.9319999999999999,0.8446785714285715,HIGH
663,1.0,1.0,0.0,1.0,0.9337857142857143,0.613,0.8,1.0,1.0,1.0,0.9319999999999999,0.8446785714285715,HIGH
664,0.9285714285714286,1.0,0.0,1.0,0.9337857142857143,0.613,0.8,1.0,1.0,1.0,0.9319999999999999,0.8303928571428573,HIGH
665,0.9285714285714286,1.0,0.0,1.0,0.9337857142857143,0.613,0.8,1.0,1.0,1.0,0.9319999999999999,0.8303928571428573,HIGH
666,0.9285714285714286,1.0,0.0,1.0,0.9337857142857143,0.613,0.8,1.0,1.0,1.0,0.9319999999999999,0.8303928571428573,HIGH
667,0.9285714285714286,1.0,1.0,1.0,0.9337857142857143,0.613,0.8,1.0,1.0,1.0,0.9319999999999999,0.9303928571428572,HIGH
668,0.9285714285714286,1.0,0.0,1.0,0.9337857142857143,0.613,0.8,1.0,1.0,1.0,0.9319999999999999,0.8303928571428573,HIGH
669,0.9285714285714286,1.0,0.0,1.0,0.9337857142857143,0.613,0.8,1.0,1.0,1.0,0.9319999999999999,0.8303928571428573,HIGH
670,0.9285714285714286,1.0,0.0,1.0,0.9337857142857143,0.613,0.8,1.0,1.0,1.0,0.9319999999999999,0.8303928571428573,HIGH
671,0.9285714285714286,1.0,0.0,1.0,0.9337857142857143,0.613,0.8,1.0,1.0,1.0,0.9319999999999999,0.8303928571428573,HIGH
672,0.9285714285714286,1.0,0.0,1.0,0.9337857142857143,0.613,0.8,1.0,1.0,1.0,0.9319999999999999,0.8303928571428573,HIGH
673,0.9285714285714286,1.0,0.0,1.0,0.9337857142857143,0.613,0.8,1.0,1.0,1.0,0.9319999999999999,0.8303928571428573,HIGH
674,0.9285714285714286,1.0,0.0,1.0,0.9337857142857143,0.613,0.8,1.0,1.0,1.0,0.9319999999999999,0.8303928571428573,HIGH
675,0.9285714285714286,1.0,0.0,1.0,0.9337857142857143,0.613,0.8,1.0,1.0,1.0,0.9319999999999999,0.8303928571428573,HIGH
676,0.9285714285714286,1.0,1.0,1.0,0.9337857142857143,0.613,0.8,1.0,1.0,1.0,0.9319999999999999,0.9303928571428572,HIGH
677,0.9285714285714286,1.0,1.0,1.0,0.9337857142857143,0.613,0.8,1.0,1.0,1.0,0.9319999999999999,0.9303928571428572,HIGH
678,0.9285714285714286,1.0,0.0,1.0,0.9337857142857143,0.613,0.8,1.0,1.0,1.0,0.9319999999999999,0.8303928571428573,HIGH
679,0.9285714285714286,1.0,0.0,1.0,0.9337857142857143,0.613,0.8,1.0,1.0,1.0,0.9319999999999999,0.8303928571428573,HIGH
680,0.9285714285714286,1.0,0.0,1.0,0.9337857142857143,0.613,0.8,1.0,1.0,1.0,0.9319999999999999,0.8303928571428573,HIGH
681,0.9285714285714286,1.0,1.0,1.0,0.9337857142857143,0.613,0.8,1.0,1.0,1.0,0.9319999999999999,0.9303928571428572,HIGH
682,0.9285714285714286,1.0,1.0,1.0,0.9337857142857143,0.613,0.8,1.0,1.0,1.0,0.9319999999999999,0.9303928571428572,HIGH
683,0.9285714285714286,1.0,0.0,1.0,0.9337857142857143,0.613,0.8,1.0,1.0,1.0,0.9319999999999999,0.8303928571428573,HIGH
684,0.9285714285714286,1.0,0.0,1.0,0.9337857142857143,0.613,0.8,1.0,1.0,1.0,0.9319999999999999,0.8303928571428573,HIGH
685,0.9285714285714286,1.0,1.0,1.0,0.9337857142857143,0.613,0.8,1.0,1.0,1.0,0.9319999999999999,0.9303928571428572,HIGH
686,0.9285714285714286,1.0,1.0,1.0,0.9337857142857143,0.613,0.8,1.0,1.0,1.0,0.9319999999999999,0.9303928571428572,HIGH
687,0.9285714285714286,1.0,1.0,1.0,0.9337857142857143,0.613,0.8,1.0,1.0,1.0,0.9319999999999999,0.9303928571428572,HIGH
688,0.9285714285714286,1.0,0.0,1.0,0.9337857142857143,0.613,0.8,1.0,1.0,1.0,0.9319999999999999,0.8303928571428573,HIGH
689,0.9285714285714286,1.0,1.0,1.0,0.9337857142857143,0.613,0.8,1.0,1.0,1.0,0.9319999999999999,0.9303928571428572,HIGH
690,0.9285714285714286,1.0,0.0,1.0,0.9337857142857143,0.613,0.8,1.0,1.0,1.0,0.9319999999999999,0.8303928571428573,HIGH
691,0.9285714285714286,1.0,1.0,1.0,0.9337857142857143,0.613,0.8,1.0,1.0,1.0,0.9319999999999999,0.9303928571428572,HIGH
692,0.9285714285714286,1.0,0.0,1.0,0.9337857142857143,0.613,0.8,1.0,1.0,1.0,0.9319999999999999,0.8303928571428573,HIGH
693,0.9285714285714286,1.0,0.0,1.0,0.9337857142857143,0.613,0.8,1.0,1.0,1.0,0.9319999999999999,0.8303928571428573,HIGH
694,0.9285714285714286,1.0,0.0,1.0,0.9337857142857143,0.613,0.8,1.0,1.0,1.0,0.9319999999999999,0.8303928571428573,HIGH
695,0.9285714285714286,1.0,1.0,1.0,0.9337857142857143,0.613,0.8,1.0,1.0,1.0,0.9319999999999999,0.9303928571428572,HIGH
696,0.9285714285714286,1.0,0.0,1.0,0.9337857142857143,0.613,0.8,1.0,1.0,1.0,0.9319999999999999,0.8303928571428573,HIGH
697,0.9285714285714286,1.0,0.0,1.0,0.9337857142857143,0.613,0.8,1.0,1.0,1.0,0.9319999999999999,0.8303928571428573,HIGH
698,0.9285714285714286,1.0,0.0,1.0,0.9337857142857143,0.613,0.8,1.0,1.0,1.0,0.9319999999999999,0.8303928571428573,HIGH
699,0.9285714285714286,1.0,0.0,1.0,0.9337857142857143,0.613,0.8,1.0,1.0,1.0,0.9319999999999999,0.8303928571428573,HIGH
700,0.9285714285714286,1.0,0.0,1.0,0.9337857142857143,0.613,0.8,1.0,1.0,1.0,0.9319999999999999,0.8303928571428573,HIGH
701,0.9285714285714286,1.0,0.0,1.0,0.9337857142857143,0.613,0.8,1.0,1.0,1.0,0.9319999999999999,0.8303928571428573,HIGH
702,0.9285714285714286,1.0,0.0,1.0,0.9337857142857143,0.613,0.8,1.0,1.0,1.0,0.9319999999999999,0.8303928571428573,HIGH
703,0.7857142857142857,1.0,1.0,1.0,0.9337857142857143,0.613,0.8,1.0,1.0,1.0,0.9319999999999999,0.9018214285714287,HIGH
704,0.9285714285714286,1.0,0.0,1.0,0.9337857142857143,0.613,0.8,1.0,1.0,1.0,0.9319999999999999,0.8303928571428573,HIGH
705,0.9285714285714286,1.0,1.0,1.0,0.9337857142857143,0.613,0.8,1.0,1.0,1.0,0.9319999999999999,0.9303928571428572,HIGH
706,0.9285714285714286,1.0,0.0,1.0,0.9337857142857143,0.613,0.8,1.0,1.0,1.0,0.9319999999999999,0.8303928571428573,HIGH
707,0.9285714285714286,1.0,1.0,1.0,0.9337857142857143,0.613,0.8,1.0,1.0,1.0,0.9319999999999999,0.9303928571428572,HIGH
708,0.9285714285714286,1.0,1.0,1.0,0.9337857142857143,0.613,0.8,1.0,1.0,1.0,0.9319999999999999,0.9303928571428572,HIGH
709,0.9285714285714286,1.0,1.0,1.0,0.9337857142857143,0.613,0.8,1.0,1.0,1.0,0.9319999999999999,0.9303928571428572,HIGH
710,0.9285714285714286,1.0,1.0,1.0,0.9337857142857143,0.613,0.8,1.0,1.0,1.0,0.9319999999999999,0.9303928571428572,HIGH
711,0.9285714285714286,1.0,1.0,1.0,0.9337857142857143,0.613,0.8,1.0,1.0,1.0,0.9319999999999999,0.9303928571428572,HIGH
712,0.9285714285714286,1.0,0.0,1.0,0.9337857142857143,0.613,0.8,1.0,1.0,1.0,0.9319999999999999,0.8303928571428573,HIGH
713,0.9285714285714286,1.0,0.0,1.0,0.9337857142857143,0.613,0.8,1.0,1.0,1.0,0.9319999999999999,0.8303928571428573,HIGH
714,0.9285714285714286,1.0,0.0,1.0,0.9337857142857143,0.613,0.8,1.0,1.0,1.0,0.9319999999999999,0.8303928571428573,HIGH
715,0.9285714285714286,1.0,1.0,1.0,0.9337857142857143,0.613,0.8,1.0,1.0,1.0,0.9319999999999999,0.9303928571428572,HIGH
716,0.9285714285714286,1.0,0.0,1.0,0.9337857142857143,0.613,0.8,1.0,1.0,1.0,0.9319999999999999,0.8303928571428573,HIGH
717,0.9285714285714286,1.0,0.0,1.0,0.9337857142857143,0.613,0.8,1.0,1.0,1.0,0.9319999999999999,0.8303928571428573,HIGH
718,0.9285714285714286,1.0,1.0,1.0,0.9337857142857143,0.613,0.8,1.0,1.0,1.0,0.9319999999999999,0.9303928571428572,HIGH
719,0.9285714285714286,1.0,0.0,1.0,0.9337857142857143,0.613,0.8,1.0,1.0,1.0,0.9319999999999999,0.8303928571428573,HIGH
720,0.9285714285714286,1.0,0.0,1.0,0.9337857142857143,0.613,0.8,1.0,1.0,1.0,0.9319999999999999,0.8303928571428573,HIGH
721,0.9285714285714286,1.0,0.0,1.0,0.9337857142857143,0.613,0.8,1.0,1.0,1.0,0.9319999999999999,0.8303928571428573,HIGH
722,0.9285714285714286,1.0,0.0,1.0,0.9337857142857143,0.613,0.8,1.0,1.0,1.0,0.9319999999999999,0.8303928571428573,HIGH
723,0.9285714285714286,1.0,1.0,1.0,0.9337857142857143,0.613,0.8,1.0,1.0,1.0,0.9319999999999999,0.9303928571428572,HIGH
724,0.9285714285714286,1.0,1.0,1.0,0.9337857142857143,0.613,0.8,1.0,1.0,1.0,0.9319999999999999,0.9303928571428572,HIGH
725,0.9285714285714286,1.0,1.0,1.0,0.9337857142857143,0.613,0.8,1.0,1.0,1.0,0.9319999999999999,0.9303928571428572,HIGH
726,0.9285714285714286,1.0,0.0,1.0,0.9337857142857143,0.613,0.8,1.0,1.0,1.0,0.9319999999999999,0.8303928571428573,HIGH
727,0.9285714285714286,1.0,0.0,1.0,0.9337857142857143,0.613,0.8,1.0,1.0,1.0,0.9319999999999999,0.8303928571428573,HIGH
728,0.9285714285714286,1.0,0.0,1.0,0.9337857142857143,0.613,0.8,1.0,1.0,1.0,0.9319999999999999,0.8303928571428573,HIGH
729,0.9285714285714286,1.0,0.0,1.0,0.9337857142857143,0.613,0.8,1.0,1.0,1.0,0.9319999999999999,0.8303928571428573,HIGH
730,0.9285714285714286,1.0,0.0,1.0,0.9337857142857143,0.613,0.8,1.0,1.0,1.0,0.9319999999999999,0.8303928571428573,HIGH
731,0.9285714285714286,1.0,1.0,1.0,0.9337857142857143,0.613,0.8,1.0,1.0,1.0,0.9319999999999999,0.9303928571428572,HIGH
732,0.9285714285714286,1.0,1.0,1.0,0.9337857142857143,0.613,0.8,1.0,1.0,1.0,0.9319999999999999,0.9303928571428572,HIGH
733,0.9285714285714286,1.0,1.0,1.0,0.9337857142857143,0.613,0.8,1.0,1.0,1.0,0.9319999999999999,0.9303928571428572,HIGH
734,0.9285714285714286,1.0,1.0,1.0,0.9337857142857143,0.613,0.8,1.0,1.0,1.0,0.9319999999999999,0.9303928571428572,HIGH
735,0.9285714285714286,1.0,0.0,1.0,0.9337857142857143,0.613,0.8,1.0,1.0,1.0,0.9319999999999999,0.8303928571428573,HIGH
736,0.9285714285714286,1.0,1.0,1.0,0.9337857142857143,0.613,0.8,1.0,1.0,1.0,0.9319999999999999,0.9303928571428572,HIGH
737,0.9285714285714286,1.0,0.0,1.0,0.9337857142857143,0.613,0.8,1.0,1.0,1.0,0.9319999999999999,0.8303928571428573,HIGH
738,0.9285714285714286,1.0,1.0,1.0,0.9337857142857143,0.613,0.8,1.0,1.0,1.0,0.9319999999999999,0.9303928571428572,HIGH
739,0.9285714285714286,1.0,1.0,1.0,0.9337857142857143,0.613,0.8,1.0,1.0,1.0,0.9319999999999999,0.9303928571428572,HIGH
740,0.9285714285714286,1.0,0.0,1.0,0.9337857142857143,0.613,0.8,1.0,1.0,1.0,0.9319999999999999,0.8303928571428573,HIGH
741,0.9285714285714286,1.0,0.0,1.0,0.9337857142857143,0.613,0.8,1.0,1.0,1.0,0.9319999999999999,0.8303928571428573,HIGH
742,0.9285714285714286,1.0,0.0,1.0,0.9337857142857143,0.613,0.8,1.0,1.0,1.0,0.9319999999999999,0.8303928571428573,HIGH
743,0.9285714285714286,1.0,1.0,1.0,0.9337857142857143,0.613,0.8,1.0,1.0,1.0,0.9319999999999999,0.9303928571428572,HIGH
744,0.9285714285714286,1.0,0.0,1.0,0.9337857142857143,0.613,0.8,1.0,1.0,1.0,0.9319999999999999,0.8303928571428573,HIGH
745,0.9285714285714286,1.0,0.0,1.0,0.9337857142857143,0.613,0.8,1.0,1.0,1.0,0.9319999999999999,0.8303928571428573,HIGH
746,0.9285714285714286,1.0,1.0,1.0,0.9337857142857143,0.613,0.8,1.0,1.0,1.0,0.9319999999999999,0.9303928571428572,HIGH
747,0.9285714285714286,1.0,0.0,1.0,0.9337857142857143,0.613,0.8,1.0,1.0,1.0,0.9319999999999999,0.8303928571428573,HIGH
748,0.9285714285714286,1.0,0.0,1.0,0.9337857142857143,0.613,0.8,1.0,1.0,1.0,0.9319999999999999,0.8303928571428573,HIGH
749,0.9285714285714286,1.0,1.0,1.0,0.9337857142857143,0.613,0.8,1.0,1.0,1.0,0.9319999999999999,0.9303928571428572,HIGH
750,0.9285714285714286,1.0,1.0,1.0,0.9337857142857143,0.613,0.8,1.0,1.0,1.0,0.9319999999999999,0.9303928571428572,HIGH
751,0.9285714285714286,1.0,1.0,1.0,0.9337857142857143,0.613,0.8,1.0,1.0,1.0,0.9319999999999999,0.9303928571428572,HIGH
752,0.9285714285714286,1.0,0.0,1.0,0.9337857142857143,0.613,0.8,1.0,1.0,1.0,0.9319999999999999,0.8303928571428573,HIGH
753,0.9285714285714286,1.0,0.0,1.0,0.9337857142857143,0.613,0.8,1.0,1.0,1.0,0.9319999999999999,0.8303928571428573,HIGH
754,0.9285714285714286,1.0,0.0,1.0,0.9337857142857143,0.613,0.8,1.0,1.0,1.0,0.9319999999999999,0.8303928571428573,HIGH
755,0.9285714285714286,1.0,0.0,1.0,0.9337857142857143,0.613,0.8,1.0,1.0,1.0,0.9319999999999999,0.8303928571428573,HIGH
756,0.9285714285714286,1.0,1.0,1.0,0.9337857142857143,0.613,0.8,1.0,1.0,1.0,0.9319999999999999,0.9303928571428572,HIGH
757,0.9285714285714286,1.0,0.0,1.0,0.9337857142857143,0.613,0.8,1.0,1.0,1.0,0.9319999999999999,0.8303928571428573,HIGH
758,0.9285714285714286,1.0,0.0,1.0,0.9337857142857143,0.613,0.8,1.0,1.0,1.0,0.9319999999999999,0.8303928571428573,HIGH
759,0.9285714285714286,1.0,1.0,1.0,0.9337857142857143,0.613,0.8,1.0,1.0,1.0,0.9319999999999999,0.9303928571428572,HIGH
760,0.8571428571428571,1.0,0.0,1.0,0.9337857142857143,0.613,0.8,1.0,1.0,1.0,0.9319999999999999,0.8161071428571429,HIGH
761,0.8571428571428571,1.0,0.0,1.0,0.9337857142857143,0.613,0.8,1.0,1.0,1.0,0.9319999999999999,0.8161071428571429,HIGH
762,0.8571428571428571,1.0,0.0,1.0,0.9337857142857143,0.613,0.8,1.0,1.0,1.0,0.9319999999999999,0.8161071428571429,HIGH
763,0.8571428571428571,1.0,0.0,1.0,0.9337857142857143,0.613,0.8,1.0,1.0,1.0,0.9319999999999999,0.8161071428571429,HIGH
764,0.9285714285714286,1.0,1.0,1.0,0.9337857142857143,0.613,0.8,1.0,1.0,1.0,0.9319999999999999,0.9303928571428572,HIGH
765,0.9285714285714286,1.0,0.0,1.0,0.9337857142857143,0.613,0.8,1.0,1.0,1.0,0.9319999999999999,0.8303928571428573,HIGH
766,0.9285714285714286,1.0,0.0,1.0,0.9337857142857143,0.613,0.8,1.0,1.0,1.0,0.9319999999999999,0.8303928571428573,HIGH
767,0.9285714285714286,1.0,1.0,1.0,0.9337857142857143,0.613,0.8,1.0,1.0,1.0,0.9319999999999999,0.9303928571428572,HIGH
768,0.9285714285714286,1.0,0.0,1.0,0.9337857142857143,0.613,0.8,1.0,1.0,1.0,0.9319999999999999,0.8303928571428573,HIGH
769,0.9285714285714286,1.0,0.0,1.0,0.9337857142857143,0.613,0.8,1.0,1.0,1.0,0.9319999999999999,0.8303928571428573,HIGH
770,0.9285714285714286,1.0,1.0,1.0,0.9337857142857143,0.613,0.8,1.0,1.0,1.0,0.9319999999999999,0.9303928571428572,HIGH
771,0.9285714285714286,1.0,0.0,1.0,0.9337857142857143,0.613,0.8,1.0,1.0,1.0,0.9319999999999999,0.8303928571428573,HIGH
772,0.9285714285714286,1.0,0.0,1.0,0.9337857142857143,0.613,0.8,1.0,1.0,1.0,0.9319999999999999,0.8303928571428573,HIGH
773,0.9285714285714286,1.0,0.0,1.0,0.9337857142857143,0.613,0.8,1.0,1.0,1.0,0.9319999999999999,0.8303928571428573,HIGH
774,0.9285714285714286,1.0,1.0,1.0,0.9337857142857143,0.613,0.8,1.0,1.0,1.0,0.9319999999999999,0.9303928571428572,HIGH
775,0.9285714285714286,1.0,1.0,1.0,0.9337857142857143,0.613,0.8,1.0,1.0,1.0,0.9319999999999999,0.9303928571428572,HIGH
776,0.9285714285714286,1.0,1.0,1.0,0.9337857142857143,0.613,0.8,1.0,1.0,1.0,0.9319999999999999,0.9303928571428572,HIGH
777,0.9285714285714286,1.0,1.0,1.0,0.9337857142857143,0.613,0.8,1.0,1.0,1.0,0.9319999999999999,0.9303928571428572,HIGH
778,0.9285714285714286,1.0,1.0,1.0,0.9337857142857143,0.613,0.8,1.0,1.0,1.0,0.9319999999999999,0.9303928571428572,HIGH
779,0.9285714285714286,1.0,1.0,1.0,0.9337857142857143,0.613,0.8,1.0,1.0,1.0,0.9319999999999999,0.9303928571428572,HIGH
780,0.9285714285714286,1.0,1.0,1.0,0.9337857142857143,0.613,0.8,1.0,1.0,1.0,0.9319999999999999,0.9303928571428572,HIGH
781,0.9285714285714286,1.0,0.0,1.0,0.9337857142857143,0.613,0.8,1.0,1.0,1.0,0.9319999999999999,0.8303928571428573,HIGH
782,0.9285714285714286,1.0,0.0,1.0,0.9337857142857143,0.613,0.8,1.0,1.0,1.0,0.9319999999999999,0.8303928571428573,HIGH
783,0.9285714285714286,1.0,1.0,1.0,0.9337857142857143,0.613,0.8,1.0,1.0,1.0,0.9319999999999999,0.9303928571428572,HIGH
784,0.9285714285714286,1.0,0.0,1.0,0.9337857142857143,0.613,0.8,1.0,1.0,1.0,0.9319999999999999,0.8303928571428573,HIGH
785,0.9285714285714286,1.0,0.0,1.0,0.9337857142857143,0.613,0.8,1.0,1.0,1.0,0.9319999999999999,0.8303928571428573,HIGH
786,0.9285714285714286,1.0,0.0,1.0,0.9337857142857143,0.613,0.8,1.0,1.0,1.0,0.9319999999999999,0.8303928571428573,HIGH
787,0.9285714285714286,1.0,0.0,1.0,0.9337857142857143,0.613,0.8,1.0,1.0,1.0,0.9319999999999999,0.8303928571428573,HIGH
788,0.9285714285714286,1.0,1.0,1.0,0.9337857142857143,0.613,0.8,1.0,1.0,1.0,0.9319999999999999,0.9303928571428572,HIGH
789,0.9285714285714286,1.0,0.0,1.0,0.9337857142857143,0.613,0.8,1.0,1.0,1.0,0.9319999999999999,0.8303928571428573,HIGH
790,0.9285714285714286,1.0,0.0,1.0,0.9337857142857143,0.613,0.8,1.0,1.0,1.0,0.9319999999999999,0.8303928571428573,HIGH
791,0.9285714285714286,1.0,1.0,1.0,0.9337857142857143,0.613,0.8,1.0,1.0,1.0,0.9319999999999999,0.9303928571428572,HIGH
792,0.9285714285714286,1.0,0.0,1.0,0.9337857142857143,0.613,0.8,1.0,1.0,1.0,0.9319999999999999,0.8303928571428573,HIGH
793,0.9285714285714286,1.0,0.0,1.0,0.9337857142857143,0.613,0.8,1.0,1.0,1.0,0.9319999999999999,0.8303928571428573,HIGH
794,0.9285714285714286,1.0,0.0,1.0,0.9337857142857143,0.613,0.8,1.0,1.0,1.0,0.9319999999999999,0.8303928571428573,HIGH
795,0.9285714285714286,1.0,0.0,1.0,0.9337857142857143,0.613,0.8,1.0,1.0,1.0,0.9319999999999999,0.8303928571428573,HIGH
796,0.9285714285714286,1.0,0.0,1.0,0.9337857142857143,0.613,0.8,1.0,1.0,1.0,0.9319999999999999,0.8303928571428573,HIGH
797,0.9285714285714286,1.0,0.0,1.0,0.9337857142857143,0.613,0.8,1.0,1.0,1.0,0.9319999999999999,0.8303928571428573,HIGH
798,0.9285714285714286,1.0,1.0,1.0,0.9337857142857143,0.613,0.8,1.0,1.0,1.0,0.9319999999999999,0.9303928571428572,HIGH
799,0.9285714285714286,1.0,0.0,1.0,0.9337857142857143,0.613,0.8,1.0,1.0,1.0,0.9319999999999999,0.8303928571428573,HIGH
800,0.9285714285714286,1.0,0.0,1.0,0.9337857142857143,0.613,0.8,1.0,1.0,1.0,0.9319999999999999,0.8303928571428573,HIGH
801,0.9285714285714286,1.0,0.0,1.0,0.9337857142857143,0.613,0.8,1.0,1.0,1.0,0.9319999999999999,0.8303928571428573,HIGH
802,0.9285714285714286,1.0,0.0,1.0,0.9337857142857143,0.613,0.8,1.0,1.0,1.0,0.9319999999999999,0.8303928571428573,HIGH
803,0.9285714285714286,1.0,0.0,1.0,0.9337857142857143,0.613,0.8,1.0,1.0,1.0,0.9319999999999999,0.8303928571428573,HIGH
804,0.9285714285714286,1.0,1.0,1.0,0.9337857142857143,0.613,0.8,1.0,1.0,1.0,0.9319999999999999,0.9303928571428572,HIGH
805,0.9285714285714286,1.0,0.0,1.0,0.9337857142857143,0.613,0.8,1.0,1.0,1.0,0.9319999999999999,0.8303928571428573,HIGH
806,0.9285714285714286,1.0,1.0,1.0,0.9337857142857143,0.613,0.8,1.0,1.0,1.0,0.9319999999999999,0.9303928571428572,HIGH
807,0.9285714285714286,1.0,1.0,1.0,0.9337857142857143,0.613,0.8,1.0,1.0,1.0,0.9319999999999999,0.9303928571428572,HIGH
808,0.9285714285714286,1.0,0.0,1.0,0.9337857142857143,0.613,0.8,1.0,1.0,1.0,0.9319999999999999,0.8303928571428573,HIGH
809,0.9285714285714286,1.0,0.0,1.0,0.9337857142857143,0.613,0.8,1.0,1.0,1.0,0.9319999999999999,0.8303928571428573,HIGH
810,0.9285714285714286,1.0,1.0,1.0,0.9337857142857143,0.613,0.8,1.0,1.0,1.0,0.9319999999999999,0.9303928571428572,HIGH
811,0.9285714285714286,1.0,1.0,1.0,0.9337857142857143,0.613,0.8,1.0,1.0,1.0,0.9319999999999999,0.9303928571428572,HIGH
812,0.9285714285714286,1.0,1.0,1.0,0.9337857142857143,0.613,0.8,1.0,1.0,1.0,0.9319999999999999,0.9303928571428572,HIGH
813,0.9285714285714286,1.0,1.0,1.0,0.9337857142857143,0.613,0.8,1.0,1.0,1.0,0.9319999999999999,0.9303928571428572,HIGH
814,0.9285714285714286,1.0,0.0,1.0,0.9337857142857143,0.613,0.8,1.0,1.0,1.0,0.9319999999999999,0.8303928571428573,HIGH
815,0.9285714285714286,1.0,0.0,1.0,0.9337857142857143,0.613,0.8,1.0,1.0,1.0,0.9319999999999999,0.8303928571428573,HIGH
816,0.9285714285714286,1.0,0.0,1.0,0.9337857142857143,0.613,0.8,1.0,1.0,1.0,0.9319999999999999,0.8303928571428573,HIGH
817,0.9285714285714286,1.0,1.0,1.0,0.9337857142857143,0.613,0.8,1.0,1.0,1.0,0.9319999999999999,0.9303928571428572,HIGH
818,0.9285714285714286,1.0,0.0,1.0,0.9337857142857143,0.613,0.8,1.0,1.0,1.0,0.9319999999999999,0.8303928571428573,HIGH
819,0.9285714285714286,1.0,0.0,1.0,0.9337857142857143,0.613,0.8,1.0,1.0,1.0,0.9319999999999999,0.8303928571428573,HIGH
820,0.9285714285714286,1.0,0.0,1.0,0.9337857142857143,0.613,0.8,1.0,1.0,1.0,0.9319999999999999,0.8303928571428573,HIGH
821,0.9285714285714286,1.0,0.0,1.0,0.9337857142857143,0.613,0.8,1.0,1.0,1.0,0.9319999999999999,0.8303928571428573,HIGH
822,0.9285714285714286,1.0,0.0,1.0,0.9337857142857143,0.613,0.8,1.0,1.0,1.0,0.9319999999999999,0.8303928571428573,HIGH
823,0.9285714285714286,1.0,1.0,1.0,0.9337857142857143,0.613,0.8,1.0,1.0,1.0,0.9319999999999999,0.9303928571428572,HIGH
824,0.9285714285714286,1.0,1.0,1.0,0.9337857142857143,0.613,0.8,1.0,1.0,1.0,0.9319999999999999,0.9303928571428572,HIGH
825,0.9285714285714286,1.0,1.0,1.0,0.9337857142857143,0.613,0.8,1.0,1.0,1.0,0.9319999999999999,0.9303928571428572,HIGH
826,0.9285714285714286,1.0,1.0,1.0,0.9337857142857143,0.613,0.8,1.0,1.0,1.0,0.9319999999999999,0.9303928571428572,HIGH
827,0.9285714285714286,1.0,1.0,1.0,0.9337857142857143,0.613,0.8,1.0,1.0,1.0,0.9319999999999999,0.9303928571428572,HIGH
828,0.9285714285714286,1.0,0.0,1.0,0.9337857142857143,0.613,0.8,1.0,1.0,1.0,0.9319999999999999,0.8303928571428573,HIGH
829,0.9285714285714286,1.0,0.0,1.0,0.9337857142857143,0.613,0.8,1.0,1.0,1.0,0.9319999999999999,0.8303928571428573,HIGH
830,0.9285714285714286,1.0,1.0,1.0,0.9337857142857143,0.613,0.8,1.0,1.0,1.0,0.9319999999999999,0.9303928571428572,HIGH
831,0.9285714285714286,1.0,1.0,1.0,0.9337857142857143,0.613,0.8,1.0,1.0,1.0,0.9319999999999999,0.9303928571428572,HIGH
832,0.9285714285714286,1.0,0.0,1.0,0.9337857142857143,0.613,0.8,1.0,1.0,1.0,0.9319999999999999,0.8303928571428573,HIGH
833,0.9285714285714286,1.0,0.0,1.0,0.9337857142857143,0.613,0.8,1.0,1.0,1.0,0.9319999999999999,0.8303928571428573,HIGH
834,0.9285714285714286,1.0,0.0,1.0,0.9337857142857143,0.613,0.8,1.0,1.0,1.0,0.9319999999999999,0.8303928571428573,HIGH
835,0.9285714285714286,1.0,0.0,1.0,0.9337857142857143,0.613,0.8,1.0,1.0,1.0,0.9319999999999999,0.8303928571428573,HIGH
836,0.9285714285714286,1.0,1.0,1.0,0.9337857142857143,0.613,0.8,1.0,1.0,1.0,0.9319999999999999,0.9303928571428572,HIGH
837,0.9285714285714286,1.0,1.0,1.0,0.9337857142857143,0.613,0.8,1.0,1.0,1.0,0.9319999999999999,0.9303928571428572,HIGH
838,0.9285714285714286,1.0,0.0,1.0,0.9337857142857143,0.613,0.8,1.0,1.0,1.0,0.9319999999999999,0.8303928571428573,HIGH
839,0.9285714285714286,1.0,0.0,1.0,0.9337857142857143,0.613,0.8,1.0,1.0,1.0,0.9319999999999999,0.8303928571428573,HIGH
840,0.9285714285714286,1.0,1.0,1.0,0.9337857142857143,0.613,0.8,1.0,1.0,1.0,0.9319999999999999,0.9303928571428572,HIGH
841,0.9285714285714286,1.0,1.0,1.0,0.9337857142857143,0.613,0.8,1.0,1.0,1.0,0.9319999999999999,0.9303928571428572,HIGH
842,0.7857142857142857,1.0,1.0,1.0,0.9337857142857143,0.613,0.8,1.0,1.0,1.0,0.9319999999999999,0.9018214285714287,HIGH
843,0.9285714285714286,1.0,0.0,1.0,0.9337857142857143,0.613,0.8,1.0,1.0,1.0,0.9319999999999999,0.8303928571428573,HIGH
844,0.9285714285714286,1.0,0.0,1.0,0.9337857142857143,0.613,0.8,1.0,1.0,1.0,0.9319999999999999,0.8303928571428573,HIGH
845,0.9285714285714286,1.0,0.0,1.0,0.9337857142857143,0.613,0.8,1.0,1.0,1.0,0.9319999999999999,0.8303928571428573,HIGH
846,0.9285714285714286,1.0,0.0,1.0,0.9337857142857143,0.613,0.8,1.0,1.0,1.0,0.9319999999999999,0.8303928571428573,HIGH
847,0.9285714285714286,1.0,0.0,1.0,0.9337857142857143,0.613,0.8,1.0,1.0,1.0,0.9319999999999999,0.8303928571428573,HIGH
848,0.9285714285714286,1.0,0.0,1.0,0.9337857142857143,0.613,0.8,1.0,1.0,1.0,0.9319999999999999,0.8303928571428573,HIGH
849,0.9285714285714286,1.0,0.0,1.0,0.9337857142857143,0.613,0.8,1.0,1.0,1.0,0.9319999999999999,0.8303928571428573,HIGH
850,0.9285714285714286,1.0,1.0,1.0,0.9337857142857143,0.613,0.8,1.0,1.0,1.0,0.9319999999999999,0.9303928571428572,HIGH
851,0.9285714285714286,1.0,0.0,1.0,0.9337857142857143,0.613,0.8,1.0,1.0,1.0,0.9319999999999999,0.8303928571428573,HIGH
852,0.9285714285714286,1.0,0.0,1.0,0.9337857142857143,0.613,0.8,1.0,1.0,1.0,0.9319999999999999,0.8303928571428573,HIGH
853,0.9285714285714286,1.0,0.0,1.0,0.9337857142857143,0.613,0.8,1.0,1.0,1.0,0.9319999999999999,0.8303928571428573,HIGH
854,0.9285714285714286,1.0,0.0,1.0,0.9337857142857143,0.613,0.8,1.0,1.0,1.0,0.9319999999999999,0.8303928571428573,HIGH
855,0.9285714285714286,1.0,0.0,1.0,0.9337857142857143,0.613,0.8,1.0,1.0,1.0,0.9319999999999999,0.8303928571428573,HIGH
856,0.9285714285714286,1.0,0.0,1.0,0.9337857142857143,0.613,0.8,1.0,1.0,1.0,0.9319999999999999,0.8303928571428573,HIGH
857,0.9285714285714286,1.0,0.0,1.0,0.9337857142857143,0.613,0.8,1.0,1.0,1.0,0.9319999999999999,0.8303928571428573,HIGH
858,0.9285714285714286,1.0,0.0,1.0,0.9337857142857143,0.613,0.8,1.0,1.0,1.0,0.9319999999999999,0.8303928571428573,HIGH
859,0.9285714285714286,1.0,0.0,1.0,0.9337857142857143,0.613,0.8,1.0,1.0,1.0,0.9319999999999999,0.8303928571428573,HIGH
860,0.9285714285714286,1.0,0.0,1.0,0.9337857142857143,0.613,0.8,1.0,1.0,1.0,0.9319999999999999,0.8303928571428573,HIGH
861,1.0,1.0,0.0,1.0,0.9337857142857143,0.613,0.8,1.0,1.0,1.0,0.9319999999999999,0.8446785714285715,HIGH
862,1.0,1.0,0.0,1.0,0.9337857142857143,0.613,0.8,1.0,1.0,1.0,0.9319999999999999,0.8446785714285715,HIGH
863,1.0,1.0,0.0,1.0,0.9337857142857143,0.613,0.8,1.0,1.0,1.0,0.9319999999999999,0.8446785714285715,HIGH
864,0.9285714285714286,1.0,1.0,1.0,0.9337857142857143,0.613,0.8,1.0,1.0,1.0,0.9319999999999999,0.9303928571428572,HIGH
865,0.9285714285714286,1.0,0.0,1.0,0.9337857142857143,0.613,0.8,1.0,1.0,1.0,0.9319999999999999,0.8303928571428573,HIGH
866,0.9285714285714286,1.0,0.0,1.0,0.9337857142857143,0.613,0.8,1.0,1.0,1.0,0.9319999999999999,0.8303928571428573,HIGH
867,0.9285714285714286,1.0,0.0,1.0,0.9337857142857143,0.613,0.8,1.0,1.0,1.0,0.9319999999999999,0.8303928571428573,HIGH
868,0.9285714285714286,1.0,0.0,1.0,0.9337857142857143,0.613,0.8,1.0,1.0,1.0,0.9319999999999999,0.8303928571428573,HIGH
869,0.9285714285714286,1.0,1.0,1.0,0.9337857142857143,0.613,0.8,1.0,1.0,1.0,0.9319999999999999,0.9303928571428572,HIGH
870,0.9285714285714286,1.0,0.0,1.0,0.9337857142857143,0.613,0.8,1.0,1.0,1.0,0.9319999999999999,0.8303928571428573,HIGH
871,0.9285714285714286,1.0,0.0,1.0,0.9337857142857143,0.613,0.8,1.0,1.0,1.0,0.9319999999999999,0.8303928571428573,HIGH
872,0.9285714285714286,1.0,1.0,1.0,0.9337857142857143,0.613,0.8,1.0,1.0,1.0,0.9319999999999999,0.9303928571428572,HIGH
873,0.9285714285714286,1.0,0.0,1.0,0.9337857142857143,0.613,0.8,1.0,1.0,1.0,0.9319999999999999,0.8303928571428573,HIGH
874,0.9285714285714286,1.0,0.0,1.0,0.9337857142857143,0.613,0.8,1.0,1.0,1.0,0.9319999999999999,0.8303928571428573,HIGH
875,0.9285714285714286,1.0,0.0,1.0,0.9337857142857143,0.613,0.8,1.0,1.0,1.0,0.9319999999999999,0.8303928571428573,HIGH
876,0.9285714285714286,1.0,1.0,1.0,0.9337857142857143,0.613,0.8,1.0,1.0,1.0,0.9319999999999999,0.9303928571428572,HIGH
877,0.9285714285714286,1.0,1.0,1.0,0.9337857142857143,0.613,0.8,1.0,1.0,1.0,0.9319999999999999,0.9303928571428572,HIGH
878,0.9285714285714286,1.0,0.0,1.0,0.9337857142857143,0.613,0.8,1.0,1.0,1.0,0.9319999999999999,0.8303928571428573,HIGH
879,0.9285714285714286,1.0,0.0,1.0,0.9337857142857143,0.613,0.8,1.0,1.0,1.0,0.9319999999999999,0.8303928571428573,HIGH
880,0.9285714285714286,1.0,1.0,1.0,0.9337857142857143,0.613,0.8,1.0,1.0,1.0,0.9319999999999999,0.9303928571428572,HIGH
881,0.9285714285714286,1.0,1.0,1.0,0.9337857142857143,0.613,0.8,1.0,1.0,1.0,0.9319999999999999,0.9303928571428572,HIGH
882,0.9285714285714286,1.0,0.0,1.0,0.9337857142857143,0.613,0.8,1.0,1.0,1.0,0.9319999999999999,0.8303928571428573,HIGH
883,0.9285714285714286,1.0,0.0,1.0,0.9337857142857143,0.613,0.8,1.0,1.0,1.0,0.9319999999999999,0.8303928571428573,HIGH
884,0.8571428571428571,1.0,0.0,1.0,0.9337857142857143,0.613,0.8,1.0,1.0,1.0,0.9319999999999999,0.8161071428571429,HIGH
885,0.8571428571428571,1.0,0.0,1.0,0.9337857142857143,0.613,0.8,1.0,1.0,1.0,0.9319999999999999,0.8161071428571429,HIGH
886,0.8571428571428571,1.0,0.0,1.0,0.9337857142857143,0.613,0.8,1.0,1.0,1.0,0.9319999999999999,0.8161071428571429,HIGH
887,0.8571428571428571,1.0,0.0,1.0,0.9337857142857143,0.613,0.8,1.0,1.0,1.0,0.9319999999999999,0.8161071428571429,HIGH
888,0.9285714285714286,1.0,1.0,1.0,0.9337857142857143,0.613,0.8,1.0,1.0,1.0,0.9319999999999999,0.9303928571428572,HIGH
889,0.9285714285714286,1.0,0.0,1.0,0.9337857142857143,0.613,0.8,1.0,1.0,1.0,0.9319999999999999,0.8303928571428573,HIGH
890,0.9285714285714286,1.0,0.0,1.0,0.9337857142857143,0.613,0.8,1.0,1.0,1.0,0.9319999999999999,0.8303928571428573,HIGH
891,0.9285714285714286,1.0,1.0,1.0,0.9337857142857143,0.613,0.8,1.0,1.0,1.0,0.9319999999999999,0.9303928571428572,HIGH
892,0.9285714285714286,1.0,1.0,1.0,0.9337857142857143,0.613,0.8,1.0,1.0,1.0,0.9319999999999999,0.9303928571428572,HIGH
893,0.9285714285714286,1.0,0.0,1.0,0.9337857142857143,0.613,0.8,1.0,1.0,1.0,0.9319999999999999,0.8303928571428573,HIGH
894,0.9285714285714286,1.0,0.0,1.0,0.9337857142857143,0.613,0.8,1.0,1.0,1.0,0.9319999999999999,0.8303928571428573,HIGH
895,0.9285714285714286,1.0,0.0,1.0,0.9337857142857143,0.613,0.8,1.0,1.0,1.0,0.9319999999999999,0.8303928571428573,HIGH
896,0.9285714285714286,1.0,0.0,1.0,0.9337857142857143,0.613,0.8,1.0,1.0,1.0,0.9319999999999999,0.8303928571428573,HIGH
897,0.9285714285714286,1.0,1.0,1.0,0.9337857142857143,0.613,0.8,1.0,1.0,1.0,0.9319999999999999,0.9303928571428572,HIGH
898,0.9285714285714286,1.0,1.0,1.0,0.9337857142857143,0.613,0.8,1.0,1.0,1.0,0.9319999999999999,0.9303928571428572,HIGH
899,0.9285714285714286,1.0,0.0,1.0,0.9337857142857143,0.613,0.8,1.0,1.0,1.0,0.9319999999999999,0.8303928571428573,HIGH
900,0.9285714285714286,1.0,0.0,1.0,0.9337857142857143,0.613,0.8,1.0,1.0,1.0,0.9319999999999999,0.8303928571428573,HIGH
901,0.9285714285714286,1.0,1.0,1.0,0.9337857142857143,0.613,0.8,1.0,1.0,1.0,0.9319999999999999,0.9303928571428572,HIGH
902,0.9285714285714286,1.0,0.0,1.0,0.9337857142857143,0.613,0.8,1.0,1.0,1.0,0.9319999999999999,0.8303928571428573,HIGH
903,0.9285714285714286,1.0,0.0,1.0,0.9337857142857143,0.613,0.8,1.0,1.0,1.0,0.9319999999999999,0.8303928571428573,HIGH
904,1.0,1.0,0.0,1.0,0.9337857142857143,0.613,0.8,1.0,1.0,1.0,0.9319999999999999,0.8446785714285715,HIGH
905,1.0,1.0,0.0,1.0,0.9337857142857143,0.613,0.8,1.0,1.0,1.0,0.9319999999999999,0.8446785714285715,HIGH
906,0.9285714285714286,1.0,1.0,1.0,0.9337857142857143,0.613,0.8,1.0,1.0,1.0,0.9319999999999999,0.9303928571428572,HIGH
907,0.9285714285714286,1.0,0.0,1.0,0.9337857142857143,0.613,0.8,1.0,1.0,1.0,0.9319999999999999,0.8303928571428573,HIGH
908,0.9285714285714286,1.0,0.0,1.0,0.9337857142857143,0.613,0.8,1.0,1.0,1.0,0.9319999999999999,0.8303928571428573,HIGH
909,0.9285714285714286,1.0,0.0,1.0,0.9337857142857143,0.613,0.8,1.0,1.0,1.0,0.9319999999999999,0.8303928571428573,HIGH
910,0.8571428571428571,1.0,0.0,1.0,0.9337857142857143,0.613,0.8,1.0,1.0,1.0,0.9319999999999999,0.8161071428571429,HIGH
911,0.8571428571428571,1.0,0.0,1.0,0.9337857142857143,0.613,0.8,1.0,1.0,1.0,0.9319999999999999,0.8161071428571429,HIGH
912,0.9285714285714286,1.0,0.0,1.0,0.9337857142857143,0.613,0.8,1.0,1.0,1.0,0.9319999999999999,0.8303928571428573,HIGH
913,0.9285714285714286,1.0,0.0,1.0,0.9337857142857143,0.613,0.8,1.0,1.0,1.0,0.9319999999999999,0.8303928571428573,HIGH
914,0.9285714285714286,1.0,1.0,1.0,0.9337857142857143,0.613,0.8,1.0,1.0,1.0,0.9319999999999999,0.9303928571428572,HIGH
915,0.9285714285714286,1.0,1.0,1.0,0.9337857142857143,0.613,0.8,1.0,1.0,1.0,0.9319999999999999,0.9303928571428572,HIGH
916,0.9285714285714286,1.0,1.0,1.0,0.9337857142857143,0.613,0.8,1.0,1.0,1.0,0.9319999999999999,0.9303928571428572,HIGH
917,0.9285714285714286,1.0,0.0,1.0,0.9337857142857143,0.613,0.8,1.0,1.0,1.0,0.9319999999999999,0.8303928571428573,HIGH
918,0.9285714285714286,1.0,0.0,1.0,0.9337857142857143,0.613,0.8,1.0,1.0,1.0,0.9319999999999999,0.8303928571428573,HIGH
919,0.9285714285714286,1.0,0.0,1.0,0.9337857142857143,0.613,0.8,1.0,1.0,1.0,0.9319999999999999,0.8303928571428573,HIGH
920,0.9285714285714286,1.0,0.0,1.0,0.9337857142857143,0.613,0.8,1.0,1.0,1.0,0.9319999999999999,0.8303928571428573,HIGH
921,0.9285714285714286,1.0,1.0,1.0,0.9337857142857143,0.613,0.8,1.0,1.0,1.0,0.9319999999999999,0.9303928571428572,HIGH
922,0.9285714285714286,1.0,0.0,1.0,0.9337857142857143,0.613,0.8,1.0,1.0,1.0,0.9319999999999999,0.8303928571428573,HIGH
923,0.9285714285714286,1.0,0.0,1.0,0.9337857142857143,0.613,0.8,1.0,1.0,1.0,0.9319999999999999,0.8303928571428573,HIGH
924,0.9285714285714286,1.0,0.0,1.0,0.9337857142857143,0.613,0.8,1.0,1.0,1.0,0.9319999999999999,0.8303928571428573,HIGH
925,0.9285714285714286,1.0,0.0,1.0,0.9337857142857143,0.613,0.8,1.0,1.0,1.0,0.9319999999999999,0.8303928571428573,HIGH
926,0.9285714285714286,1.0,0.0,1.0,0.9337857142857143,0.613,0.8,1.0,1.0,1.0,0.9319999999999999,0.8303928571428573,HIGH
927,0.9285714285714286,1.0,0.0,1.0,0.9337857142857143,0.613,0.8,1.0,1.0,1.0,0.9319999999999999,0.8303928571428573,HIGH
928,0.9285714285714286,1.0,0.0,1.0,0.9337857142857143,0.613,0.8,1.0,1.0,1.0,0.9319999999999999,0.8303928571428573,HIGH
929,0.9285714285714286,1.0,0.0,1.0,0.9337857142857143,0.613,0.8,1.0,1.0,1.0,0.9319999999999999,0.8303928571428573,HIGH
930,0.9285714285714286,1.0,0.0,1.0,0.9337857142857143,0.613,0.8,1.0,1.0,1.0,0.9319999999999999,0.8303928571428573,HIGH
931,0.9285714285714286,1.0,0.0,1.0,0.9337857142857143,0.613,0.8,1.0,1.0,1.0,0.9319999999999999,0.8303928571428573,HIGH
932,0.9285714285714286,1.0,0.0,1.0,0.9337857142857143,0.613,0.8,1.0,1.0,1.0,0.9319999999999999,0.8303928571428573,HIGH
933,0.9285714285714286,1.0,0.0,1.0,0.9337857142857143,0.613,0.8,1.0,1.0,1.0,0.9319999999999999,0.8303928571428573,HIGH
934,0.9285714285714286,1.0,0.0,1.0,0.9337857142857143,0.613,0.8,1.0,1.0,1.0,0.9319999999999999,0.8303928571428573,HIGH
935,0.9285714285714286,1.0,0.0,1.0,0.9337857142857143,0.613,0.8,1.0,1.0,1.0,0.9319999999999999,0.8303928571428573,HIGH
936,0.9285714285714286,1.0,0.0,1.0,0.9337857142857143,0.613,0.8,1.0,1.0,1.0,0.9319999999999999,0.8303928571428573,HIGH
937,0.9285714285714286,1.0,0.0,1.0,0.9337857142857143,0.613,0.8,1.0,1.0,1.0,0.9319999999999999,0.8303928571428573,HIGH
938,0.9285714285714286,1.0,0.0,1.0,0.9337857142857143,0.613,0.8,1.0,1.0,1.0,0.9319999999999999,0.8303928571428573,HIGH
939,0.9285714285714286,1.0,0.0,1.0,0.9337857142857143,0.613,0.8,1.0,1.0,1.0,0.9319999999999999,0.8303928571428573,HIGH
940,0.9285714285714286,1.0,1.0,1.0,0.9337857142857143,0.613,0.8,1.0,1.0,1.0,0.9319999999999999,0.9303928571428572,HIGH
941,0.9285714285714286,1.0,0.0,1.0,0.9337857142857143,0.613,0.8,1.0,1.0,1.0,0.9319999999999999,0.8303928571428573,HIGH
942,0.9285714285714286,1.0,0.0,1.0,0.9337857142857143,0.613,0.8,1.0,1.0,1.0,0.9319999999999999,0.8303928571428573,HIGH
943,0.9285714285714286,1.0,0.0,1.0,0.9337857142857143,0.613,0.8,1.0,1.0,1.0,0.9319999999999999,0.8303928571428573,HIGH
944,0.9285714285714286,1.0,0.0,1.0,0.9337857142857143,0.613,0.8,1.0,1.0,1.0,0.9319999999999999,0.8303928571428573,HIGH
945,0.9285714285714286,1.0,0.0,1.0,0.9337857142857143,0.613,0.8,1.0,1.0,1.0,0.9319999999999999,0.8303928571428573,HIGH
946,0.9285714285714286,1.0,0.0,1.0,0.9337857142857143,0.613,0.8,1.0,1.0,1.0,0.9319999999999999,0.8303928571428573,HIGH
947,0.9285714285714286,1.0,0.0,1.0,0.9337857142857143,0.613,0.8,1.0,1.0,1.0,0.9319999999999999,0.8303928571428573,HIGH
948,0.9285714285714286,1.0,0.0,1.0,0.9337857142857143,0.613,0.8,1.0,1.0,1.0,0.9319999999999999,0.8303928571428573,HIGH
949,0.9285714285714286,1.0,0.0,1.0,0.9337857142857143,0.613,0.8,1.0,1.0,1.0,0.9319999999999999,0.8303928571428573,HIGH
950,0.9285714285714286,1.0,1.0,1.0,0.9337857142857143,0.613,0.8,1.0,1.0,1.0,0.9319999999999999,0.9303928571428572,HIGH
951,0.9285714285714286,1.0,1.0,1.0,0.9337857142857143,0.613,0.8,1.0,1.0,1.0,0.9319999999999999,0.9303928571428572,HIGH
952,0.9285714285714286,1.0,1.0,1.0,0.9337857142857143,0.613,0.8,1.0,1.0,1.0,0.9319999999999999,0.9303928571428572,HIGH
953,0.9285714285714286,1.0,1.0,1.0,0.9337857142857143,0.613,0.8,1.0,1.0,1.0,0.9319999999999999,0.9303928571428572,HIGH
954,0.9285714285714286,1.0,1.0,1.0,0.9337857142857143,0.613,0.8,1.0,1.0,1.0,0.9319999999999999,0.9303928571428572,HIGH
955,0.9285714285714286,1.0,0.0,1.0,0.9337857142857143,0.613,0.8,1.0,1.0,1.0,0.9319999999999999,0.8303928571428573,HIGH
956,0.9285714285714286,1.0,1.0,1.0,0.9337857142857143,0.613,0.8,1.0,1.0,1.0,0.9319999999999999,0.9303928571428572,HIGH
957,0.9285714285714286,1.0,0.0,1.0,0.9337857142857143,0.613,0.8,1.0,1.0,1.0,0.9319999999999999,0.8303928571428573,HIGH
958,0.9285714285714286,1.0,1.0,1.0,0.9337857142857143,0.613,0.8,1.0,1.0,1.0,0.9319999999999999,0.9303928571428572,HIGH
959,0.9285714285714286,1.0,1.0,1.0,0.9337857142857143,0.613,0.8,1.0,1.0,1.0,0.9319999999999999,0.9303928571428572,HIGH
960,0.9285714285714286,1.0,0.0,1.0,0.9337857142857143,0.613,0.8,1.0,1.0,1.0,0.9319999999999999,0.8303928571428573,HIGH
961,0.9285714285714286,1.0,0.0,1.0,0.9337857142857143,0.613,0.8,1.0,1.0,1.0,0.9319999999999999,0.8303928571428573,HIGH
962,0.9285714285714286,1.0,1.0,1.0,0.9337857142857143,0.613,0.8,1.0,1.0,1.0,0.9319999999999999,0.9303928571428572,HIGH
963,0.9285714285714286,1.0,0.0,1.0,0.9337857142857143,0.613,0.8,1.0,1.0,1.0,0.9319999999999999,0.8303928571428573,HIGH
964,0.9285714285714286,1.0,0.0,1.0,0.9337857142857143,0.613,0.8,1.0,1.0,1.0,0.9319999999999999,0.8303928571428573,HIGH
965,0.9285714285714286,1.0,0.0,1.0,0.9337857142857143,0.613,0.8,1.0,1.0,1.0,0.9319999999999999,0.8303928571428573,HIGH
966,0.9285714285714286,1.0,0.0,1.0,0.9337857142857143,0.613,0.8,1.0,1.0,1.0,0.9319999999999999,0.8303928571428573,HIGH
967,0.9285714285714286,1.0,1.0,1.0,0.9337857142857143,0.613,0.8,1.0,1.0,1.0,0.9319999999999999,0.9303928571428572,HIGH
968,0.9285714285714286,1.0,1.0,1.0,0.9337857142857143,0.613,0.8,1.0,1.0,1.0,0.9319999999999999,0.9303928571428572,HIGH
969,0.9285714285714286,1.0,1.0,1.0,0.9337857142857143,0.613,0.8,1.0,1.0,1.0,0.9319999999999999,0.9303928571428572,HIGH
970,0.7857142857142857,1.0,1.0,1.0,0.9337857142857143,0.613,0.8,1.0,1.0,1.0,0.9319999999999999,0.9018214285714287,HIGH
971,0.9285714285714286,1.0,1.0,1.0,0.9337857142857143,0.613,0.8,1.0,1.0,1.0,0.9319999999999999,0.9303928571428572,HIGH
972,0.9285714285714286,1.0,0.0,1.0,0.9337857142857143,0.613,0.8,1.0,1.0,1.0,0.9319999999999999,0.8303928571428573,HIGH
973,0.9285714285714286,1.0,0.0,1.0,0.9337857142857143,0.613,0.8,1.0,1.0,1.0,0.9319999999999999,0.8303928571428573,HIGH
974,0.9285714285714286,1.0,1.0,1.0,0.9337857142857143,0.613,0.8,1.0,1.0,1.0,0.9319999999999999,0.9303928571428572,HIGH
975,0.9285714285714286,1.0,1.0,1.0,0.9337857142857143,0.613,0.8,1.0,1.0,1.0,0.9319999999999999,0.9303928571428572,HIGH
976,0.9285714285714286,1.0,0.0,1.0,0.9337857142857143,0.613,0.8,1.0,1.0,1.0,0.9319999999999999,0.8303928571428573,HIGH
977,0.9285714285714286,1.0,0.0,1.0,0.9337857142857143,0.613,0.8,1.0,1.0,1.0,0.9319999999999999,0.8303928571428573,HIGH
978,0.9285714285714286,1.0,0.0,1.0,0.9337857142857143,0.613,0.8,1.0,1.0,1.0,0.9319999999999999,0.8303928571428573,HIGH
979,0.9285714285714286,1.0,1.0,1.0,0.9337857142857143,0.613,0.8,1.0,1.0,1.0,0.9319999999999999,0.9303928571428572,HIGH
980,0.9285714285714286,1.0,1.0,1.0,0.9337857142857143,0.613,0.8,1.0,1.0,1.0,0.9319999999999999,0.9303928571428572,HIGH
981,0.9285714285714286,1.0,1.0,1.0,0.9337857142857143,0.613,0.8,1.0,1.0,1.0,0.9319999999999999,0.9303928571428572,HIGH
982,0.9285714285714286,1.0,1.0,1.0,0.9337857142857143,0.613,0.8,1.0,1.0,1.0,0.9319999999999999,0.9303928571428572,HIGH
983,0.9285714285714286,1.0,1.0,1.0,0.9337857142857143,0.613,0.8,1.0,1.0,1.0,0.9319999999999999,0.9303928571428572,HIGH
984,1.0,1.0,0.0,1.0,0.9337857142857143,0.613,0.8,1.0,1.0,1.0,0.9319999999999999,0.8446785714285715,HIGH
985,1.0,1.0,0.0,1.0,0.9337857142857143,0.613,0.8,1.0,1.0,1.0,0.9319999999999999,0.8446785714285715,HIGH
986,1.0,1.0,0.0,1.0,0.9337857142857143,0.613,0.8,1.0,1.0,1.0,0.9319999999999999,0.8446785714285715,HIGH
987,1.0,1.0,0.0,1.0,0.9337857142857143,0.613,0.8,1.0,1.0,1.0,0.9319999999999999,0.8446785714285715,HIGH
988,0.9285714285714286,1.0,1.0,1.0,0.9337857142857143,0.613,0.8,1.0,1.0,1.0,0.9319999999999999,0.9303928571428572,HIGH
989,1.0,1.0,0.0,1.0,0.9337857142857143,0.613,0.8,1.0,1.0,1.0,0.9319999999999999,0.8446785714285715,HIGH
990,1.0,1.0,0.0,1.0,0.9337857142857143,0.613,0.8,1.0,1.0,1.0,0.9319999999999999,0.8446785714285715,HIGH
991,0.9285714285714286,1.0,1.0,1.0,0.9337857142857143,0.613,0.8,1.0,1.0,1.0,0.9319999999999999,0.9303928571428572,HIGH
992,1.0,1.0,0.0,1.0,0.9337857142857143,0.613,0.8,1.0,1.0,1.0,0.9319999999999999,0.8446785714285715,HIGH
993,1.0,1.0,0.0,1.0,0.9337857142857143,0.613,0.8,1.0,1.0,1.0,0.9319999999999999,0.8446785714285715,HIGH
994,1.0,1.0,0.0,1.0,0.9337857142857143,0.613,0.8,1.0,1.0,1.0,0.9319999999999999,0.8446785714285715,HIGH
995,1.0,1.0,0.0,1.0,0.9337857142857143,0.613,0.8,1.0,1.0,1.0,0.9319999999999999,0.8446785714285715,HIGH
996,1.0,1.0,0.0,1.0,0.9337857142857143,0.613,0.8,1.0,1.0,1.0,0.9319999999999999,0.8446785714285715,HIGH
997,0.9285714285714286,1.0,1.0,1.0,0.9337857142857143,0.613,0.8,1.0,1.0,1.0,0.9319999999999999,0.9303928571428572,HIGH
998,1.0,1.0,0.0,1.0,0.9337857142857143,0.613,0.8,1.0,1.0,1.0,0.9319999999999999,0.8446785714285715,HIGH
999,1.0,1.0,0.0,1.0,0.9337857142857143,0.613,0.8,1.0,1.0,1.0,0.9319999999999999,0.8446785714285715,HIGH
